2026-05-27 10:20:45 [main] WARN  org.testng.TestNG - Ignoring duplicate listener : io.qameta.allure.testng.AllureTestNg
2026-05-27 10:20:45 [main] WARN  org.testng.TestNG - Ignoring duplicate listener : io.qameta.allure.testng.AllureTestNg
2026-05-27 10:20:45 [main] WARN  org.testng.TestNG - Ignoring duplicate listener : io.qameta.allure.testng.AllureTestNg
2026-05-27 10:20:45 [main] INFO  org.testng.internal.Utils - [TestNG] Running:
  C:\Users\STZ\EclipsWorkspace\NewSwagLab_Project\XMLFiles\testng.xml

2026-05-27 10:20:45 [main] INFO  com.swaglabtest.pages.BaseClass - Starting Test Suite setup...
2026-05-27 10:20:46 [main] INFO  com.swaglabtest.pages.BaseClass - ExcelDataProvider initialized
2026-05-27 10:20:46 [main] INFO  com.swaglabtest.pages.BaseClass - ConfigProvider initialized
2026-05-27 10:20:46 [main] INFO  com.swaglabtest.pages.BaseClass - Extent Reports XML configuration loaded
2026-05-27 10:20:46 [main] INFO  com.swaglabtest.pages.BaseClass - Extent Report initialized at: C:\Users\STZ\EclipsWorkspace\NewSwagLab_Project/Reports/AutomationReport.html
2026-05-27 10:20:46 [main] INFO  com.swaglabtest.pages.BaseClass - Initializing browser...
2026-05-27 10:20:46 [main] INFO  com.swaglabtest.pages.BaseClass - Browser selected: chrome
2026-05-27 10:20:48 [main] INFO  io.github.bonigarcia.wdm.WebDriverManager - Using chromedriver 148.0.7778.178 (resolved driver for Chrome 148)
2026-05-27 10:20:48 [main] INFO  io.github.bonigarcia.wdm.online.Downloader - Downloading https://storage.googleapis.com/chrome-for-testing-public/148.0.7778.178/win64/chromedriver-win64.zip
2026-05-27 10:20:51 [main] INFO  io.github.bonigarcia.wdm.online.Downloader - Extracting driver from compressed file chromedriver-win64.zip
2026-05-27 10:20:52 [main] INFO  io.github.bonigarcia.wdm.WebDriverManager - Exporting webdriver.chrome.driver as C:\Users\STZ\.cache\selenium\chromedriver\win64\148.0.7778.178\chromedriver.exe
2026-05-27 10:20:55 [main] INFO  com.swaglabtest.pages.BaseClass - Browser initialized successfully: chrome
2026-05-27 10:20:55 [main] INFO  com.swaglabtest.pages.BaseClass - Test started: UserLogingWithCredentials
2026-05-27 10:20:55 [main] INFO  com.swaglabtest.pages.BaseClass - Test Passed: UserLogingWithCredentials
2026-05-27 10:20:55 [main] INFO  com.swaglabtest.pages.BaseClass - Browser closed for class
2026-05-27 10:20:55 [main] INFO  com.swaglabtest.pages.BaseClass - Initializing browser...
2026-05-27 10:20:55 [main] INFO  com.swaglabtest.pages.BaseClass - Browser selected: chrome
2026-05-27 10:20:56 [main] INFO  io.github.bonigarcia.wdm.WebDriverManager - Using chromedriver 148.0.7778.178 (resolved driver for Chrome 148)
2026-05-27 10:20:56 [main] INFO  io.github.bonigarcia.wdm.online.Downloader - Downloading https://storage.googleapis.com/chrome-for-testing-public/148.0.7778.178/win64/chromedriver-win64.zip
2026-05-27 10:20:59 [main] INFO  io.github.bonigarcia.wdm.online.Downloader - Extracting driver from compressed file chromedriver-win64.zip
2026-05-27 10:20:59 [main] INFO  io.github.bonigarcia.wdm.WebDriverManager - Exporting webdriver.chrome.driver as C:\Users\STZ\.cache\selenium\chromedriver\win64\148.0.7778.178\chromedriver.exe
2026-05-27 10:21:01 [main] INFO  com.swaglabtest.pages.BaseClass - Browser initialized successfully: chrome
2026-05-27 10:21:01 [main] INFO  com.swaglabtest.pages.BaseClass - Test started: newPurchasing
2026-05-27 10:21:02 [main] ERROR com.swaglabtest.pages.BaseClass - Test Failed: newPurchasing
java.lang.NullPointerException: Cannot invoke "org.apache.poi.xssf.usermodel.XSSFCell.getStringCellValue()" because the return value of "org.apache.poi.xssf.usermodel.XSSFRow.getCell(int)" is null
	at com.swaglabtest.utility.ExcelDataProvider.getStringdata(ExcelDataProvider.java:28) ~[test-classes/:?]
	at com.swaglabtest.testcases.NewPurchaseTest.newPurchasing(NewPurchaseTest.java:53) ~[test-classes/:?]
	at java.base/jdk.internal.reflect.DirectMethodHandleAccessor.invoke(DirectMethodHandleAccessor.java:103) ~[?:?]
	at java.base/java.lang.reflect.Method.invoke(Method.java:580) ~[?:?]
	at org.testng.internal.invokers.MethodInvocationHelper.invokeMethod(MethodInvocationHelper.java:141) ~[testng-7.10.1.jar:7.10.1]
	at org.testng.internal.invokers.TestInvoker.invokeMethod(TestInvoker.java:686) ~[testng-7.10.1.jar:7.10.1]
	at org.testng.internal.invokers.TestInvoker.invokeTestMethod(TestInvoker.java:230) ~[testng-7.10.1.jar:7.10.1]
	at org.testng.internal.invokers.MethodRunner.runInSequence(MethodRunner.java:63) ~[testng-7.10.1.jar:7.10.1]
	at org.testng.internal.invokers.TestInvoker$MethodInvocationAgent.invoke(TestInvoker.java:992) ~[testng-7.10.1.jar:7.10.1]
	at org.testng.internal.invokers.TestInvoker.invokeTestMethods(TestInvoker.java:203) ~[testng-7.10.1.jar:7.10.1]
	at org.testng.internal.invokers.TestMethodWorker.invokeTestMethods(TestMethodWorker.java:154) ~[testng-7.10.1.jar:7.10.1]
	at org.testng.internal.invokers.TestMethodWorker.run(TestMethodWorker.java:134) ~[testng-7.10.1.jar:7.10.1]
	at java.base/java.util.ArrayList.forEach(ArrayList.java:1596) [?:?]
	at org.testng.TestRunner.privateRun(TestRunner.java:739) [testng-7.10.1.jar:7.10.1]
	at org.testng.TestRunner.run(TestRunner.java:614) [testng-7.10.1.jar:7.10.1]
	at org.testng.SuiteRunner.runTest(SuiteRunner.java:421) [testng-7.10.1.jar:7.10.1]
	at org.testng.SuiteRunner.runSequentially(SuiteRunner.java:413) [testng-7.10.1.jar:7.10.1]
	at org.testng.SuiteRunner.privateRun(SuiteRunner.java:373) [testng-7.10.1.jar:7.10.1]
	at org.testng.SuiteRunner.run(SuiteRunner.java:312) [testng-7.10.1.jar:7.10.1]
	at org.testng.SuiteRunnerWorker.runSuite(SuiteRunnerWorker.java:52) [testng-7.10.1.jar:7.10.1]
	at org.testng.SuiteRunnerWorker.run(SuiteRunnerWorker.java:95) [testng-7.10.1.jar:7.10.1]
	at org.testng.TestNG.runSuitesSequentially(TestNG.java:1274) [testng-7.10.1.jar:7.10.1]
	at org.testng.TestNG.runSuitesLocally(TestNG.java:1208) [testng-7.10.1.jar:7.10.1]
	at org.testng.TestNG.runSuites(TestNG.java:1112) [testng-7.10.1.jar:7.10.1]
	at org.testng.TestNG.run(TestNG.java:1079) [testng-7.10.1.jar:7.10.1]
	at org.testng.remote.AbstractRemoteTestNG.run(AbstractRemoteTestNG.java:115) [testng-remote.jar:?]
	at org.testng.remote.RemoteTestNG.initAndRun(RemoteTestNG.java:293) [testng-remote.jar:?]
	at org.testng.remote.RemoteTestNG.main(RemoteTestNG.java:91) [testng-remote.jar:?]
2026-05-27 10:21:02 [main] INFO  com.swaglabtest.pages.BaseClass - Browser closed for class
2026-05-27 10:21:02 [main] INFO  com.swaglabtest.pages.BaseClass - Initializing browser...
2026-05-27 10:21:02 [main] INFO  com.swaglabtest.pages.BaseClass - Browser selected: firefox
2026-05-27 10:21:03 [main] INFO  io.github.bonigarcia.wdm.WebDriverManager - Using geckodriver 0.36.0 (resolved driver for Firefox 150)
2026-05-27 10:21:03 [main] INFO  io.github.bonigarcia.wdm.WebDriverManager - Reading https://raw.githubusercontent.com/bonigarcia/webdrivermanager/master/docs/mirror/geckodriver to seek geckodriver
2026-05-27 10:21:03 [main] INFO  io.github.bonigarcia.wdm.online.Downloader - Downloading https://github.com/mozilla/geckodriver/releases/download/v0.36.0/geckodriver-v0.36.0-win64.zip
2026-05-27 10:21:05 [main] INFO  io.github.bonigarcia.wdm.online.Downloader - Extracting driver from compressed file geckodriver-v0.36.0-win64.zip
2026-05-27 10:21:05 [main] INFO  io.github.bonigarcia.wdm.WebDriverManager - Exporting webdriver.gecko.driver as C:\Users\STZ\.cache\selenium\geckodriver\win64\0.36.0\geckodriver.exe
2026-05-27 10:21:10 [main] INFO  com.swaglabtest.pages.BaseClass - Browser initialized successfully: firefox
2026-05-27 10:21:10 [main] INFO  com.swaglabtest.pages.BaseClass - Test started: UserLogingWithCredentials
2026-05-27 10:21:10 [main] INFO  com.swaglabtest.pages.BaseClass - Test Passed: UserLogingWithCredentials
2026-05-27 10:21:11 [main] INFO  com.swaglabtest.pages.BaseClass - Browser closed for class
2026-05-27 10:21:11 [main] INFO  com.swaglabtest.pages.BaseClass - Initializing browser...
2026-05-27 10:21:11 [main] INFO  com.swaglabtest.pages.BaseClass - Browser selected: firefox
2026-05-27 10:21:11 [main] INFO  io.github.bonigarcia.wdm.WebDriverManager - Using geckodriver 0.36.0 (resolved driver for Firefox 150)
2026-05-27 10:21:11 [main] INFO  io.github.bonigarcia.wdm.WebDriverManager - Exporting webdriver.gecko.driver as C:\Users\STZ\.cache\selenium\geckodriver\win64\0.36.0\geckodriver.exe
2026-05-27 10:21:25 [main] INFO  com.swaglabtest.pages.BaseClass - Browser initialized successfully: firefox
2026-05-27 10:21:25 [main] INFO  com.swaglabtest.pages.BaseClass - Test started: newPurchasing
2026-05-27 10:21:25 [main] ERROR com.swaglabtest.pages.BaseClass - Test Failed: newPurchasing
java.lang.NullPointerException: Cannot invoke "org.apache.poi.xssf.usermodel.XSSFCell.getStringCellValue()" because the return value of "org.apache.poi.xssf.usermodel.XSSFRow.getCell(int)" is null
	at com.swaglabtest.utility.ExcelDataProvider.getStringdata(ExcelDataProvider.java:28) ~[test-classes/:?]
	at com.swaglabtest.testcases.NewPurchaseTest.newPurchasing(NewPurchaseTest.java:53) ~[test-classes/:?]
	at java.base/jdk.internal.reflect.DirectMethodHandleAccessor.invoke(DirectMethodHandleAccessor.java:103) ~[?:?]
	at java.base/java.lang.reflect.Method.invoke(Method.java:580) ~[?:?]
	at org.testng.internal.invokers.MethodInvocationHelper.invokeMethod(MethodInvocationHelper.java:141) ~[testng-7.10.1.jar:7.10.1]
	at org.testng.internal.invokers.TestInvoker.invokeMethod(TestInvoker.java:686) ~[testng-7.10.1.jar:7.10.1]
	at org.testng.internal.invokers.TestInvoker.invokeTestMethod(TestInvoker.java:230) ~[testng-7.10.1.jar:7.10.1]
	at org.testng.internal.invokers.MethodRunner.runInSequence(MethodRunner.java:63) ~[testng-7.10.1.jar:7.10.1]
	at org.testng.internal.invokers.TestInvoker$MethodInvocationAgent.invoke(TestInvoker.java:992) ~[testng-7.10.1.jar:7.10.1]
	at org.testng.internal.invokers.TestInvoker.invokeTestMethods(TestInvoker.java:203) ~[testng-7.10.1.jar:7.10.1]
	at org.testng.internal.invokers.TestMethodWorker.invokeTestMethods(TestMethodWorker.java:154) ~[testng-7.10.1.jar:7.10.1]
	at org.testng.internal.invokers.TestMethodWorker.run(TestMethodWorker.java:134) ~[testng-7.10.1.jar:7.10.1]
	at java.base/java.util.ArrayList.forEach(ArrayList.java:1596) [?:?]
	at org.testng.TestRunner.privateRun(TestRunner.java:739) [testng-7.10.1.jar:7.10.1]
	at org.testng.TestRunner.run(TestRunner.java:614) [testng-7.10.1.jar:7.10.1]
	at org.testng.SuiteRunner.runTest(SuiteRunner.java:421) [testng-7.10.1.jar:7.10.1]
	at org.testng.SuiteRunner.runSequentially(SuiteRunner.java:413) [testng-7.10.1.jar:7.10.1]
	at org.testng.SuiteRunner.privateRun(SuiteRunner.java:373) [testng-7.10.1.jar:7.10.1]
	at org.testng.SuiteRunner.run(SuiteRunner.java:312) [testng-7.10.1.jar:7.10.1]
	at org.testng.SuiteRunnerWorker.runSuite(SuiteRunnerWorker.java:52) [testng-7.10.1.jar:7.10.1]
	at org.testng.SuiteRunnerWorker.run(SuiteRunnerWorker.java:95) [testng-7.10.1.jar:7.10.1]
	at org.testng.TestNG.runSuitesSequentially(TestNG.java:1274) [testng-7.10.1.jar:7.10.1]
	at org.testng.TestNG.runSuitesLocally(TestNG.java:1208) [testng-7.10.1.jar:7.10.1]
	at org.testng.TestNG.runSuites(TestNG.java:1112) [testng-7.10.1.jar:7.10.1]
	at org.testng.TestNG.run(TestNG.java:1079) [testng-7.10.1.jar:7.10.1]
	at org.testng.remote.AbstractRemoteTestNG.run(AbstractRemoteTestNG.java:115) [testng-remote.jar:?]
	at org.testng.remote.RemoteTestNG.initAndRun(RemoteTestNG.java:293) [testng-remote.jar:?]
	at org.testng.remote.RemoteTestNG.main(RemoteTestNG.java:91) [testng-remote.jar:?]
2026-05-27 10:21:26 [main] INFO  com.swaglabtest.pages.BaseClass - Browser closed for class
2026-05-27 10:21:26 [main] INFO  com.swaglabtest.pages.BaseClass - Extent Report flushed
2026-05-27 10:23:21 [main] INFO  org.testng.internal.Utils - [Utils] MethodGroupsHelper.collectMethodsByGroup() took 7 ms.
2026-05-27 10:23:21 [main] INFO  org.testng.internal.Utils - [Utils] MethodGroupsHelper.sortMethods() took 10 ms.
2026-05-27 10:23:21 [main] INFO  org.testng.internal.Utils - [Utils] MethodGroupsHelper.collectMethodsByGroup() took 0 ms.
2026-05-27 10:23:21 [main] INFO  org.testng.internal.Utils - [Utils] MethodGroupsHelper.sortMethods() took 0 ms.
2026-05-27 10:23:21 [main] INFO  org.testng.internal.Utils - [Utils] MethodGroupsHelper.collectMethodsByGroup() took 0 ms.
2026-05-27 10:23:21 [main] INFO  org.testng.internal.Utils - [Utils] MethodGroupsHelper.sortMethods() took 0 ms.
2026-05-27 10:23:21 [main] INFO  org.testng.internal.Utils - [Utils] MethodGroupsHelper.collectMethodsByGroup() took 0 ms.
2026-05-27 10:23:21 [main] INFO  org.testng.internal.Utils - [Utils] MethodGroupsHelper.sortMethods() took 0 ms.
2026-05-27 10:23:21 [main] INFO  org.testng.internal.Utils - [Utils] MethodGroupsHelper.collectMethodsByGroup() took 0 ms.
2026-05-27 10:23:21 [main] INFO  org.testng.internal.Utils - [Utils] MethodGroupsHelper.sortMethods() took 0 ms.
2026-05-27 10:23:21 [main] INFO  org.testng.internal.Utils - [Utils] MethodGroupsHelper.collectMethodsByGroup() took 0 ms.
2026-05-27 10:23:21 [main] INFO  org.testng.internal.Utils - [Utils] MethodGroupsHelper.sortMethods() took 1 ms.
2026-05-27 10:23:21 [main] INFO  org.testng.internal.Utils - [Utils] MethodGroupsHelper.collectMethodsByGroup() took 0 ms.
2026-05-27 10:23:21 [main] INFO  org.testng.internal.Utils - [Utils] MethodGroupsHelper.sortMethods() took 0 ms.
2026-05-27 10:23:21 [main] INFO  org.testng.internal.Utils - [Utils] MethodGroupsHelper.collectMethodsByGroup() took 0 ms.
2026-05-27 10:23:21 [main] INFO  org.testng.internal.Utils - [Utils] MethodGroupsHelper.sortMethods() took 0 ms.
2026-05-27 10:23:21 [main] INFO  org.testng.internal.Utils - [Utils] MethodGroupsHelper.collectMethodsByGroup() took 1 ms.
2026-05-27 10:23:21 [main] INFO  org.testng.internal.Utils - [Utils] MethodGroupsHelper.sortMethods() took 9 ms.
2026-05-27 10:23:21 [main] INFO  org.testng.internal.Utils - [Utils] MethodGroupsHelper.collectMethodsByGroup() took 0 ms.
2026-05-27 10:23:21 [main] INFO  org.testng.internal.Utils - [Utils] MethodGroupsHelper.sortMethods() took 0 ms.
2026-05-27 10:23:21 [main] INFO  org.testng.internal.Utils - [Utils] MethodGroupsHelper.collectMethodsByGroup() took 0 ms.
2026-05-27 10:23:21 [main] INFO  org.testng.internal.Utils - [Utils] MethodGroupsHelper.sortMethods() took 0 ms.
2026-05-27 10:23:21 [main] INFO  org.testng.internal.Utils - [Utils] MethodGroupsHelper.collectMethodsByGroup() took 0 ms.
2026-05-27 10:23:21 [main] INFO  org.testng.internal.Utils - [Utils] MethodGroupsHelper.sortMethods() took 0 ms.
2026-05-27 10:23:21 [main] INFO  org.testng.internal.Utils - [Utils] MethodGroupsHelper.collectMethodsByGroup() took 1 ms.
2026-05-27 10:23:21 [main] INFO  org.testng.internal.Utils - [Utils] MethodGroupsHelper.sortMethods() took 1 ms.
2026-05-27 10:23:21 [main] INFO  org.testng.internal.Utils - [Utils] MethodGroupsHelper.collectMethodsByGroup() took 0 ms.
2026-05-27 10:23:21 [main] INFO  org.testng.internal.Utils - [Utils] MethodGroupsHelper.sortMethods() took 0 ms.
2026-05-27 10:23:21 [main] INFO  org.testng.internal.Utils - [Utils] MethodGroupsHelper.collectMethodsByGroup() took 0 ms.
2026-05-27 10:23:21 [main] INFO  org.testng.internal.Utils - [Utils] MethodGroupsHelper.sortMethods() took 0 ms.
2026-05-27 10:23:21 [main] INFO  org.testng.internal.Utils - [TestNG] Running:
  C:\Users\STZ\AppData\Local\Temp\testng-eclipse-1224088310\testng-customsuite.xml

2026-05-27 10:23:21 [main] INFO  com.swaglabtest.pages.BaseClass - Starting Test Suite setup...
2026-05-27 10:23:22 [main] INFO  com.swaglabtest.pages.BaseClass - ExcelDataProvider initialized
2026-05-27 10:23:22 [main] INFO  com.swaglabtest.pages.BaseClass - ConfigProvider initialized
2026-05-27 10:23:22 [main] INFO  com.swaglabtest.pages.BaseClass - Extent Reports XML configuration loaded
2026-05-27 10:23:22 [main] INFO  com.swaglabtest.pages.BaseClass - Extent Report initialized at: C:\Users\STZ\EclipsWorkspace\NewSwagLab_Project/Reports/AutomationReport.html
2026-05-27 10:23:22 [main] INFO  org.testng.internal.Utils - [Utils] DynamicGraphHelper.createDynamicGraph() took 3 ms.
2026-05-27 10:23:22 [main] INFO  com.swaglabtest.pages.BaseClass - Initializing browser...
2026-05-27 10:23:22 [main] INFO  com.swaglabtest.pages.BaseClass - Browser selected: chrome
2026-05-27 10:23:25 [main] INFO  io.github.bonigarcia.wdm.WebDriverManager - Using chromedriver 148.0.7778.178 (resolved driver for Chrome 148)
2026-05-27 10:23:25 [main] INFO  io.github.bonigarcia.wdm.online.Downloader - Downloading https://storage.googleapis.com/chrome-for-testing-public/148.0.7778.178/win64/chromedriver-win64.zip
2026-05-27 10:23:29 [main] INFO  io.github.bonigarcia.wdm.online.Downloader - Extracting driver from compressed file chromedriver-win64.zip
2026-05-27 10:23:29 [main] INFO  io.github.bonigarcia.wdm.WebDriverManager - Exporting webdriver.chrome.driver as C:\Users\STZ\.cache\selenium\chromedriver\win64\148.0.7778.178\chromedriver.exe
2026-05-27 10:23:31 [main] INFO  com.swaglabtest.pages.BaseClass - Browser initialized successfully: chrome
2026-05-27 10:23:31 [main] INFO  com.swaglabtest.pages.BaseClass - Test started: newPurchasing
2026-05-27 10:23:32 [main] ERROR com.swaglabtest.pages.BaseClass - Test Failed: newPurchasing
java.lang.NullPointerException: Cannot invoke "org.apache.poi.xssf.usermodel.XSSFCell.getStringCellValue()" because the return value of "org.apache.poi.xssf.usermodel.XSSFRow.getCell(int)" is null
	at com.swaglabtest.utility.ExcelDataProvider.getStringdata(ExcelDataProvider.java:28) ~[test-classes/:?]
	at com.swaglabtest.testcases.NewPurchaseTest.newPurchasing(NewPurchaseTest.java:53) ~[test-classes/:?]
	at java.base/jdk.internal.reflect.DirectMethodHandleAccessor.invoke(DirectMethodHandleAccessor.java:103) ~[?:?]
	at java.base/java.lang.reflect.Method.invoke(Method.java:580) ~[?:?]
	at org.testng.internal.invokers.MethodInvocationHelper.invokeMethod(MethodInvocationHelper.java:141) ~[testng-7.10.1.jar:7.10.1]
	at org.testng.internal.invokers.TestInvoker.invokeMethod(TestInvoker.java:686) ~[testng-7.10.1.jar:7.10.1]
	at org.testng.internal.invokers.TestInvoker.invokeTestMethod(TestInvoker.java:230) ~[testng-7.10.1.jar:7.10.1]
	at org.testng.internal.invokers.MethodRunner.runInSequence(MethodRunner.java:63) ~[testng-7.10.1.jar:7.10.1]
	at org.testng.internal.invokers.TestInvoker$MethodInvocationAgent.invoke(TestInvoker.java:992) ~[testng-7.10.1.jar:7.10.1]
	at org.testng.internal.invokers.TestInvoker.invokeTestMethods(TestInvoker.java:203) ~[testng-7.10.1.jar:7.10.1]
	at org.testng.internal.invokers.TestMethodWorker.invokeTestMethods(TestMethodWorker.java:154) ~[testng-7.10.1.jar:7.10.1]
	at org.testng.internal.invokers.TestMethodWorker.run(TestMethodWorker.java:134) ~[testng-7.10.1.jar:7.10.1]
	at java.base/java.util.ArrayList.forEach(ArrayList.java:1596) [?:?]
	at org.testng.TestRunner.privateRun(TestRunner.java:739) [testng-7.10.1.jar:7.10.1]
	at org.testng.TestRunner.run(TestRunner.java:614) [testng-7.10.1.jar:7.10.1]
	at org.testng.SuiteRunner.runTest(SuiteRunner.java:421) [testng-7.10.1.jar:7.10.1]
	at org.testng.SuiteRunner.runSequentially(SuiteRunner.java:413) [testng-7.10.1.jar:7.10.1]
	at org.testng.SuiteRunner.privateRun(SuiteRunner.java:373) [testng-7.10.1.jar:7.10.1]
	at org.testng.SuiteRunner.run(SuiteRunner.java:312) [testng-7.10.1.jar:7.10.1]
	at org.testng.SuiteRunnerWorker.runSuite(SuiteRunnerWorker.java:52) [testng-7.10.1.jar:7.10.1]
	at org.testng.SuiteRunnerWorker.run(SuiteRunnerWorker.java:95) [testng-7.10.1.jar:7.10.1]
	at org.testng.TestNG.runSuitesSequentially(TestNG.java:1274) [testng-7.10.1.jar:7.10.1]
	at org.testng.TestNG.runSuitesLocally(TestNG.java:1208) [testng-7.10.1.jar:7.10.1]
	at org.testng.TestNG.runSuites(TestNG.java:1112) [testng-7.10.1.jar:7.10.1]
	at org.testng.TestNG.run(TestNG.java:1079) [testng-7.10.1.jar:7.10.1]
	at org.testng.remote.AbstractRemoteTestNG.run(AbstractRemoteTestNG.java:115) [testng-remote.jar:?]
	at org.testng.remote.RemoteTestNG.initAndRun(RemoteTestNG.java:293) [testng-remote.jar:?]
	at org.testng.remote.RemoteTestNG.main(RemoteTestNG.java:91) [testng-remote.jar:?]
2026-05-27 10:23:32 [main] INFO  com.swaglabtest.pages.BaseClass - Browser closed for class
2026-05-27 10:23:32 [main] INFO  com.swaglabtest.pages.BaseClass - Extent Report flushed
2026-05-27 10:23:33 [main] INFO  org.testng.internal.Utils - [TestNG] Time taken by org.testng.reporters.jq.Main@78128dd0: 69 ms
2026-05-27 10:23:33 [main] INFO  org.testng.internal.Utils - [TestNG] Time taken by org.testng.reporters.FailedReporter@4948daec: 13 ms
2026-05-27 10:23:33 [main] INFO  org.testng.internal.Utils - [TestNG] Time taken by org.testng.reporters.XMLReporter@156cfa20: 7 ms
2026-05-27 10:23:33 [main] INFO  org.testng.internal.Utils - [TestNG] Time taken by org.testng.reporters.EmailableReporter2@43786627: 26 ms
2026-05-27 10:23:33 [main] INFO  org.testng.internal.Utils - [TestNG] Time taken by org.testng.reporters.JUnitReportReporter@7956f93a: 24 ms
2026-05-27 10:23:33 [main] INFO  org.testng.internal.Utils - [TestNG] Time taken by org.testng.internal.ExitCodeListener@e3ed455: 0 ms
2026-05-27 10:24:54 [main] WARN  org.testng.TestNG - Ignoring duplicate listener : io.qameta.allure.testng.AllureTestNg
2026-05-27 10:24:54 [main] WARN  org.testng.TestNG - Ignoring duplicate listener : io.qameta.allure.testng.AllureTestNg
2026-05-27 10:24:54 [main] WARN  org.testng.TestNG - Ignoring duplicate listener : io.qameta.allure.testng.AllureTestNg
2026-05-27 10:24:55 [main] INFO  org.testng.internal.Utils - [TestNG] Running:
  C:\Users\STZ\EclipsWorkspace\NewSwagLab_Project\XMLFiles\testng.xml

2026-05-27 10:24:55 [main] INFO  com.swaglabtest.pages.BaseClass - Starting Test Suite setup...
2026-05-27 10:24:55 [main] INFO  com.swaglabtest.pages.BaseClass - ExcelDataProvider initialized
2026-05-27 10:24:55 [main] INFO  com.swaglabtest.pages.BaseClass - ConfigProvider initialized
2026-05-27 10:24:55 [main] INFO  com.swaglabtest.pages.BaseClass - Extent Reports XML configuration loaded
2026-05-27 10:24:56 [main] INFO  com.swaglabtest.pages.BaseClass - Extent Report initialized at: C:\Users\STZ\EclipsWorkspace\NewSwagLab_Project/Reports/AutomationReport.html
2026-05-27 10:24:56 [main] INFO  com.swaglabtest.pages.BaseClass - Initializing browser...
2026-05-27 10:24:56 [main] INFO  com.swaglabtest.pages.BaseClass - Browser selected: chrome
2026-05-27 10:24:57 [main] INFO  io.github.bonigarcia.wdm.WebDriverManager - Using chromedriver 148.0.7778.178 (resolved driver for Chrome 148)
2026-05-27 10:24:58 [main] INFO  io.github.bonigarcia.wdm.online.Downloader - Downloading https://storage.googleapis.com/chrome-for-testing-public/148.0.7778.178/win64/chromedriver-win64.zip
2026-05-27 10:25:00 [main] INFO  io.github.bonigarcia.wdm.online.Downloader - Extracting driver from compressed file chromedriver-win64.zip
2026-05-27 10:25:00 [main] INFO  io.github.bonigarcia.wdm.WebDriverManager - Exporting webdriver.chrome.driver as C:\Users\STZ\.cache\selenium\chromedriver\win64\148.0.7778.178\chromedriver.exe
2026-05-27 10:25:03 [main] INFO  com.swaglabtest.pages.BaseClass - Browser initialized successfully: chrome
2026-05-27 10:25:03 [main] INFO  com.swaglabtest.pages.BaseClass - Test started: UserLogingWithCredentials
2026-05-27 10:25:03 [main] INFO  com.swaglabtest.pages.BaseClass - Test Passed: UserLogingWithCredentials
2026-05-27 10:25:03 [main] INFO  com.swaglabtest.pages.BaseClass - Browser closed for class
2026-05-27 10:25:03 [main] INFO  com.swaglabtest.pages.BaseClass - Initializing browser...
2026-05-27 10:25:03 [main] INFO  com.swaglabtest.pages.BaseClass - Browser selected: chrome
2026-05-27 10:25:05 [main] INFO  io.github.bonigarcia.wdm.WebDriverManager - Using chromedriver 148.0.7778.178 (resolved driver for Chrome 148)
2026-05-27 10:25:05 [main] INFO  io.github.bonigarcia.wdm.online.Downloader - Downloading https://storage.googleapis.com/chrome-for-testing-public/148.0.7778.178/win64/chromedriver-win64.zip
2026-05-27 10:25:10 [main] INFO  io.github.bonigarcia.wdm.online.Downloader - Extracting driver from compressed file chromedriver-win64.zip
2026-05-27 10:25:10 [main] INFO  io.github.bonigarcia.wdm.WebDriverManager - Exporting webdriver.chrome.driver as C:\Users\STZ\.cache\selenium\chromedriver\win64\148.0.7778.178\chromedriver.exe
2026-05-27 10:25:13 [main] INFO  com.swaglabtest.pages.BaseClass - Browser initialized successfully: chrome
2026-05-27 10:25:13 [main] INFO  com.swaglabtest.pages.BaseClass - Test started: newPurchasing
2026-05-27 10:25:13 [main] ERROR com.swaglabtest.pages.BaseClass - Test Failed: newPurchasing
java.lang.NullPointerException: Cannot invoke "org.apache.poi.xssf.usermodel.XSSFCell.getStringCellValue()" because the return value of "org.apache.poi.xssf.usermodel.XSSFRow.getCell(int)" is null
	at com.swaglabtest.utility.ExcelDataProvider.getStringdata(ExcelDataProvider.java:28) ~[test-classes/:?]
	at com.swaglabtest.testcases.NewPurchaseTest.newPurchasing(NewPurchaseTest.java:53) ~[test-classes/:?]
	at java.base/jdk.internal.reflect.DirectMethodHandleAccessor.invoke(DirectMethodHandleAccessor.java:103) ~[?:?]
	at java.base/java.lang.reflect.Method.invoke(Method.java:580) ~[?:?]
	at org.testng.internal.invokers.MethodInvocationHelper.invokeMethod(MethodInvocationHelper.java:141) ~[testng-7.10.1.jar:7.10.1]
	at org.testng.internal.invokers.TestInvoker.invokeMethod(TestInvoker.java:686) ~[testng-7.10.1.jar:7.10.1]
	at org.testng.internal.invokers.TestInvoker.invokeTestMethod(TestInvoker.java:230) ~[testng-7.10.1.jar:7.10.1]
	at org.testng.internal.invokers.MethodRunner.runInSequence(MethodRunner.java:63) ~[testng-7.10.1.jar:7.10.1]
	at org.testng.internal.invokers.TestInvoker$MethodInvocationAgent.invoke(TestInvoker.java:992) ~[testng-7.10.1.jar:7.10.1]
	at org.testng.internal.invokers.TestInvoker.invokeTestMethods(TestInvoker.java:203) ~[testng-7.10.1.jar:7.10.1]
	at org.testng.internal.invokers.TestMethodWorker.invokeTestMethods(TestMethodWorker.java:154) ~[testng-7.10.1.jar:7.10.1]
	at org.testng.internal.invokers.TestMethodWorker.run(TestMethodWorker.java:134) ~[testng-7.10.1.jar:7.10.1]
	at java.base/java.util.ArrayList.forEach(ArrayList.java:1596) [?:?]
	at org.testng.TestRunner.privateRun(TestRunner.java:739) [testng-7.10.1.jar:7.10.1]
	at org.testng.TestRunner.run(TestRunner.java:614) [testng-7.10.1.jar:7.10.1]
	at org.testng.SuiteRunner.runTest(SuiteRunner.java:421) [testng-7.10.1.jar:7.10.1]
	at org.testng.SuiteRunner.runSequentially(SuiteRunner.java:413) [testng-7.10.1.jar:7.10.1]
	at org.testng.SuiteRunner.privateRun(SuiteRunner.java:373) [testng-7.10.1.jar:7.10.1]
	at org.testng.SuiteRunner.run(SuiteRunner.java:312) [testng-7.10.1.jar:7.10.1]
	at org.testng.SuiteRunnerWorker.runSuite(SuiteRunnerWorker.java:52) [testng-7.10.1.jar:7.10.1]
	at org.testng.SuiteRunnerWorker.run(SuiteRunnerWorker.java:95) [testng-7.10.1.jar:7.10.1]
	at org.testng.TestNG.runSuitesSequentially(TestNG.java:1274) [testng-7.10.1.jar:7.10.1]
	at org.testng.TestNG.runSuitesLocally(TestNG.java:1208) [testng-7.10.1.jar:7.10.1]
	at org.testng.TestNG.runSuites(TestNG.java:1112) [testng-7.10.1.jar:7.10.1]
	at org.testng.TestNG.run(TestNG.java:1079) [testng-7.10.1.jar:7.10.1]
	at org.testng.remote.AbstractRemoteTestNG.run(AbstractRemoteTestNG.java:115) [testng-remote.jar:?]
	at org.testng.remote.RemoteTestNG.initAndRun(RemoteTestNG.java:293) [testng-remote.jar:?]
	at org.testng.remote.RemoteTestNG.main(RemoteTestNG.java:91) [testng-remote.jar:?]
2026-05-27 10:25:13 [main] INFO  com.swaglabtest.pages.BaseClass - Browser closed for class
2026-05-27 10:25:13 [main] INFO  com.swaglabtest.pages.BaseClass - Initializing browser...
2026-05-27 10:25:13 [main] INFO  com.swaglabtest.pages.BaseClass - Browser selected: firefox
2026-05-27 10:25:14 [main] INFO  io.github.bonigarcia.wdm.WebDriverManager - Using geckodriver 0.36.0 (resolved driver for Firefox 150)
2026-05-27 10:25:14 [main] INFO  io.github.bonigarcia.wdm.WebDriverManager - Reading https://raw.githubusercontent.com/bonigarcia/webdrivermanager/master/docs/mirror/geckodriver to seek geckodriver
2026-05-27 10:25:14 [main] INFO  io.github.bonigarcia.wdm.online.Downloader - Downloading https://github.com/mozilla/geckodriver/releases/download/v0.36.0/geckodriver-v0.36.0-win64.zip
2026-05-27 10:25:16 [main] INFO  io.github.bonigarcia.wdm.online.Downloader - Extracting driver from compressed file geckodriver-v0.36.0-win64.zip
2026-05-27 10:25:16 [main] INFO  io.github.bonigarcia.wdm.WebDriverManager - Exporting webdriver.gecko.driver as C:\Users\STZ\.cache\selenium\geckodriver\win64\0.36.0\geckodriver.exe
2026-05-27 10:25:20 [main] INFO  com.swaglabtest.pages.BaseClass - Browser initialized successfully: firefox
2026-05-27 10:25:20 [main] INFO  com.swaglabtest.pages.BaseClass - Test started: UserLogingWithCredentials
2026-05-27 10:25:21 [main] INFO  com.swaglabtest.pages.BaseClass - Test Passed: UserLogingWithCredentials
2026-05-27 10:25:21 [main] INFO  com.swaglabtest.pages.BaseClass - Browser closed for class
2026-05-27 10:25:21 [main] INFO  com.swaglabtest.pages.BaseClass - Initializing browser...
2026-05-27 10:25:21 [main] INFO  com.swaglabtest.pages.BaseClass - Browser selected: firefox
2026-05-27 10:25:22 [main] INFO  io.github.bonigarcia.wdm.WebDriverManager - Using geckodriver 0.36.0 (resolved driver for Firefox 150)
2026-05-27 10:25:22 [main] INFO  io.github.bonigarcia.wdm.WebDriverManager - Exporting webdriver.gecko.driver as C:\Users\STZ\.cache\selenium\geckodriver\win64\0.36.0\geckodriver.exe
2026-05-27 10:25:27 [main] INFO  com.swaglabtest.pages.BaseClass - Browser initialized successfully: firefox
2026-05-27 10:25:27 [main] INFO  com.swaglabtest.pages.BaseClass - Test started: newPurchasing
2026-05-27 10:25:27 [main] ERROR com.swaglabtest.pages.BaseClass - Test Failed: newPurchasing
java.lang.NullPointerException: Cannot invoke "org.apache.poi.xssf.usermodel.XSSFCell.getStringCellValue()" because the return value of "org.apache.poi.xssf.usermodel.XSSFRow.getCell(int)" is null
	at com.swaglabtest.utility.ExcelDataProvider.getStringdata(ExcelDataProvider.java:28) ~[test-classes/:?]
	at com.swaglabtest.testcases.NewPurchaseTest.newPurchasing(NewPurchaseTest.java:53) ~[test-classes/:?]
	at java.base/jdk.internal.reflect.DirectMethodHandleAccessor.invoke(DirectMethodHandleAccessor.java:103) ~[?:?]
	at java.base/java.lang.reflect.Method.invoke(Method.java:580) ~[?:?]
	at org.testng.internal.invokers.MethodInvocationHelper.invokeMethod(MethodInvocationHelper.java:141) ~[testng-7.10.1.jar:7.10.1]
	at org.testng.internal.invokers.TestInvoker.invokeMethod(TestInvoker.java:686) ~[testng-7.10.1.jar:7.10.1]
	at org.testng.internal.invokers.TestInvoker.invokeTestMethod(TestInvoker.java:230) ~[testng-7.10.1.jar:7.10.1]
	at org.testng.internal.invokers.MethodRunner.runInSequence(MethodRunner.java:63) ~[testng-7.10.1.jar:7.10.1]
	at org.testng.internal.invokers.TestInvoker$MethodInvocationAgent.invoke(TestInvoker.java:992) ~[testng-7.10.1.jar:7.10.1]
	at org.testng.internal.invokers.TestInvoker.invokeTestMethods(TestInvoker.java:203) ~[testng-7.10.1.jar:7.10.1]
	at org.testng.internal.invokers.TestMethodWorker.invokeTestMethods(TestMethodWorker.java:154) ~[testng-7.10.1.jar:7.10.1]
	at org.testng.internal.invokers.TestMethodWorker.run(TestMethodWorker.java:134) ~[testng-7.10.1.jar:7.10.1]
	at java.base/java.util.ArrayList.forEach(ArrayList.java:1596) [?:?]
	at org.testng.TestRunner.privateRun(TestRunner.java:739) [testng-7.10.1.jar:7.10.1]
	at org.testng.TestRunner.run(TestRunner.java:614) [testng-7.10.1.jar:7.10.1]
	at org.testng.SuiteRunner.runTest(SuiteRunner.java:421) [testng-7.10.1.jar:7.10.1]
	at org.testng.SuiteRunner.runSequentially(SuiteRunner.java:413) [testng-7.10.1.jar:7.10.1]
	at org.testng.SuiteRunner.privateRun(SuiteRunner.java:373) [testng-7.10.1.jar:7.10.1]
	at org.testng.SuiteRunner.run(SuiteRunner.java:312) [testng-7.10.1.jar:7.10.1]
	at org.testng.SuiteRunnerWorker.runSuite(SuiteRunnerWorker.java:52) [testng-7.10.1.jar:7.10.1]
	at org.testng.SuiteRunnerWorker.run(SuiteRunnerWorker.java:95) [testng-7.10.1.jar:7.10.1]
	at org.testng.TestNG.runSuitesSequentially(TestNG.java:1274) [testng-7.10.1.jar:7.10.1]
	at org.testng.TestNG.runSuitesLocally(TestNG.java:1208) [testng-7.10.1.jar:7.10.1]
	at org.testng.TestNG.runSuites(TestNG.java:1112) [testng-7.10.1.jar:7.10.1]
	at org.testng.TestNG.run(TestNG.java:1079) [testng-7.10.1.jar:7.10.1]
	at org.testng.remote.AbstractRemoteTestNG.run(AbstractRemoteTestNG.java:115) [testng-remote.jar:?]
	at org.testng.remote.RemoteTestNG.initAndRun(RemoteTestNG.java:293) [testng-remote.jar:?]
	at org.testng.remote.RemoteTestNG.main(RemoteTestNG.java:91) [testng-remote.jar:?]
2026-05-27 10:25:29 [main] INFO  com.swaglabtest.pages.BaseClass - Browser closed for class
2026-05-27 10:25:29 [main] INFO  com.swaglabtest.pages.BaseClass - Extent Report flushed
2026-05-27 10:30:02 [main] INFO  org.testng.internal.Utils - [Utils] MethodGroupsHelper.collectMethodsByGroup() took 6 ms.
2026-05-27 10:30:02 [main] INFO  org.testng.internal.Utils - [Utils] MethodGroupsHelper.sortMethods() took 9 ms.
2026-05-27 10:30:02 [main] INFO  org.testng.internal.Utils - [Utils] MethodGroupsHelper.collectMethodsByGroup() took 0 ms.
2026-05-27 10:30:02 [main] INFO  org.testng.internal.Utils - [Utils] MethodGroupsHelper.sortMethods() took 1 ms.
2026-05-27 10:30:02 [main] INFO  org.testng.internal.Utils - [Utils] MethodGroupsHelper.collectMethodsByGroup() took 0 ms.
2026-05-27 10:30:02 [main] INFO  org.testng.internal.Utils - [Utils] MethodGroupsHelper.sortMethods() took 0 ms.
2026-05-27 10:30:02 [main] INFO  org.testng.internal.Utils - [Utils] MethodGroupsHelper.collectMethodsByGroup() took 0 ms.
2026-05-27 10:30:02 [main] INFO  org.testng.internal.Utils - [Utils] MethodGroupsHelper.sortMethods() took 0 ms.
2026-05-27 10:30:02 [main] INFO  org.testng.internal.Utils - [Utils] MethodGroupsHelper.collectMethodsByGroup() took 0 ms.
2026-05-27 10:30:02 [main] INFO  org.testng.internal.Utils - [Utils] MethodGroupsHelper.sortMethods() took 0 ms.
2026-05-27 10:30:02 [main] INFO  org.testng.internal.Utils - [Utils] MethodGroupsHelper.collectMethodsByGroup() took 0 ms.
2026-05-27 10:30:02 [main] INFO  org.testng.internal.Utils - [Utils] MethodGroupsHelper.sortMethods() took 0 ms.
2026-05-27 10:30:02 [main] INFO  org.testng.internal.Utils - [Utils] MethodGroupsHelper.collectMethodsByGroup() took 0 ms.
2026-05-27 10:30:02 [main] INFO  org.testng.internal.Utils - [Utils] MethodGroupsHelper.sortMethods() took 0 ms.
2026-05-27 10:30:02 [main] INFO  org.testng.internal.Utils - [Utils] MethodGroupsHelper.collectMethodsByGroup() took 0 ms.
2026-05-27 10:30:02 [main] INFO  org.testng.internal.Utils - [Utils] MethodGroupsHelper.sortMethods() took 0 ms.
2026-05-27 10:30:02 [main] INFO  org.testng.internal.Utils - [Utils] MethodGroupsHelper.collectMethodsByGroup() took 0 ms.
2026-05-27 10:30:02 [main] INFO  org.testng.internal.Utils - [Utils] MethodGroupsHelper.sortMethods() took 8 ms.
2026-05-27 10:30:02 [main] INFO  org.testng.internal.Utils - [Utils] MethodGroupsHelper.collectMethodsByGroup() took 0 ms.
2026-05-27 10:30:02 [main] INFO  org.testng.internal.Utils - [Utils] MethodGroupsHelper.sortMethods() took 0 ms.
2026-05-27 10:30:02 [main] INFO  org.testng.internal.Utils - [Utils] MethodGroupsHelper.collectMethodsByGroup() took 0 ms.
2026-05-27 10:30:02 [main] INFO  org.testng.internal.Utils - [Utils] MethodGroupsHelper.sortMethods() took 0 ms.
2026-05-27 10:30:02 [main] INFO  org.testng.internal.Utils - [Utils] MethodGroupsHelper.collectMethodsByGroup() took 0 ms.
2026-05-27 10:30:02 [main] INFO  org.testng.internal.Utils - [Utils] MethodGroupsHelper.sortMethods() took 0 ms.
2026-05-27 10:30:02 [main] INFO  org.testng.internal.Utils - [Utils] MethodGroupsHelper.collectMethodsByGroup() took 0 ms.
2026-05-27 10:30:02 [main] INFO  org.testng.internal.Utils - [Utils] MethodGroupsHelper.sortMethods() took 0 ms.
2026-05-27 10:30:02 [main] INFO  org.testng.internal.Utils - [Utils] MethodGroupsHelper.collectMethodsByGroup() took 0 ms.
2026-05-27 10:30:02 [main] INFO  org.testng.internal.Utils - [Utils] MethodGroupsHelper.sortMethods() took 0 ms.
2026-05-27 10:30:02 [main] INFO  org.testng.internal.Utils - [Utils] MethodGroupsHelper.collectMethodsByGroup() took 0 ms.
2026-05-27 10:30:02 [main] INFO  org.testng.internal.Utils - [Utils] MethodGroupsHelper.sortMethods() took 1 ms.
2026-05-27 10:30:02 [main] INFO  org.testng.internal.Utils - [TestNG] Running:
  C:\Users\STZ\AppData\Local\Temp\testng-eclipse--310155675\testng-customsuite.xml

2026-05-27 10:30:02 [main] INFO  com.swaglabtest.pages.BaseClass - Starting Test Suite setup...
2026-05-27 10:30:03 [main] INFO  com.swaglabtest.pages.BaseClass - ExcelDataProvider initialized
2026-05-27 10:30:03 [main] INFO  com.swaglabtest.pages.BaseClass - ConfigProvider initialized
2026-05-27 10:30:03 [main] INFO  com.swaglabtest.pages.BaseClass - Extent Reports XML configuration loaded
2026-05-27 10:30:03 [main] INFO  com.swaglabtest.pages.BaseClass - Extent Report initialized at: C:\Users\STZ\EclipsWorkspace\NewSwagLab_Project/Reports/AutomationReport.html
2026-05-27 10:30:03 [main] INFO  org.testng.internal.Utils - [Utils] DynamicGraphHelper.createDynamicGraph() took 4 ms.
2026-05-27 10:30:03 [main] INFO  com.swaglabtest.pages.BaseClass - Initializing browser...
2026-05-27 10:30:03 [main] INFO  com.swaglabtest.pages.BaseClass - Browser selected: chrome
2026-05-27 10:30:05 [main] INFO  io.github.bonigarcia.wdm.WebDriverManager - Using chromedriver 148.0.7778.178 (resolved driver for Chrome 148)
2026-05-27 10:30:05 [main] INFO  io.github.bonigarcia.wdm.online.Downloader - Downloading https://storage.googleapis.com/chrome-for-testing-public/148.0.7778.178/win64/chromedriver-win64.zip
2026-05-27 10:30:11 [main] INFO  io.github.bonigarcia.wdm.online.Downloader - Extracting driver from compressed file chromedriver-win64.zip
2026-05-27 10:30:11 [main] INFO  io.github.bonigarcia.wdm.WebDriverManager - Exporting webdriver.chrome.driver as C:\Users\STZ\.cache\selenium\chromedriver\win64\148.0.7778.178\chromedriver.exe
2026-05-27 10:30:14 [main] INFO  com.swaglabtest.pages.BaseClass - Browser initialized successfully: chrome
2026-05-27 10:30:14 [main] INFO  com.swaglabtest.pages.BaseClass - Test started: newPurchasing
2026-05-27 10:30:15 [main] ERROR com.swaglabtest.pages.BaseClass - Test Failed: newPurchasing
java.lang.NullPointerException: Cannot invoke "org.apache.poi.xssf.usermodel.XSSFCell.getStringCellValue()" because the return value of "org.apache.poi.xssf.usermodel.XSSFRow.getCell(int)" is null
	at com.swaglabtest.utility.ExcelDataProvider.getStringdata(ExcelDataProvider.java:28) ~[test-classes/:?]
	at com.swaglabtest.testcases.NewPurchaseTest.newPurchasing(NewPurchaseTest.java:53) ~[test-classes/:?]
	at java.base/jdk.internal.reflect.DirectMethodHandleAccessor.invoke(DirectMethodHandleAccessor.java:103) ~[?:?]
	at java.base/java.lang.reflect.Method.invoke(Method.java:580) ~[?:?]
	at org.testng.internal.invokers.MethodInvocationHelper.invokeMethod(MethodInvocationHelper.java:141) ~[testng-7.10.1.jar:7.10.1]
	at org.testng.internal.invokers.TestInvoker.invokeMethod(TestInvoker.java:686) ~[testng-7.10.1.jar:7.10.1]
	at org.testng.internal.invokers.TestInvoker.invokeTestMethod(TestInvoker.java:230) ~[testng-7.10.1.jar:7.10.1]
	at org.testng.internal.invokers.MethodRunner.runInSequence(MethodRunner.java:63) ~[testng-7.10.1.jar:7.10.1]
	at org.testng.internal.invokers.TestInvoker$MethodInvocationAgent.invoke(TestInvoker.java:992) ~[testng-7.10.1.jar:7.10.1]
	at org.testng.internal.invokers.TestInvoker.invokeTestMethods(TestInvoker.java:203) ~[testng-7.10.1.jar:7.10.1]
	at org.testng.internal.invokers.TestMethodWorker.invokeTestMethods(TestMethodWorker.java:154) ~[testng-7.10.1.jar:7.10.1]
	at org.testng.internal.invokers.TestMethodWorker.run(TestMethodWorker.java:134) ~[testng-7.10.1.jar:7.10.1]
	at java.base/java.util.ArrayList.forEach(ArrayList.java:1596) [?:?]
	at org.testng.TestRunner.privateRun(TestRunner.java:739) [testng-7.10.1.jar:7.10.1]
	at org.testng.TestRunner.run(TestRunner.java:614) [testng-7.10.1.jar:7.10.1]
	at org.testng.SuiteRunner.runTest(SuiteRunner.java:421) [testng-7.10.1.jar:7.10.1]
	at org.testng.SuiteRunner.runSequentially(SuiteRunner.java:413) [testng-7.10.1.jar:7.10.1]
	at org.testng.SuiteRunner.privateRun(SuiteRunner.java:373) [testng-7.10.1.jar:7.10.1]
	at org.testng.SuiteRunner.run(SuiteRunner.java:312) [testng-7.10.1.jar:7.10.1]
	at org.testng.SuiteRunnerWorker.runSuite(SuiteRunnerWorker.java:52) [testng-7.10.1.jar:7.10.1]
	at org.testng.SuiteRunnerWorker.run(SuiteRunnerWorker.java:95) [testng-7.10.1.jar:7.10.1]
	at org.testng.TestNG.runSuitesSequentially(TestNG.java:1274) [testng-7.10.1.jar:7.10.1]
	at org.testng.TestNG.runSuitesLocally(TestNG.java:1208) [testng-7.10.1.jar:7.10.1]
	at org.testng.TestNG.runSuites(TestNG.java:1112) [testng-7.10.1.jar:7.10.1]
	at org.testng.TestNG.run(TestNG.java:1079) [testng-7.10.1.jar:7.10.1]
	at org.testng.remote.AbstractRemoteTestNG.run(AbstractRemoteTestNG.java:115) [testng-remote.jar:?]
	at org.testng.remote.RemoteTestNG.initAndRun(RemoteTestNG.java:293) [testng-remote.jar:?]
	at org.testng.remote.RemoteTestNG.main(RemoteTestNG.java:91) [testng-remote.jar:?]
2026-05-27 10:30:15 [main] INFO  com.swaglabtest.pages.BaseClass - Browser closed for class
2026-05-27 10:30:15 [main] INFO  com.swaglabtest.pages.BaseClass - Extent Report flushed
2026-05-27 10:30:15 [main] INFO  org.testng.internal.Utils - [TestNG] Time taken by org.testng.reporters.jq.Main@78128dd0: 80 ms
2026-05-27 10:30:15 [main] INFO  org.testng.internal.Utils - [TestNG] Time taken by org.testng.reporters.FailedReporter@4948daec: 16 ms
2026-05-27 10:30:15 [main] INFO  org.testng.internal.Utils - [TestNG] Time taken by org.testng.reporters.XMLReporter@156cfa20: 8 ms
2026-05-27 10:30:15 [main] INFO  org.testng.internal.Utils - [TestNG] Time taken by org.testng.reporters.EmailableReporter2@43786627: 7 ms
2026-05-27 10:30:15 [main] INFO  org.testng.internal.Utils - [TestNG] Time taken by org.testng.reporters.JUnitReportReporter@7956f93a: 7 ms
2026-05-27 10:30:15 [main] INFO  org.testng.internal.Utils - [TestNG] Time taken by org.testng.internal.ExitCodeListener@e3ed455: 0 ms
2026-05-27 10:40:00 [main] WARN  org.testng.TestNG - Ignoring duplicate listener : io.qameta.allure.testng.AllureTestNg
2026-05-27 10:40:00 [main] WARN  org.testng.TestNG - Ignoring duplicate listener : io.qameta.allure.testng.AllureTestNg
2026-05-27 10:40:00 [main] WARN  org.testng.TestNG - Ignoring duplicate listener : io.qameta.allure.testng.AllureTestNg
2026-05-27 10:40:00 [main] INFO  org.testng.internal.Utils - [TestNG] Running:
  C:\Users\STZ\EclipsWorkspace\NewSwagLab_Project\XMLFiles\testng.xml

2026-05-27 10:40:00 [main] INFO  com.swaglabtest.pages.BaseClass - Starting Test Suite setup...
2026-05-27 10:40:01 [main] INFO  com.swaglabtest.pages.BaseClass - ExcelDataProvider initialized
2026-05-27 10:40:01 [main] INFO  com.swaglabtest.pages.BaseClass - ConfigProvider initialized
2026-05-27 10:40:01 [main] INFO  com.swaglabtest.pages.BaseClass - Extent Reports XML configuration loaded
2026-05-27 10:40:01 [main] INFO  com.swaglabtest.pages.BaseClass - Extent Report initialized at: C:\Users\STZ\EclipsWorkspace\NewSwagLab_Project/Reports/AutomationReport.html
2026-05-27 10:40:01 [main] INFO  com.swaglabtest.pages.BaseClass - Initializing browser...
2026-05-27 10:40:01 [main] INFO  com.swaglabtest.pages.BaseClass - Browser selected: chrome
2026-05-27 10:40:03 [main] INFO  io.github.bonigarcia.wdm.WebDriverManager - Using chromedriver 148.0.7778.178 (resolved driver for Chrome 148)
2026-05-27 10:40:03 [main] INFO  io.github.bonigarcia.wdm.online.Downloader - Downloading https://storage.googleapis.com/chrome-for-testing-public/148.0.7778.178/win64/chromedriver-win64.zip
2026-05-27 10:40:06 [main] INFO  io.github.bonigarcia.wdm.online.Downloader - Extracting driver from compressed file chromedriver-win64.zip
2026-05-27 10:40:07 [main] INFO  io.github.bonigarcia.wdm.WebDriverManager - Exporting webdriver.chrome.driver as C:\Users\STZ\.cache\selenium\chromedriver\win64\148.0.7778.178\chromedriver.exe
2026-05-27 10:40:09 [main] INFO  com.swaglabtest.pages.BaseClass - Browser initialized successfully: chrome
2026-05-27 10:40:09 [main] INFO  com.swaglabtest.pages.BaseClass - Test started: UserLogingWithCredentials
2026-05-27 10:40:10 [main] INFO  com.swaglabtest.pages.BaseClass - Test Passed: UserLogingWithCredentials
2026-05-27 10:40:10 [main] INFO  com.swaglabtest.pages.BaseClass - Browser closed for class
2026-05-27 10:40:10 [main] INFO  com.swaglabtest.pages.BaseClass - Initializing browser...
2026-05-27 10:40:10 [main] INFO  com.swaglabtest.pages.BaseClass - Browser selected: chrome
2026-05-27 10:40:12 [main] INFO  io.github.bonigarcia.wdm.WebDriverManager - Using chromedriver 148.0.7778.178 (resolved driver for Chrome 148)
2026-05-27 10:40:12 [main] INFO  io.github.bonigarcia.wdm.online.Downloader - Downloading https://storage.googleapis.com/chrome-for-testing-public/148.0.7778.178/win64/chromedriver-win64.zip
2026-05-27 10:40:15 [main] INFO  io.github.bonigarcia.wdm.online.Downloader - Extracting driver from compressed file chromedriver-win64.zip
2026-05-27 10:40:16 [main] INFO  io.github.bonigarcia.wdm.WebDriverManager - Exporting webdriver.chrome.driver as C:\Users\STZ\.cache\selenium\chromedriver\win64\148.0.7778.178\chromedriver.exe
2026-05-27 10:40:18 [main] INFO  com.swaglabtest.pages.BaseClass - Browser initialized successfully: chrome
2026-05-27 10:40:18 [main] INFO  com.swaglabtest.pages.BaseClass - Test started: newPurchasing
2026-05-27 10:40:18 [main] ERROR com.swaglabtest.pages.BaseClass - Test Failed: newPurchasing
java.lang.NullPointerException: Cannot invoke "org.apache.poi.xssf.usermodel.XSSFCell.getStringCellValue()" because the return value of "org.apache.poi.xssf.usermodel.XSSFRow.getCell(int)" is null
	at com.swaglabtest.utility.ExcelDataProvider.getStringdata(ExcelDataProvider.java:28) ~[test-classes/:?]
	at com.swaglabtest.testcases.NewPurchaseTest.newPurchasing(NewPurchaseTest.java:53) ~[test-classes/:?]
	at java.base/jdk.internal.reflect.DirectMethodHandleAccessor.invoke(DirectMethodHandleAccessor.java:103) ~[?:?]
	at java.base/java.lang.reflect.Method.invoke(Method.java:580) ~[?:?]
	at org.testng.internal.invokers.MethodInvocationHelper.invokeMethod(MethodInvocationHelper.java:141) ~[testng-7.10.1.jar:7.10.1]
	at org.testng.internal.invokers.TestInvoker.invokeMethod(TestInvoker.java:686) ~[testng-7.10.1.jar:7.10.1]
	at org.testng.internal.invokers.TestInvoker.invokeTestMethod(TestInvoker.java:230) ~[testng-7.10.1.jar:7.10.1]
	at org.testng.internal.invokers.MethodRunner.runInSequence(MethodRunner.java:63) ~[testng-7.10.1.jar:7.10.1]
	at org.testng.internal.invokers.TestInvoker$MethodInvocationAgent.invoke(TestInvoker.java:992) ~[testng-7.10.1.jar:7.10.1]
	at org.testng.internal.invokers.TestInvoker.invokeTestMethods(TestInvoker.java:203) ~[testng-7.10.1.jar:7.10.1]
	at org.testng.internal.invokers.TestMethodWorker.invokeTestMethods(TestMethodWorker.java:154) ~[testng-7.10.1.jar:7.10.1]
	at org.testng.internal.invokers.TestMethodWorker.run(TestMethodWorker.java:134) ~[testng-7.10.1.jar:7.10.1]
	at java.base/java.util.ArrayList.forEach(ArrayList.java:1596) [?:?]
	at org.testng.TestRunner.privateRun(TestRunner.java:739) [testng-7.10.1.jar:7.10.1]
	at org.testng.TestRunner.run(TestRunner.java:614) [testng-7.10.1.jar:7.10.1]
	at org.testng.SuiteRunner.runTest(SuiteRunner.java:421) [testng-7.10.1.jar:7.10.1]
	at org.testng.SuiteRunner.runSequentially(SuiteRunner.java:413) [testng-7.10.1.jar:7.10.1]
	at org.testng.SuiteRunner.privateRun(SuiteRunner.java:373) [testng-7.10.1.jar:7.10.1]
	at org.testng.SuiteRunner.run(SuiteRunner.java:312) [testng-7.10.1.jar:7.10.1]
	at org.testng.SuiteRunnerWorker.runSuite(SuiteRunnerWorker.java:52) [testng-7.10.1.jar:7.10.1]
	at org.testng.SuiteRunnerWorker.run(SuiteRunnerWorker.java:95) [testng-7.10.1.jar:7.10.1]
	at org.testng.TestNG.runSuitesSequentially(TestNG.java:1274) [testng-7.10.1.jar:7.10.1]
	at org.testng.TestNG.runSuitesLocally(TestNG.java:1208) [testng-7.10.1.jar:7.10.1]
	at org.testng.TestNG.runSuites(TestNG.java:1112) [testng-7.10.1.jar:7.10.1]
	at org.testng.TestNG.run(TestNG.java:1079) [testng-7.10.1.jar:7.10.1]
	at org.testng.remote.AbstractRemoteTestNG.run(AbstractRemoteTestNG.java:115) [testng-remote.jar:?]
	at org.testng.remote.RemoteTestNG.initAndRun(RemoteTestNG.java:293) [testng-remote.jar:?]
	at org.testng.remote.RemoteTestNG.main(RemoteTestNG.java:91) [testng-remote.jar:?]
2026-05-27 10:40:18 [main] INFO  com.swaglabtest.pages.BaseClass - Browser closed for class
2026-05-27 10:40:18 [main] INFO  com.swaglabtest.pages.BaseClass - Initializing browser...
2026-05-27 10:40:18 [main] INFO  com.swaglabtest.pages.BaseClass - Browser selected: firefox
2026-05-27 10:40:19 [main] INFO  io.github.bonigarcia.wdm.WebDriverManager - Using geckodriver 0.36.0 (resolved driver for Firefox 150)
2026-05-27 10:40:19 [main] INFO  io.github.bonigarcia.wdm.WebDriverManager - Reading https://raw.githubusercontent.com/bonigarcia/webdrivermanager/master/docs/mirror/geckodriver to seek geckodriver
2026-05-27 10:40:19 [main] INFO  io.github.bonigarcia.wdm.online.Downloader - Downloading https://github.com/mozilla/geckodriver/releases/download/v0.36.0/geckodriver-v0.36.0-win64.zip
2026-05-27 10:40:21 [main] INFO  io.github.bonigarcia.wdm.online.Downloader - Extracting driver from compressed file geckodriver-v0.36.0-win64.zip
2026-05-27 10:40:21 [main] INFO  io.github.bonigarcia.wdm.WebDriverManager - Exporting webdriver.gecko.driver as C:\Users\STZ\.cache\selenium\geckodriver\win64\0.36.0\geckodriver.exe
2026-05-27 10:40:26 [main] INFO  com.swaglabtest.pages.BaseClass - Browser initialized successfully: firefox
2026-05-27 10:40:26 [main] INFO  com.swaglabtest.pages.BaseClass - Test started: UserLogingWithCredentials
2026-05-27 10:40:26 [main] INFO  com.swaglabtest.pages.BaseClass - Test Passed: UserLogingWithCredentials
2026-05-27 10:40:27 [main] INFO  com.swaglabtest.pages.BaseClass - Browser closed for class
2026-05-27 10:40:27 [main] INFO  com.swaglabtest.pages.BaseClass - Initializing browser...
2026-05-27 10:40:27 [main] INFO  com.swaglabtest.pages.BaseClass - Browser selected: firefox
2026-05-27 10:40:27 [main] INFO  io.github.bonigarcia.wdm.WebDriverManager - Using geckodriver 0.36.0 (resolved driver for Firefox 150)
2026-05-27 10:40:27 [main] INFO  io.github.bonigarcia.wdm.WebDriverManager - Exporting webdriver.gecko.driver as C:\Users\STZ\.cache\selenium\geckodriver\win64\0.36.0\geckodriver.exe
2026-05-27 10:40:32 [main] INFO  com.swaglabtest.pages.BaseClass - Browser initialized successfully: firefox
2026-05-27 10:40:32 [main] INFO  com.swaglabtest.pages.BaseClass - Test started: newPurchasing
2026-05-27 10:40:33 [main] ERROR com.swaglabtest.pages.BaseClass - Test Failed: newPurchasing
java.lang.NullPointerException: Cannot invoke "org.apache.poi.xssf.usermodel.XSSFCell.getStringCellValue()" because the return value of "org.apache.poi.xssf.usermodel.XSSFRow.getCell(int)" is null
	at com.swaglabtest.utility.ExcelDataProvider.getStringdata(ExcelDataProvider.java:28) ~[test-classes/:?]
	at com.swaglabtest.testcases.NewPurchaseTest.newPurchasing(NewPurchaseTest.java:53) ~[test-classes/:?]
	at java.base/jdk.internal.reflect.DirectMethodHandleAccessor.invoke(DirectMethodHandleAccessor.java:103) ~[?:?]
	at java.base/java.lang.reflect.Method.invoke(Method.java:580) ~[?:?]
	at org.testng.internal.invokers.MethodInvocationHelper.invokeMethod(MethodInvocationHelper.java:141) ~[testng-7.10.1.jar:7.10.1]
	at org.testng.internal.invokers.TestInvoker.invokeMethod(TestInvoker.java:686) ~[testng-7.10.1.jar:7.10.1]
	at org.testng.internal.invokers.TestInvoker.invokeTestMethod(TestInvoker.java:230) ~[testng-7.10.1.jar:7.10.1]
	at org.testng.internal.invokers.MethodRunner.runInSequence(MethodRunner.java:63) ~[testng-7.10.1.jar:7.10.1]
	at org.testng.internal.invokers.TestInvoker$MethodInvocationAgent.invoke(TestInvoker.java:992) ~[testng-7.10.1.jar:7.10.1]
	at org.testng.internal.invokers.TestInvoker.invokeTestMethods(TestInvoker.java:203) ~[testng-7.10.1.jar:7.10.1]
	at org.testng.internal.invokers.TestMethodWorker.invokeTestMethods(TestMethodWorker.java:154) ~[testng-7.10.1.jar:7.10.1]
	at org.testng.internal.invokers.TestMethodWorker.run(TestMethodWorker.java:134) ~[testng-7.10.1.jar:7.10.1]
	at java.base/java.util.ArrayList.forEach(ArrayList.java:1596) [?:?]
	at org.testng.TestRunner.privateRun(TestRunner.java:739) [testng-7.10.1.jar:7.10.1]
	at org.testng.TestRunner.run(TestRunner.java:614) [testng-7.10.1.jar:7.10.1]
	at org.testng.SuiteRunner.runTest(SuiteRunner.java:421) [testng-7.10.1.jar:7.10.1]
	at org.testng.SuiteRunner.runSequentially(SuiteRunner.java:413) [testng-7.10.1.jar:7.10.1]
	at org.testng.SuiteRunner.privateRun(SuiteRunner.java:373) [testng-7.10.1.jar:7.10.1]
	at org.testng.SuiteRunner.run(SuiteRunner.java:312) [testng-7.10.1.jar:7.10.1]
	at org.testng.SuiteRunnerWorker.runSuite(SuiteRunnerWorker.java:52) [testng-7.10.1.jar:7.10.1]
	at org.testng.SuiteRunnerWorker.run(SuiteRunnerWorker.java:95) [testng-7.10.1.jar:7.10.1]
	at org.testng.TestNG.runSuitesSequentially(TestNG.java:1274) [testng-7.10.1.jar:7.10.1]
	at org.testng.TestNG.runSuitesLocally(TestNG.java:1208) [testng-7.10.1.jar:7.10.1]
	at org.testng.TestNG.runSuites(TestNG.java:1112) [testng-7.10.1.jar:7.10.1]
	at org.testng.TestNG.run(TestNG.java:1079) [testng-7.10.1.jar:7.10.1]
	at org.testng.remote.AbstractRemoteTestNG.run(AbstractRemoteTestNG.java:115) [testng-remote.jar:?]
	at org.testng.remote.RemoteTestNG.initAndRun(RemoteTestNG.java:293) [testng-remote.jar:?]
	at org.testng.remote.RemoteTestNG.main(RemoteTestNG.java:91) [testng-remote.jar:?]
2026-05-27 10:40:33 [main] INFO  com.swaglabtest.pages.BaseClass - Browser closed for class
2026-05-27 10:40:34 [main] INFO  com.swaglabtest.pages.BaseClass - Extent Report flushed
2026-05-27 10:41:04 [main] INFO  org.testng.internal.Utils - [Utils] MethodGroupsHelper.collectMethodsByGroup() took 6 ms.
2026-05-27 10:41:04 [main] INFO  org.testng.internal.Utils - [Utils] MethodGroupsHelper.sortMethods() took 10 ms.
2026-05-27 10:41:04 [main] INFO  org.testng.internal.Utils - [Utils] MethodGroupsHelper.collectMethodsByGroup() took 0 ms.
2026-05-27 10:41:04 [main] INFO  org.testng.internal.Utils - [Utils] MethodGroupsHelper.sortMethods() took 0 ms.
2026-05-27 10:41:04 [main] INFO  org.testng.internal.Utils - [Utils] MethodGroupsHelper.collectMethodsByGroup() took 0 ms.
2026-05-27 10:41:04 [main] INFO  org.testng.internal.Utils - [Utils] MethodGroupsHelper.sortMethods() took 0 ms.
2026-05-27 10:41:04 [main] INFO  org.testng.internal.Utils - [Utils] MethodGroupsHelper.collectMethodsByGroup() took 0 ms.
2026-05-27 10:41:04 [main] INFO  org.testng.internal.Utils - [Utils] MethodGroupsHelper.sortMethods() took 0 ms.
2026-05-27 10:41:04 [main] INFO  org.testng.internal.Utils - [Utils] MethodGroupsHelper.collectMethodsByGroup() took 0 ms.
2026-05-27 10:41:04 [main] INFO  org.testng.internal.Utils - [Utils] MethodGroupsHelper.sortMethods() took 0 ms.
2026-05-27 10:41:04 [main] INFO  org.testng.internal.Utils - [Utils] MethodGroupsHelper.collectMethodsByGroup() took 0 ms.
2026-05-27 10:41:04 [main] INFO  org.testng.internal.Utils - [Utils] MethodGroupsHelper.sortMethods() took 0 ms.
2026-05-27 10:41:04 [main] INFO  org.testng.internal.Utils - [Utils] MethodGroupsHelper.collectMethodsByGroup() took 0 ms.
2026-05-27 10:41:04 [main] INFO  org.testng.internal.Utils - [Utils] MethodGroupsHelper.sortMethods() took 0 ms.
2026-05-27 10:41:04 [main] INFO  org.testng.internal.Utils - [Utils] MethodGroupsHelper.collectMethodsByGroup() took 0 ms.
2026-05-27 10:41:04 [main] INFO  org.testng.internal.Utils - [Utils] MethodGroupsHelper.sortMethods() took 0 ms.
2026-05-27 10:41:04 [main] INFO  org.testng.internal.Utils - [Utils] MethodGroupsHelper.collectMethodsByGroup() took 0 ms.
2026-05-27 10:41:04 [main] INFO  org.testng.internal.Utils - [Utils] MethodGroupsHelper.sortMethods() took 8 ms.
2026-05-27 10:41:04 [main] INFO  org.testng.internal.Utils - [Utils] MethodGroupsHelper.collectMethodsByGroup() took 0 ms.
2026-05-27 10:41:04 [main] INFO  org.testng.internal.Utils - [Utils] MethodGroupsHelper.sortMethods() took 0 ms.
2026-05-27 10:41:04 [main] INFO  org.testng.internal.Utils - [Utils] MethodGroupsHelper.collectMethodsByGroup() took 0 ms.
2026-05-27 10:41:04 [main] INFO  org.testng.internal.Utils - [Utils] MethodGroupsHelper.sortMethods() took 0 ms.
2026-05-27 10:41:04 [main] INFO  org.testng.internal.Utils - [Utils] MethodGroupsHelper.collectMethodsByGroup() took 0 ms.
2026-05-27 10:41:04 [main] INFO  org.testng.internal.Utils - [Utils] MethodGroupsHelper.sortMethods() took 0 ms.
2026-05-27 10:41:04 [main] INFO  org.testng.internal.Utils - [Utils] MethodGroupsHelper.collectMethodsByGroup() took 0 ms.
2026-05-27 10:41:04 [main] INFO  org.testng.internal.Utils - [Utils] MethodGroupsHelper.sortMethods() took 0 ms.
2026-05-27 10:41:04 [main] INFO  org.testng.internal.Utils - [Utils] MethodGroupsHelper.collectMethodsByGroup() took 0 ms.
2026-05-27 10:41:04 [main] INFO  org.testng.internal.Utils - [Utils] MethodGroupsHelper.sortMethods() took 0 ms.
2026-05-27 10:41:04 [main] INFO  org.testng.internal.Utils - [Utils] MethodGroupsHelper.collectMethodsByGroup() took 0 ms.
2026-05-27 10:41:04 [main] INFO  org.testng.internal.Utils - [Utils] MethodGroupsHelper.sortMethods() took 0 ms.
2026-05-27 10:41:04 [main] INFO  org.testng.internal.Utils - [TestNG] Running:
  C:\Users\STZ\AppData\Local\Temp\testng-eclipse--1788766480\testng-customsuite.xml

2026-05-27 10:41:04 [main] INFO  com.swaglabtest.pages.BaseClass - Starting Test Suite setup...
2026-05-27 10:41:05 [main] INFO  com.swaglabtest.pages.BaseClass - ExcelDataProvider initialized
2026-05-27 10:41:05 [main] INFO  com.swaglabtest.pages.BaseClass - ConfigProvider initialized
2026-05-27 10:41:05 [main] INFO  com.swaglabtest.pages.BaseClass - Extent Reports XML configuration loaded
2026-05-27 10:41:05 [main] INFO  com.swaglabtest.pages.BaseClass - Extent Report initialized at: C:\Users\STZ\EclipsWorkspace\NewSwagLab_Project/Reports/AutomationReport.html
2026-05-27 10:41:05 [main] INFO  org.testng.internal.Utils - [Utils] DynamicGraphHelper.createDynamicGraph() took 3 ms.
2026-05-27 10:41:05 [main] INFO  com.swaglabtest.pages.BaseClass - Initializing browser...
2026-05-27 10:41:05 [main] INFO  com.swaglabtest.pages.BaseClass - Browser selected: chrome
2026-05-27 10:41:07 [main] INFO  io.github.bonigarcia.wdm.WebDriverManager - Using chromedriver 148.0.7778.178 (resolved driver for Chrome 148)
2026-05-27 10:41:07 [main] INFO  io.github.bonigarcia.wdm.online.Downloader - Downloading https://storage.googleapis.com/chrome-for-testing-public/148.0.7778.178/win64/chromedriver-win64.zip
2026-05-27 10:41:12 [main] INFO  io.github.bonigarcia.wdm.online.Downloader - Extracting driver from compressed file chromedriver-win64.zip
2026-05-27 10:41:13 [main] INFO  io.github.bonigarcia.wdm.WebDriverManager - Exporting webdriver.chrome.driver as C:\Users\STZ\.cache\selenium\chromedriver\win64\148.0.7778.178\chromedriver.exe
2026-05-27 10:41:16 [main] INFO  com.swaglabtest.pages.BaseClass - Browser initialized successfully: chrome
2026-05-27 10:41:16 [main] INFO  com.swaglabtest.pages.BaseClass - Test started: UserLogingWithCredentials
2026-05-27 10:41:16 [main] INFO  com.swaglabtest.pages.BaseClass - Test Passed: UserLogingWithCredentials
2026-05-27 10:41:16 [main] INFO  com.swaglabtest.pages.BaseClass - Browser closed for class
2026-05-27 10:41:16 [main] INFO  com.swaglabtest.pages.BaseClass - Extent Report flushed
2026-05-27 10:41:16 [main] INFO  org.testng.internal.Utils - [TestNG] Time taken by org.testng.reporters.jq.Main@690df641: 90 ms
2026-05-27 10:41:16 [main] INFO  org.testng.internal.Utils - [TestNG] Time taken by org.testng.reporters.FailedReporter@7db791df: 0 ms
2026-05-27 10:41:16 [main] INFO  org.testng.internal.Utils - [TestNG] Time taken by org.testng.reporters.XMLReporter@9c0d0bd: 12 ms
2026-05-27 10:41:16 [main] INFO  org.testng.internal.Utils - [TestNG] Time taken by org.testng.reporters.EmailableReporter2@5bb7a59: 9 ms
2026-05-27 10:41:16 [main] INFO  org.testng.internal.Utils - [TestNG] Time taken by org.testng.reporters.JUnitReportReporter@754de353: 6 ms
2026-05-27 10:41:16 [main] INFO  org.testng.internal.Utils - [TestNG] Time taken by org.testng.internal.ExitCodeListener@ee2ae9a: 0 ms
2026-05-27 10:44:30 [main] INFO  org.testng.internal.Utils - [Utils] MethodGroupsHelper.collectMethodsByGroup() took 7 ms.
2026-05-27 10:44:30 [main] INFO  org.testng.internal.Utils - [Utils] MethodGroupsHelper.sortMethods() took 9 ms.
2026-05-27 10:44:30 [main] INFO  org.testng.internal.Utils - [Utils] MethodGroupsHelper.collectMethodsByGroup() took 0 ms.
2026-05-27 10:44:30 [main] INFO  org.testng.internal.Utils - [Utils] MethodGroupsHelper.sortMethods() took 0 ms.
2026-05-27 10:44:30 [main] INFO  org.testng.internal.Utils - [Utils] MethodGroupsHelper.collectMethodsByGroup() took 0 ms.
2026-05-27 10:44:30 [main] INFO  org.testng.internal.Utils - [Utils] MethodGroupsHelper.sortMethods() took 0 ms.
2026-05-27 10:44:30 [main] INFO  org.testng.internal.Utils - [Utils] MethodGroupsHelper.collectMethodsByGroup() took 0 ms.
2026-05-27 10:44:30 [main] INFO  org.testng.internal.Utils - [Utils] MethodGroupsHelper.sortMethods() took 0 ms.
2026-05-27 10:44:30 [main] INFO  org.testng.internal.Utils - [Utils] MethodGroupsHelper.collectMethodsByGroup() took 0 ms.
2026-05-27 10:44:30 [main] INFO  org.testng.internal.Utils - [Utils] MethodGroupsHelper.sortMethods() took 1 ms.
2026-05-27 10:44:30 [main] INFO  org.testng.internal.Utils - [Utils] MethodGroupsHelper.collectMethodsByGroup() took 0 ms.
2026-05-27 10:44:30 [main] INFO  org.testng.internal.Utils - [Utils] MethodGroupsHelper.sortMethods() took 0 ms.
2026-05-27 10:44:30 [main] INFO  org.testng.internal.Utils - [Utils] MethodGroupsHelper.collectMethodsByGroup() took 0 ms.
2026-05-27 10:44:30 [main] INFO  org.testng.internal.Utils - [Utils] MethodGroupsHelper.sortMethods() took 0 ms.
2026-05-27 10:44:30 [main] INFO  org.testng.internal.Utils - [Utils] MethodGroupsHelper.collectMethodsByGroup() took 0 ms.
2026-05-27 10:44:30 [main] INFO  org.testng.internal.Utils - [Utils] MethodGroupsHelper.sortMethods() took 0 ms.
2026-05-27 10:44:30 [main] INFO  org.testng.internal.Utils - [Utils] MethodGroupsHelper.collectMethodsByGroup() took 1 ms.
2026-05-27 10:44:30 [main] INFO  org.testng.internal.Utils - [Utils] MethodGroupsHelper.sortMethods() took 9 ms.
2026-05-27 10:44:30 [main] INFO  org.testng.internal.Utils - [Utils] MethodGroupsHelper.collectMethodsByGroup() took 0 ms.
2026-05-27 10:44:30 [main] INFO  org.testng.internal.Utils - [Utils] MethodGroupsHelper.sortMethods() took 0 ms.
2026-05-27 10:44:30 [main] INFO  org.testng.internal.Utils - [Utils] MethodGroupsHelper.collectMethodsByGroup() took 0 ms.
2026-05-27 10:44:30 [main] INFO  org.testng.internal.Utils - [Utils] MethodGroupsHelper.sortMethods() took 0 ms.
2026-05-27 10:44:30 [main] INFO  org.testng.internal.Utils - [Utils] MethodGroupsHelper.collectMethodsByGroup() took 0 ms.
2026-05-27 10:44:30 [main] INFO  org.testng.internal.Utils - [Utils] MethodGroupsHelper.sortMethods() took 1 ms.
2026-05-27 10:44:30 [main] INFO  org.testng.internal.Utils - [Utils] MethodGroupsHelper.collectMethodsByGroup() took 1 ms.
2026-05-27 10:44:30 [main] INFO  org.testng.internal.Utils - [Utils] MethodGroupsHelper.sortMethods() took 0 ms.
2026-05-27 10:44:30 [main] INFO  org.testng.internal.Utils - [Utils] MethodGroupsHelper.collectMethodsByGroup() took 0 ms.
2026-05-27 10:44:30 [main] INFO  org.testng.internal.Utils - [Utils] MethodGroupsHelper.sortMethods() took 0 ms.
2026-05-27 10:44:30 [main] INFO  org.testng.internal.Utils - [Utils] MethodGroupsHelper.collectMethodsByGroup() took 0 ms.
2026-05-27 10:44:30 [main] INFO  org.testng.internal.Utils - [Utils] MethodGroupsHelper.sortMethods() took 0 ms.
2026-05-27 10:44:30 [main] INFO  org.testng.internal.Utils - [TestNG] Running:
  C:\Users\STZ\AppData\Local\Temp\testng-eclipse-2007842077\testng-customsuite.xml

2026-05-27 10:44:30 [main] INFO  com.swaglabtest.pages.BaseClass - Starting Test Suite setup...
2026-05-27 10:44:31 [main] INFO  com.swaglabtest.pages.BaseClass - ExcelDataProvider initialized
2026-05-27 10:44:31 [main] INFO  com.swaglabtest.pages.BaseClass - ConfigProvider initialized
2026-05-27 10:44:31 [main] INFO  com.swaglabtest.pages.BaseClass - Extent Reports XML configuration loaded
2026-05-27 10:44:31 [main] INFO  com.swaglabtest.pages.BaseClass - Extent Report initialized at: C:\Users\STZ\EclipsWorkspace\NewSwagLab_Project/Reports/AutomationReport.html
2026-05-27 10:44:31 [main] INFO  org.testng.internal.Utils - [Utils] DynamicGraphHelper.createDynamicGraph() took 4 ms.
2026-05-27 10:44:31 [main] INFO  com.swaglabtest.pages.BaseClass - Initializing browser...
2026-05-27 10:44:31 [main] INFO  com.swaglabtest.pages.BaseClass - Browser selected: chrome
2026-05-27 10:44:33 [main] INFO  io.github.bonigarcia.wdm.WebDriverManager - Using chromedriver 148.0.7778.178 (resolved driver for Chrome 148)
2026-05-27 10:44:33 [main] INFO  io.github.bonigarcia.wdm.online.Downloader - Downloading https://storage.googleapis.com/chrome-for-testing-public/148.0.7778.178/win64/chromedriver-win64.zip
2026-05-27 10:44:36 [main] INFO  io.github.bonigarcia.wdm.online.Downloader - Extracting driver from compressed file chromedriver-win64.zip
2026-05-27 10:44:37 [main] INFO  io.github.bonigarcia.wdm.WebDriverManager - Exporting webdriver.chrome.driver as C:\Users\STZ\.cache\selenium\chromedriver\win64\148.0.7778.178\chromedriver.exe
2026-05-27 10:44:40 [main] INFO  com.swaglabtest.pages.BaseClass - Browser initialized successfully: chrome
2026-05-27 10:44:40 [main] INFO  com.swaglabtest.pages.BaseClass - Test started: newPurchasing
2026-05-27 10:44:41 [main] ERROR com.swaglabtest.pages.BaseClass - Test Failed: newPurchasing
java.lang.NullPointerException: Cannot invoke "org.apache.poi.xssf.usermodel.XSSFCell.getStringCellValue()" because the return value of "org.apache.poi.xssf.usermodel.XSSFRow.getCell(int)" is null
	at com.swaglabtest.utility.ExcelDataProvider.getStringdata(ExcelDataProvider.java:28) ~[test-classes/:?]
	at com.swaglabtest.testcases.NewPurchaseTest.newPurchasing(NewPurchaseTest.java:52) ~[test-classes/:?]
	at java.base/jdk.internal.reflect.DirectMethodHandleAccessor.invoke(DirectMethodHandleAccessor.java:103) ~[?:?]
	at java.base/java.lang.reflect.Method.invoke(Method.java:580) ~[?:?]
	at org.testng.internal.invokers.MethodInvocationHelper.invokeMethod(MethodInvocationHelper.java:141) ~[testng-7.10.1.jar:7.10.1]
	at org.testng.internal.invokers.TestInvoker.invokeMethod(TestInvoker.java:686) ~[testng-7.10.1.jar:7.10.1]
	at org.testng.internal.invokers.TestInvoker.invokeTestMethod(TestInvoker.java:230) ~[testng-7.10.1.jar:7.10.1]
	at org.testng.internal.invokers.MethodRunner.runInSequence(MethodRunner.java:63) ~[testng-7.10.1.jar:7.10.1]
	at org.testng.internal.invokers.TestInvoker$MethodInvocationAgent.invoke(TestInvoker.java:992) ~[testng-7.10.1.jar:7.10.1]
	at org.testng.internal.invokers.TestInvoker.invokeTestMethods(TestInvoker.java:203) ~[testng-7.10.1.jar:7.10.1]
	at org.testng.internal.invokers.TestMethodWorker.invokeTestMethods(TestMethodWorker.java:154) ~[testng-7.10.1.jar:7.10.1]
	at org.testng.internal.invokers.TestMethodWorker.run(TestMethodWorker.java:134) ~[testng-7.10.1.jar:7.10.1]
	at java.base/java.util.ArrayList.forEach(ArrayList.java:1596) [?:?]
	at org.testng.TestRunner.privateRun(TestRunner.java:739) [testng-7.10.1.jar:7.10.1]
	at org.testng.TestRunner.run(TestRunner.java:614) [testng-7.10.1.jar:7.10.1]
	at org.testng.SuiteRunner.runTest(SuiteRunner.java:421) [testng-7.10.1.jar:7.10.1]
	at org.testng.SuiteRunner.runSequentially(SuiteRunner.java:413) [testng-7.10.1.jar:7.10.1]
	at org.testng.SuiteRunner.privateRun(SuiteRunner.java:373) [testng-7.10.1.jar:7.10.1]
	at org.testng.SuiteRunner.run(SuiteRunner.java:312) [testng-7.10.1.jar:7.10.1]
	at org.testng.SuiteRunnerWorker.runSuite(SuiteRunnerWorker.java:52) [testng-7.10.1.jar:7.10.1]
	at org.testng.SuiteRunnerWorker.run(SuiteRunnerWorker.java:95) [testng-7.10.1.jar:7.10.1]
	at org.testng.TestNG.runSuitesSequentially(TestNG.java:1274) [testng-7.10.1.jar:7.10.1]
	at org.testng.TestNG.runSuitesLocally(TestNG.java:1208) [testng-7.10.1.jar:7.10.1]
	at org.testng.TestNG.runSuites(TestNG.java:1112) [testng-7.10.1.jar:7.10.1]
	at org.testng.TestNG.run(TestNG.java:1079) [testng-7.10.1.jar:7.10.1]
	at org.testng.remote.AbstractRemoteTestNG.run(AbstractRemoteTestNG.java:115) [testng-remote.jar:?]
	at org.testng.remote.RemoteTestNG.initAndRun(RemoteTestNG.java:293) [testng-remote.jar:?]
	at org.testng.remote.RemoteTestNG.main(RemoteTestNG.java:91) [testng-remote.jar:?]
2026-05-27 10:44:41 [main] INFO  com.swaglabtest.pages.BaseClass - Browser closed for class
2026-05-27 10:44:41 [main] INFO  com.swaglabtest.pages.BaseClass - Extent Report flushed
2026-05-27 10:44:41 [main] INFO  org.testng.internal.Utils - [TestNG] Time taken by org.testng.reporters.jq.Main@78128dd0: 78 ms
2026-05-27 10:44:41 [main] INFO  org.testng.internal.Utils - [TestNG] Time taken by org.testng.reporters.FailedReporter@4948daec: 13 ms
2026-05-27 10:44:41 [main] INFO  org.testng.internal.Utils - [TestNG] Time taken by org.testng.reporters.XMLReporter@156cfa20: 10 ms
2026-05-27 10:44:41 [main] INFO  org.testng.internal.Utils - [TestNG] Time taken by org.testng.reporters.EmailableReporter2@43786627: 7 ms
2026-05-27 10:44:41 [main] INFO  org.testng.internal.Utils - [TestNG] Time taken by org.testng.reporters.JUnitReportReporter@7956f93a: 23 ms
2026-05-27 10:44:41 [main] INFO  org.testng.internal.Utils - [TestNG] Time taken by org.testng.internal.ExitCodeListener@e3ed455: 1 ms
2026-05-27 10:48:56 [main] WARN  org.testng.TestNG - Ignoring duplicate listener : io.qameta.allure.testng.AllureTestNg
2026-05-27 10:48:56 [main] WARN  org.testng.TestNG - Ignoring duplicate listener : io.qameta.allure.testng.AllureTestNg
2026-05-27 10:48:56 [main] WARN  org.testng.TestNG - Ignoring duplicate listener : io.qameta.allure.testng.AllureTestNg
2026-05-27 10:48:56 [main] INFO  org.testng.internal.Utils - [TestNG] Running:
  C:\Users\STZ\EclipsWorkspace\NewSwagLab_Project\XMLFiles\testng.xml

2026-05-27 10:48:56 [main] INFO  com.swaglabtest.pages.BaseClass - Starting Test Suite setup...
2026-05-27 10:48:57 [main] INFO  com.swaglabtest.pages.BaseClass - ExcelDataProvider initialized
2026-05-27 10:48:57 [main] INFO  com.swaglabtest.pages.BaseClass - ConfigProvider initialized
2026-05-27 10:48:57 [main] INFO  com.swaglabtest.pages.BaseClass - Extent Reports XML configuration loaded
2026-05-27 10:48:57 [main] INFO  com.swaglabtest.pages.BaseClass - Extent Report initialized at: C:\Users\STZ\EclipsWorkspace\NewSwagLab_Project/Reports/AutomationReport.html
2026-05-27 10:48:57 [main] INFO  com.swaglabtest.pages.BaseClass - Initializing browser...
2026-05-27 10:48:57 [main] INFO  com.swaglabtest.pages.BaseClass - Browser selected: chrome
2026-05-27 10:48:59 [main] INFO  io.github.bonigarcia.wdm.WebDriverManager - Using chromedriver 148.0.7778.178 (resolved driver for Chrome 148)
2026-05-27 10:48:59 [main] INFO  io.github.bonigarcia.wdm.online.Downloader - Downloading https://storage.googleapis.com/chrome-for-testing-public/148.0.7778.178/win64/chromedriver-win64.zip
2026-05-27 10:49:03 [main] INFO  io.github.bonigarcia.wdm.online.Downloader - Extracting driver from compressed file chromedriver-win64.zip
2026-05-27 10:49:03 [main] INFO  io.github.bonigarcia.wdm.WebDriverManager - Exporting webdriver.chrome.driver as C:\Users\STZ\.cache\selenium\chromedriver\win64\148.0.7778.178\chromedriver.exe
2026-05-27 10:49:06 [main] INFO  com.swaglabtest.pages.BaseClass - Browser initialized successfully: chrome
2026-05-27 10:49:06 [main] INFO  com.swaglabtest.pages.BaseClass - Test started: UserLogingWithCredentials
2026-05-27 10:49:06 [main] INFO  com.swaglabtest.pages.BaseClass - Test Passed: UserLogingWithCredentials
2026-05-27 10:49:06 [main] INFO  com.swaglabtest.pages.BaseClass - Browser closed for class
2026-05-27 10:49:06 [main] INFO  com.swaglabtest.pages.BaseClass - Initializing browser...
2026-05-27 10:49:06 [main] INFO  com.swaglabtest.pages.BaseClass - Browser selected: chrome
2026-05-27 10:49:07 [main] INFO  io.github.bonigarcia.wdm.WebDriverManager - Using chromedriver 148.0.7778.178 (resolved driver for Chrome 148)
2026-05-27 10:49:08 [main] INFO  io.github.bonigarcia.wdm.online.Downloader - Downloading https://storage.googleapis.com/chrome-for-testing-public/148.0.7778.178/win64/chromedriver-win64.zip
2026-05-27 10:49:12 [main] INFO  io.github.bonigarcia.wdm.online.Downloader - Extracting driver from compressed file chromedriver-win64.zip
2026-05-27 10:49:12 [main] INFO  io.github.bonigarcia.wdm.WebDriverManager - Exporting webdriver.chrome.driver as C:\Users\STZ\.cache\selenium\chromedriver\win64\148.0.7778.178\chromedriver.exe
2026-05-27 10:49:15 [main] INFO  com.swaglabtest.pages.BaseClass - Browser initialized successfully: chrome
2026-05-27 10:49:15 [main] INFO  com.swaglabtest.pages.BaseClass - Test started: newPurchasing
2026-05-27 10:49:16 [main] ERROR com.swaglabtest.pages.BaseClass - Test Failed: newPurchasing
java.lang.NullPointerException: Cannot invoke "com.swaglabtest.pages.Item.getName()" because "item" is null
	at com.swaglabtest.pages.ItemPurchase.newPurchasing(ItemPurchase.java:123) ~[test-classes/:?]
	at com.swaglabtest.testcases.NewPurchaseTest.newPurchasing(NewPurchaseTest.java:52) ~[test-classes/:?]
	at java.base/jdk.internal.reflect.DirectMethodHandleAccessor.invoke(DirectMethodHandleAccessor.java:103) ~[?:?]
	at java.base/java.lang.reflect.Method.invoke(Method.java:580) ~[?:?]
	at org.testng.internal.invokers.MethodInvocationHelper.invokeMethod(MethodInvocationHelper.java:141) ~[testng-7.10.1.jar:7.10.1]
	at org.testng.internal.invokers.TestInvoker.invokeMethod(TestInvoker.java:686) ~[testng-7.10.1.jar:7.10.1]
	at org.testng.internal.invokers.TestInvoker.invokeTestMethod(TestInvoker.java:230) ~[testng-7.10.1.jar:7.10.1]
	at org.testng.internal.invokers.MethodRunner.runInSequence(MethodRunner.java:63) ~[testng-7.10.1.jar:7.10.1]
	at org.testng.internal.invokers.TestInvoker$MethodInvocationAgent.invoke(TestInvoker.java:992) ~[testng-7.10.1.jar:7.10.1]
	at org.testng.internal.invokers.TestInvoker.invokeTestMethods(TestInvoker.java:203) ~[testng-7.10.1.jar:7.10.1]
	at org.testng.internal.invokers.TestMethodWorker.invokeTestMethods(TestMethodWorker.java:154) ~[testng-7.10.1.jar:7.10.1]
	at org.testng.internal.invokers.TestMethodWorker.run(TestMethodWorker.java:134) ~[testng-7.10.1.jar:7.10.1]
	at java.base/java.util.ArrayList.forEach(ArrayList.java:1596) [?:?]
	at org.testng.TestRunner.privateRun(TestRunner.java:739) [testng-7.10.1.jar:7.10.1]
	at org.testng.TestRunner.run(TestRunner.java:614) [testng-7.10.1.jar:7.10.1]
	at org.testng.SuiteRunner.runTest(SuiteRunner.java:421) [testng-7.10.1.jar:7.10.1]
	at org.testng.SuiteRunner.runSequentially(SuiteRunner.java:413) [testng-7.10.1.jar:7.10.1]
	at org.testng.SuiteRunner.privateRun(SuiteRunner.java:373) [testng-7.10.1.jar:7.10.1]
	at org.testng.SuiteRunner.run(SuiteRunner.java:312) [testng-7.10.1.jar:7.10.1]
	at org.testng.SuiteRunnerWorker.runSuite(SuiteRunnerWorker.java:52) [testng-7.10.1.jar:7.10.1]
	at org.testng.SuiteRunnerWorker.run(SuiteRunnerWorker.java:95) [testng-7.10.1.jar:7.10.1]
	at org.testng.TestNG.runSuitesSequentially(TestNG.java:1274) [testng-7.10.1.jar:7.10.1]
	at org.testng.TestNG.runSuitesLocally(TestNG.java:1208) [testng-7.10.1.jar:7.10.1]
	at org.testng.TestNG.runSuites(TestNG.java:1112) [testng-7.10.1.jar:7.10.1]
	at org.testng.TestNG.run(TestNG.java:1079) [testng-7.10.1.jar:7.10.1]
	at org.testng.remote.AbstractRemoteTestNG.run(AbstractRemoteTestNG.java:115) [testng-remote.jar:?]
	at org.testng.remote.RemoteTestNG.initAndRun(RemoteTestNG.java:293) [testng-remote.jar:?]
	at org.testng.remote.RemoteTestNG.main(RemoteTestNG.java:91) [testng-remote.jar:?]
2026-05-27 10:49:16 [main] INFO  com.swaglabtest.pages.BaseClass - Browser closed for class
2026-05-27 10:49:16 [main] INFO  com.swaglabtest.pages.BaseClass - Initializing browser...
2026-05-27 10:49:16 [main] INFO  com.swaglabtest.pages.BaseClass - Browser selected: firefox
2026-05-27 10:49:17 [main] INFO  io.github.bonigarcia.wdm.WebDriverManager - Using geckodriver 0.36.0 (resolved driver for Firefox 150)
2026-05-27 10:49:17 [main] INFO  io.github.bonigarcia.wdm.WebDriverManager - Reading https://raw.githubusercontent.com/bonigarcia/webdrivermanager/master/docs/mirror/geckodriver to seek geckodriver
2026-05-27 10:49:18 [main] INFO  io.github.bonigarcia.wdm.online.Downloader - Downloading https://github.com/mozilla/geckodriver/releases/download/v0.36.0/geckodriver-v0.36.0-win64.zip
2026-05-27 10:49:20 [main] INFO  io.github.bonigarcia.wdm.online.Downloader - Extracting driver from compressed file geckodriver-v0.36.0-win64.zip
2026-05-27 10:49:20 [main] INFO  io.github.bonigarcia.wdm.WebDriverManager - Exporting webdriver.gecko.driver as C:\Users\STZ\.cache\selenium\geckodriver\win64\0.36.0\geckodriver.exe
2026-05-27 10:49:26 [main] INFO  com.swaglabtest.pages.BaseClass - Browser initialized successfully: firefox
2026-05-27 10:49:26 [main] INFO  com.swaglabtest.pages.BaseClass - Test started: UserLogingWithCredentials
2026-05-27 10:49:26 [main] INFO  com.swaglabtest.pages.BaseClass - Test Passed: UserLogingWithCredentials
2026-05-27 10:49:27 [main] INFO  com.swaglabtest.pages.BaseClass - Browser closed for class
2026-05-27 10:49:27 [main] INFO  com.swaglabtest.pages.BaseClass - Initializing browser...
2026-05-27 10:49:27 [main] INFO  com.swaglabtest.pages.BaseClass - Browser selected: firefox
2026-05-27 10:49:27 [main] INFO  io.github.bonigarcia.wdm.WebDriverManager - Using geckodriver 0.36.0 (resolved driver for Firefox 150)
2026-05-27 10:49:27 [main] INFO  io.github.bonigarcia.wdm.WebDriverManager - Exporting webdriver.gecko.driver as C:\Users\STZ\.cache\selenium\geckodriver\win64\0.36.0\geckodriver.exe
2026-05-27 10:49:32 [main] INFO  com.swaglabtest.pages.BaseClass - Browser initialized successfully: firefox
2026-05-27 10:49:32 [main] INFO  com.swaglabtest.pages.BaseClass - Test started: newPurchasing
2026-05-27 10:49:34 [main] ERROR com.swaglabtest.pages.BaseClass - Test Failed: newPurchasing
java.lang.NullPointerException: Cannot invoke "com.swaglabtest.pages.Item.getName()" because "item" is null
	at com.swaglabtest.pages.ItemPurchase.newPurchasing(ItemPurchase.java:123) ~[test-classes/:?]
	at com.swaglabtest.testcases.NewPurchaseTest.newPurchasing(NewPurchaseTest.java:52) ~[test-classes/:?]
	at java.base/jdk.internal.reflect.DirectMethodHandleAccessor.invoke(DirectMethodHandleAccessor.java:103) ~[?:?]
	at java.base/java.lang.reflect.Method.invoke(Method.java:580) ~[?:?]
	at org.testng.internal.invokers.MethodInvocationHelper.invokeMethod(MethodInvocationHelper.java:141) ~[testng-7.10.1.jar:7.10.1]
	at org.testng.internal.invokers.TestInvoker.invokeMethod(TestInvoker.java:686) ~[testng-7.10.1.jar:7.10.1]
	at org.testng.internal.invokers.TestInvoker.invokeTestMethod(TestInvoker.java:230) ~[testng-7.10.1.jar:7.10.1]
	at org.testng.internal.invokers.MethodRunner.runInSequence(MethodRunner.java:63) ~[testng-7.10.1.jar:7.10.1]
	at org.testng.internal.invokers.TestInvoker$MethodInvocationAgent.invoke(TestInvoker.java:992) ~[testng-7.10.1.jar:7.10.1]
	at org.testng.internal.invokers.TestInvoker.invokeTestMethods(TestInvoker.java:203) ~[testng-7.10.1.jar:7.10.1]
	at org.testng.internal.invokers.TestMethodWorker.invokeTestMethods(TestMethodWorker.java:154) ~[testng-7.10.1.jar:7.10.1]
	at org.testng.internal.invokers.TestMethodWorker.run(TestMethodWorker.java:134) ~[testng-7.10.1.jar:7.10.1]
	at java.base/java.util.ArrayList.forEach(ArrayList.java:1596) [?:?]
	at org.testng.TestRunner.privateRun(TestRunner.java:739) [testng-7.10.1.jar:7.10.1]
	at org.testng.TestRunner.run(TestRunner.java:614) [testng-7.10.1.jar:7.10.1]
	at org.testng.SuiteRunner.runTest(SuiteRunner.java:421) [testng-7.10.1.jar:7.10.1]
	at org.testng.SuiteRunner.runSequentially(SuiteRunner.java:413) [testng-7.10.1.jar:7.10.1]
	at org.testng.SuiteRunner.privateRun(SuiteRunner.java:373) [testng-7.10.1.jar:7.10.1]
	at org.testng.SuiteRunner.run(SuiteRunner.java:312) [testng-7.10.1.jar:7.10.1]
	at org.testng.SuiteRunnerWorker.runSuite(SuiteRunnerWorker.java:52) [testng-7.10.1.jar:7.10.1]
	at org.testng.SuiteRunnerWorker.run(SuiteRunnerWorker.java:95) [testng-7.10.1.jar:7.10.1]
	at org.testng.TestNG.runSuitesSequentially(TestNG.java:1274) [testng-7.10.1.jar:7.10.1]
	at org.testng.TestNG.runSuitesLocally(TestNG.java:1208) [testng-7.10.1.jar:7.10.1]
	at org.testng.TestNG.runSuites(TestNG.java:1112) [testng-7.10.1.jar:7.10.1]
	at org.testng.TestNG.run(TestNG.java:1079) [testng-7.10.1.jar:7.10.1]
	at org.testng.remote.AbstractRemoteTestNG.run(AbstractRemoteTestNG.java:115) [testng-remote.jar:?]
	at org.testng.remote.RemoteTestNG.initAndRun(RemoteTestNG.java:293) [testng-remote.jar:?]
	at org.testng.remote.RemoteTestNG.main(RemoteTestNG.java:91) [testng-remote.jar:?]
2026-05-27 10:49:35 [main] INFO  com.swaglabtest.pages.BaseClass - Browser closed for class
2026-05-27 10:49:35 [main] INFO  com.swaglabtest.pages.BaseClass - Extent Report flushed
2026-05-27 10:53:52 [main] INFO  org.testng.internal.Utils - [Utils] MethodGroupsHelper.collectMethodsByGroup() took 7 ms.
2026-05-27 10:53:52 [main] INFO  org.testng.internal.Utils - [Utils] MethodGroupsHelper.sortMethods() took 9 ms.
2026-05-27 10:53:52 [main] INFO  org.testng.internal.Utils - [Utils] MethodGroupsHelper.collectMethodsByGroup() took 0 ms.
2026-05-27 10:53:52 [main] INFO  org.testng.internal.Utils - [Utils] MethodGroupsHelper.sortMethods() took 0 ms.
2026-05-27 10:53:52 [main] INFO  org.testng.internal.Utils - [Utils] MethodGroupsHelper.collectMethodsByGroup() took 0 ms.
2026-05-27 10:53:52 [main] INFO  org.testng.internal.Utils - [Utils] MethodGroupsHelper.sortMethods() took 0 ms.
2026-05-27 10:53:52 [main] INFO  org.testng.internal.Utils - [Utils] MethodGroupsHelper.collectMethodsByGroup() took 0 ms.
2026-05-27 10:53:52 [main] INFO  org.testng.internal.Utils - [Utils] MethodGroupsHelper.sortMethods() took 0 ms.
2026-05-27 10:53:52 [main] INFO  org.testng.internal.Utils - [Utils] MethodGroupsHelper.collectMethodsByGroup() took 0 ms.
2026-05-27 10:53:52 [main] INFO  org.testng.internal.Utils - [Utils] MethodGroupsHelper.sortMethods() took 0 ms.
2026-05-27 10:53:52 [main] INFO  org.testng.internal.Utils - [Utils] MethodGroupsHelper.collectMethodsByGroup() took 0 ms.
2026-05-27 10:53:52 [main] INFO  org.testng.internal.Utils - [Utils] MethodGroupsHelper.sortMethods() took 0 ms.
2026-05-27 10:53:52 [main] INFO  org.testng.internal.Utils - [Utils] MethodGroupsHelper.collectMethodsByGroup() took 0 ms.
2026-05-27 10:53:52 [main] INFO  org.testng.internal.Utils - [Utils] MethodGroupsHelper.sortMethods() took 0 ms.
2026-05-27 10:53:52 [main] INFO  org.testng.internal.Utils - [Utils] MethodGroupsHelper.collectMethodsByGroup() took 0 ms.
2026-05-27 10:53:52 [main] INFO  org.testng.internal.Utils - [Utils] MethodGroupsHelper.sortMethods() took 0 ms.
2026-05-27 10:53:53 [main] INFO  org.testng.internal.Utils - [Utils] MethodGroupsHelper.collectMethodsByGroup() took 0 ms.
2026-05-27 10:53:53 [main] INFO  org.testng.internal.Utils - [Utils] MethodGroupsHelper.sortMethods() took 8 ms.
2026-05-27 10:53:53 [main] INFO  org.testng.internal.Utils - [Utils] MethodGroupsHelper.collectMethodsByGroup() took 0 ms.
2026-05-27 10:53:53 [main] INFO  org.testng.internal.Utils - [Utils] MethodGroupsHelper.sortMethods() took 0 ms.
2026-05-27 10:53:53 [main] INFO  org.testng.internal.Utils - [Utils] MethodGroupsHelper.collectMethodsByGroup() took 0 ms.
2026-05-27 10:53:53 [main] INFO  org.testng.internal.Utils - [Utils] MethodGroupsHelper.sortMethods() took 0 ms.
2026-05-27 10:53:53 [main] INFO  org.testng.internal.Utils - [Utils] MethodGroupsHelper.collectMethodsByGroup() took 0 ms.
2026-05-27 10:53:53 [main] INFO  org.testng.internal.Utils - [Utils] MethodGroupsHelper.sortMethods() took 0 ms.
2026-05-27 10:53:53 [main] INFO  org.testng.internal.Utils - [Utils] MethodGroupsHelper.collectMethodsByGroup() took 1 ms.
2026-05-27 10:53:53 [main] INFO  org.testng.internal.Utils - [Utils] MethodGroupsHelper.sortMethods() took 1 ms.
2026-05-27 10:53:53 [main] INFO  org.testng.internal.Utils - [Utils] MethodGroupsHelper.collectMethodsByGroup() took 0 ms.
2026-05-27 10:53:53 [main] INFO  org.testng.internal.Utils - [Utils] MethodGroupsHelper.sortMethods() took 0 ms.
2026-05-27 10:53:53 [main] INFO  org.testng.internal.Utils - [Utils] MethodGroupsHelper.collectMethodsByGroup() took 1 ms.
2026-05-27 10:53:53 [main] INFO  org.testng.internal.Utils - [Utils] MethodGroupsHelper.sortMethods() took 0 ms.
2026-05-27 10:53:53 [main] INFO  org.testng.internal.Utils - [TestNG] Running:
  C:\Users\STZ\AppData\Local\Temp\testng-eclipse--62322665\testng-customsuite.xml

2026-05-27 10:53:53 [main] INFO  com.swaglabtest.pages.BaseClass - Starting Test Suite setup...
2026-05-27 10:53:53 [main] INFO  com.swaglabtest.pages.BaseClass - ExcelDataProvider initialized
2026-05-27 10:53:53 [main] INFO  com.swaglabtest.pages.BaseClass - ConfigProvider initialized
2026-05-27 10:53:53 [main] INFO  com.swaglabtest.pages.BaseClass - Extent Reports XML configuration loaded
2026-05-27 10:53:53 [main] INFO  com.swaglabtest.pages.BaseClass - Extent Report initialized at: C:\Users\STZ\EclipsWorkspace\NewSwagLab_Project/Reports/AutomationReport.html
2026-05-27 10:53:53 [main] INFO  org.testng.internal.Utils - [Utils] DynamicGraphHelper.createDynamicGraph() took 4 ms.
2026-05-27 10:53:53 [main] INFO  com.swaglabtest.pages.BaseClass - Initializing browser...
2026-05-27 10:53:53 [main] INFO  com.swaglabtest.pages.BaseClass - Browser selected: chrome
2026-05-27 10:53:58 [main] INFO  io.github.bonigarcia.wdm.WebDriverManager - Using chromedriver 148.0.7778.178 (resolved driver for Chrome 148)
2026-05-27 10:53:59 [main] INFO  io.github.bonigarcia.wdm.online.Downloader - Downloading https://storage.googleapis.com/chrome-for-testing-public/148.0.7778.178/win64/chromedriver-win64.zip
2026-05-27 10:54:06 [main] INFO  io.github.bonigarcia.wdm.online.Downloader - Extracting driver from compressed file chromedriver-win64.zip
2026-05-27 10:54:06 [main] INFO  io.github.bonigarcia.wdm.WebDriverManager - Exporting webdriver.chrome.driver as C:\Users\STZ\.cache\selenium\chromedriver\win64\148.0.7778.178\chromedriver.exe
2026-05-27 10:54:10 [main] INFO  com.swaglabtest.pages.BaseClass - Browser initialized successfully: chrome
2026-05-27 10:54:10 [main] INFO  com.swaglabtest.pages.BaseClass - Test started: newPurchasing
2026-05-27 10:54:11 [main] ERROR com.swaglabtest.pages.BaseClass - Test Failed: newPurchasing
java.lang.NullPointerException: Cannot invoke "com.swaglabtest.pages.Item.getName()" because "item" is null
	at com.swaglabtest.pages.ItemPurchase.newPurchasing(ItemPurchase.java:123) ~[test-classes/:?]
	at com.swaglabtest.testcases.NewPurchaseTest.newPurchasing(NewPurchaseTest.java:52) ~[test-classes/:?]
	at java.base/jdk.internal.reflect.DirectMethodHandleAccessor.invoke(DirectMethodHandleAccessor.java:103) ~[?:?]
	at java.base/java.lang.reflect.Method.invoke(Method.java:580) ~[?:?]
	at org.testng.internal.invokers.MethodInvocationHelper.invokeMethod(MethodInvocationHelper.java:141) ~[testng-7.10.1.jar:7.10.1]
	at org.testng.internal.invokers.TestInvoker.invokeMethod(TestInvoker.java:686) ~[testng-7.10.1.jar:7.10.1]
	at org.testng.internal.invokers.TestInvoker.invokeTestMethod(TestInvoker.java:230) ~[testng-7.10.1.jar:7.10.1]
	at org.testng.internal.invokers.MethodRunner.runInSequence(MethodRunner.java:63) ~[testng-7.10.1.jar:7.10.1]
	at org.testng.internal.invokers.TestInvoker$MethodInvocationAgent.invoke(TestInvoker.java:992) ~[testng-7.10.1.jar:7.10.1]
	at org.testng.internal.invokers.TestInvoker.invokeTestMethods(TestInvoker.java:203) ~[testng-7.10.1.jar:7.10.1]
	at org.testng.internal.invokers.TestMethodWorker.invokeTestMethods(TestMethodWorker.java:154) ~[testng-7.10.1.jar:7.10.1]
	at org.testng.internal.invokers.TestMethodWorker.run(TestMethodWorker.java:134) ~[testng-7.10.1.jar:7.10.1]
	at java.base/java.util.ArrayList.forEach(ArrayList.java:1596) [?:?]
	at org.testng.TestRunner.privateRun(TestRunner.java:739) [testng-7.10.1.jar:7.10.1]
	at org.testng.TestRunner.run(TestRunner.java:614) [testng-7.10.1.jar:7.10.1]
	at org.testng.SuiteRunner.runTest(SuiteRunner.java:421) [testng-7.10.1.jar:7.10.1]
	at org.testng.SuiteRunner.runSequentially(SuiteRunner.java:413) [testng-7.10.1.jar:7.10.1]
	at org.testng.SuiteRunner.privateRun(SuiteRunner.java:373) [testng-7.10.1.jar:7.10.1]
	at org.testng.SuiteRunner.run(SuiteRunner.java:312) [testng-7.10.1.jar:7.10.1]
	at org.testng.SuiteRunnerWorker.runSuite(SuiteRunnerWorker.java:52) [testng-7.10.1.jar:7.10.1]
	at org.testng.SuiteRunnerWorker.run(SuiteRunnerWorker.java:95) [testng-7.10.1.jar:7.10.1]
	at org.testng.TestNG.runSuitesSequentially(TestNG.java:1274) [testng-7.10.1.jar:7.10.1]
	at org.testng.TestNG.runSuitesLocally(TestNG.java:1208) [testng-7.10.1.jar:7.10.1]
	at org.testng.TestNG.runSuites(TestNG.java:1112) [testng-7.10.1.jar:7.10.1]
	at org.testng.TestNG.run(TestNG.java:1079) [testng-7.10.1.jar:7.10.1]
	at org.testng.remote.AbstractRemoteTestNG.run(AbstractRemoteTestNG.java:115) [testng-remote.jar:?]
	at org.testng.remote.RemoteTestNG.initAndRun(RemoteTestNG.java:293) [testng-remote.jar:?]
	at org.testng.remote.RemoteTestNG.main(RemoteTestNG.java:91) [testng-remote.jar:?]
2026-05-27 10:54:12 [main] INFO  com.swaglabtest.pages.BaseClass - Browser closed for class
2026-05-27 10:54:12 [main] INFO  com.swaglabtest.pages.BaseClass - Extent Report flushed
2026-05-27 10:54:12 [main] INFO  org.testng.internal.Utils - [TestNG] Time taken by org.testng.reporters.jq.Main@a4df251: 140 ms
2026-05-27 10:54:12 [main] INFO  org.testng.internal.Utils - [TestNG] Time taken by org.testng.reporters.FailedReporter@1179fc8c: 17 ms
2026-05-27 10:54:12 [main] INFO  org.testng.internal.Utils - [TestNG] Time taken by org.testng.reporters.XMLReporter@1bec1589: 30 ms
2026-05-27 10:54:12 [main] INFO  org.testng.internal.Utils - [TestNG] Time taken by org.testng.reporters.EmailableReporter2@645ba24a: 15 ms
2026-05-27 10:54:12 [main] INFO  org.testng.internal.Utils - [TestNG] Time taken by org.testng.reporters.JUnitReportReporter@72f3f14c: 6 ms
2026-05-27 10:54:12 [main] INFO  org.testng.internal.Utils - [TestNG] Time taken by org.testng.internal.ExitCodeListener@4cb4c4cc: 0 ms
2026-05-27 10:56:43 [main] INFO  org.testng.internal.Utils - [Utils] MethodGroupsHelper.collectMethodsByGroup() took 7 ms.
2026-05-27 10:56:43 [main] INFO  org.testng.internal.Utils - [Utils] MethodGroupsHelper.sortMethods() took 8 ms.
2026-05-27 10:56:43 [main] INFO  org.testng.internal.Utils - [Utils] MethodGroupsHelper.collectMethodsByGroup() took 0 ms.
2026-05-27 10:56:43 [main] INFO  org.testng.internal.Utils - [Utils] MethodGroupsHelper.sortMethods() took 0 ms.
2026-05-27 10:56:43 [main] INFO  org.testng.internal.Utils - [Utils] MethodGroupsHelper.collectMethodsByGroup() took 0 ms.
2026-05-27 10:56:43 [main] INFO  org.testng.internal.Utils - [Utils] MethodGroupsHelper.sortMethods() took 0 ms.
2026-05-27 10:56:43 [main] INFO  org.testng.internal.Utils - [Utils] MethodGroupsHelper.collectMethodsByGroup() took 0 ms.
2026-05-27 10:56:43 [main] INFO  org.testng.internal.Utils - [Utils] MethodGroupsHelper.sortMethods() took 0 ms.
2026-05-27 10:56:43 [main] INFO  org.testng.internal.Utils - [Utils] MethodGroupsHelper.collectMethodsByGroup() took 0 ms.
2026-05-27 10:56:43 [main] INFO  org.testng.internal.Utils - [Utils] MethodGroupsHelper.sortMethods() took 0 ms.
2026-05-27 10:56:43 [main] INFO  org.testng.internal.Utils - [Utils] MethodGroupsHelper.collectMethodsByGroup() took 0 ms.
2026-05-27 10:56:43 [main] INFO  org.testng.internal.Utils - [Utils] MethodGroupsHelper.sortMethods() took 0 ms.
2026-05-27 10:56:43 [main] INFO  org.testng.internal.Utils - [Utils] MethodGroupsHelper.collectMethodsByGroup() took 0 ms.
2026-05-27 10:56:43 [main] INFO  org.testng.internal.Utils - [Utils] MethodGroupsHelper.sortMethods() took 0 ms.
2026-05-27 10:56:43 [main] INFO  org.testng.internal.Utils - [Utils] MethodGroupsHelper.collectMethodsByGroup() took 0 ms.
2026-05-27 10:56:43 [main] INFO  org.testng.internal.Utils - [Utils] MethodGroupsHelper.sortMethods() took 0 ms.
2026-05-27 10:56:43 [main] INFO  org.testng.internal.Utils - [Utils] MethodGroupsHelper.collectMethodsByGroup() took 0 ms.
2026-05-27 10:56:43 [main] INFO  org.testng.internal.Utils - [Utils] MethodGroupsHelper.sortMethods() took 7 ms.
2026-05-27 10:56:43 [main] INFO  org.testng.internal.Utils - [Utils] MethodGroupsHelper.collectMethodsByGroup() took 0 ms.
2026-05-27 10:56:43 [main] INFO  org.testng.internal.Utils - [Utils] MethodGroupsHelper.sortMethods() took 1 ms.
2026-05-27 10:56:43 [main] INFO  org.testng.internal.Utils - [Utils] MethodGroupsHelper.collectMethodsByGroup() took 0 ms.
2026-05-27 10:56:43 [main] INFO  org.testng.internal.Utils - [Utils] MethodGroupsHelper.sortMethods() took 0 ms.
2026-05-27 10:56:43 [main] INFO  org.testng.internal.Utils - [Utils] MethodGroupsHelper.collectMethodsByGroup() took 0 ms.
2026-05-27 10:56:43 [main] INFO  org.testng.internal.Utils - [Utils] MethodGroupsHelper.sortMethods() took 0 ms.
2026-05-27 10:56:43 [main] INFO  org.testng.internal.Utils - [Utils] MethodGroupsHelper.collectMethodsByGroup() took 0 ms.
2026-05-27 10:56:43 [main] INFO  org.testng.internal.Utils - [Utils] MethodGroupsHelper.sortMethods() took 0 ms.
2026-05-27 10:56:43 [main] INFO  org.testng.internal.Utils - [Utils] MethodGroupsHelper.collectMethodsByGroup() took 0 ms.
2026-05-27 10:56:43 [main] INFO  org.testng.internal.Utils - [Utils] MethodGroupsHelper.sortMethods() took 0 ms.
2026-05-27 10:56:43 [main] INFO  org.testng.internal.Utils - [Utils] MethodGroupsHelper.collectMethodsByGroup() took 0 ms.
2026-05-27 10:56:43 [main] INFO  org.testng.internal.Utils - [Utils] MethodGroupsHelper.sortMethods() took 1 ms.
2026-05-27 10:56:43 [main] INFO  org.testng.internal.Utils - [TestNG] Running:
  C:\Users\STZ\AppData\Local\Temp\testng-eclipse--1540498935\testng-customsuite.xml

2026-05-27 10:56:43 [main] INFO  com.swaglabtest.pages.BaseClass - Starting Test Suite setup...
2026-05-27 10:56:43 [main] INFO  com.swaglabtest.pages.BaseClass - ExcelDataProvider initialized
2026-05-27 10:56:43 [main] INFO  com.swaglabtest.pages.BaseClass - ConfigProvider initialized
2026-05-27 10:56:43 [main] INFO  com.swaglabtest.pages.BaseClass - Extent Reports XML configuration loaded
2026-05-27 10:56:44 [main] INFO  com.swaglabtest.pages.BaseClass - Extent Report initialized at: C:\Users\STZ\EclipsWorkspace\NewSwagLab_Project/Reports/AutomationReport.html
2026-05-27 10:56:44 [main] INFO  org.testng.internal.Utils - [Utils] DynamicGraphHelper.createDynamicGraph() took 3 ms.
2026-05-27 10:56:44 [main] INFO  com.swaglabtest.pages.BaseClass - Initializing browser...
2026-05-27 10:56:44 [main] INFO  com.swaglabtest.pages.BaseClass - Browser selected: chrome
2026-05-27 10:56:45 [main] INFO  io.github.bonigarcia.wdm.WebDriverManager - Using chromedriver 148.0.7778.178 (resolved driver for Chrome 148)
2026-05-27 10:56:46 [main] INFO  io.github.bonigarcia.wdm.online.Downloader - Downloading https://storage.googleapis.com/chrome-for-testing-public/148.0.7778.178/win64/chromedriver-win64.zip
2026-05-27 10:56:51 [main] INFO  io.github.bonigarcia.wdm.online.Downloader - Extracting driver from compressed file chromedriver-win64.zip
2026-05-27 10:56:51 [main] INFO  io.github.bonigarcia.wdm.WebDriverManager - Exporting webdriver.chrome.driver as C:\Users\STZ\.cache\selenium\chromedriver\win64\148.0.7778.178\chromedriver.exe
2026-05-27 10:56:54 [main] INFO  com.swaglabtest.pages.BaseClass - Browser initialized successfully: chrome
2026-05-27 10:56:54 [main] INFO  com.swaglabtest.pages.BaseClass - Test started: newPurchasing
2026-05-27 10:56:55 [main] ERROR com.swaglabtest.pages.BaseClass - Test Failed: newPurchasing
java.lang.NullPointerException: Cannot invoke "com.swaglabtest.pages.Item.getName()" because "item" is null
	at com.swaglabtest.pages.ItemPurchase.newPurchasing(ItemPurchase.java:123) ~[test-classes/:?]
	at com.swaglabtest.testcases.NewPurchaseTest.newPurchasing(NewPurchaseTest.java:52) ~[test-classes/:?]
	at java.base/jdk.internal.reflect.DirectMethodHandleAccessor.invoke(DirectMethodHandleAccessor.java:103) ~[?:?]
	at java.base/java.lang.reflect.Method.invoke(Method.java:580) ~[?:?]
	at org.testng.internal.invokers.MethodInvocationHelper.invokeMethod(MethodInvocationHelper.java:141) ~[testng-7.10.1.jar:7.10.1]
	at org.testng.internal.invokers.TestInvoker.invokeMethod(TestInvoker.java:686) ~[testng-7.10.1.jar:7.10.1]
	at org.testng.internal.invokers.TestInvoker.invokeTestMethod(TestInvoker.java:230) ~[testng-7.10.1.jar:7.10.1]
	at org.testng.internal.invokers.MethodRunner.runInSequence(MethodRunner.java:63) ~[testng-7.10.1.jar:7.10.1]
	at org.testng.internal.invokers.TestInvoker$MethodInvocationAgent.invoke(TestInvoker.java:992) ~[testng-7.10.1.jar:7.10.1]
	at org.testng.internal.invokers.TestInvoker.invokeTestMethods(TestInvoker.java:203) ~[testng-7.10.1.jar:7.10.1]
	at org.testng.internal.invokers.TestMethodWorker.invokeTestMethods(TestMethodWorker.java:154) ~[testng-7.10.1.jar:7.10.1]
	at org.testng.internal.invokers.TestMethodWorker.run(TestMethodWorker.java:134) ~[testng-7.10.1.jar:7.10.1]
	at java.base/java.util.ArrayList.forEach(ArrayList.java:1596) [?:?]
	at org.testng.TestRunner.privateRun(TestRunner.java:739) [testng-7.10.1.jar:7.10.1]
	at org.testng.TestRunner.run(TestRunner.java:614) [testng-7.10.1.jar:7.10.1]
	at org.testng.SuiteRunner.runTest(SuiteRunner.java:421) [testng-7.10.1.jar:7.10.1]
	at org.testng.SuiteRunner.runSequentially(SuiteRunner.java:413) [testng-7.10.1.jar:7.10.1]
	at org.testng.SuiteRunner.privateRun(SuiteRunner.java:373) [testng-7.10.1.jar:7.10.1]
	at org.testng.SuiteRunner.run(SuiteRunner.java:312) [testng-7.10.1.jar:7.10.1]
	at org.testng.SuiteRunnerWorker.runSuite(SuiteRunnerWorker.java:52) [testng-7.10.1.jar:7.10.1]
	at org.testng.SuiteRunnerWorker.run(SuiteRunnerWorker.java:95) [testng-7.10.1.jar:7.10.1]
	at org.testng.TestNG.runSuitesSequentially(TestNG.java:1274) [testng-7.10.1.jar:7.10.1]
	at org.testng.TestNG.runSuitesLocally(TestNG.java:1208) [testng-7.10.1.jar:7.10.1]
	at org.testng.TestNG.runSuites(TestNG.java:1112) [testng-7.10.1.jar:7.10.1]
	at org.testng.TestNG.run(TestNG.java:1079) [testng-7.10.1.jar:7.10.1]
	at org.testng.remote.AbstractRemoteTestNG.run(AbstractRemoteTestNG.java:115) [testng-remote.jar:?]
	at org.testng.remote.RemoteTestNG.initAndRun(RemoteTestNG.java:293) [testng-remote.jar:?]
	at org.testng.remote.RemoteTestNG.main(RemoteTestNG.java:91) [testng-remote.jar:?]
2026-05-27 10:56:56 [main] INFO  com.swaglabtest.pages.BaseClass - Browser closed for class
2026-05-27 10:56:56 [main] INFO  com.swaglabtest.pages.BaseClass - Extent Report flushed
2026-05-27 10:56:56 [main] INFO  org.testng.internal.Utils - [TestNG] Time taken by org.testng.reporters.jq.Main@a4df251: 73 ms
2026-05-27 10:56:56 [main] INFO  org.testng.internal.Utils - [TestNG] Time taken by org.testng.reporters.FailedReporter@1179fc8c: 12 ms
2026-05-27 10:56:56 [main] INFO  org.testng.internal.Utils - [TestNG] Time taken by org.testng.reporters.XMLReporter@1bec1589: 30 ms
2026-05-27 10:56:56 [main] INFO  org.testng.internal.Utils - [TestNG] Time taken by org.testng.reporters.EmailableReporter2@645ba24a: 10 ms
2026-05-27 10:56:56 [main] INFO  org.testng.internal.Utils - [TestNG] Time taken by org.testng.reporters.JUnitReportReporter@72f3f14c: 8 ms
2026-05-27 10:56:56 [main] INFO  org.testng.internal.Utils - [TestNG] Time taken by org.testng.internal.ExitCodeListener@4cb4c4cc: 1 ms
2026-05-27 10:59:16 [main] INFO  org.testng.internal.Utils - [Utils] MethodGroupsHelper.collectMethodsByGroup() took 7 ms.
2026-05-27 10:59:16 [main] INFO  org.testng.internal.Utils - [Utils] MethodGroupsHelper.sortMethods() took 32 ms.
2026-05-27 10:59:16 [main] INFO  org.testng.internal.Utils - [Utils] MethodGroupsHelper.collectMethodsByGroup() took 0 ms.
2026-05-27 10:59:16 [main] INFO  org.testng.internal.Utils - [Utils] MethodGroupsHelper.sortMethods() took 0 ms.
2026-05-27 10:59:16 [main] INFO  org.testng.internal.Utils - [Utils] MethodGroupsHelper.collectMethodsByGroup() took 0 ms.
2026-05-27 10:59:16 [main] INFO  org.testng.internal.Utils - [Utils] MethodGroupsHelper.sortMethods() took 0 ms.
2026-05-27 10:59:16 [main] INFO  org.testng.internal.Utils - [Utils] MethodGroupsHelper.collectMethodsByGroup() took 0 ms.
2026-05-27 10:59:16 [main] INFO  org.testng.internal.Utils - [Utils] MethodGroupsHelper.sortMethods() took 0 ms.
2026-05-27 10:59:16 [main] INFO  org.testng.internal.Utils - [Utils] MethodGroupsHelper.collectMethodsByGroup() took 0 ms.
2026-05-27 10:59:16 [main] INFO  org.testng.internal.Utils - [Utils] MethodGroupsHelper.sortMethods() took 0 ms.
2026-05-27 10:59:16 [main] INFO  org.testng.internal.Utils - [Utils] MethodGroupsHelper.collectMethodsByGroup() took 0 ms.
2026-05-27 10:59:16 [main] INFO  org.testng.internal.Utils - [Utils] MethodGroupsHelper.sortMethods() took 0 ms.
2026-05-27 10:59:16 [main] INFO  org.testng.internal.Utils - [Utils] MethodGroupsHelper.collectMethodsByGroup() took 0 ms.
2026-05-27 10:59:16 [main] INFO  org.testng.internal.Utils - [Utils] MethodGroupsHelper.sortMethods() took 0 ms.
2026-05-27 10:59:16 [main] INFO  org.testng.internal.Utils - [Utils] MethodGroupsHelper.collectMethodsByGroup() took 0 ms.
2026-05-27 10:59:16 [main] INFO  org.testng.internal.Utils - [Utils] MethodGroupsHelper.sortMethods() took 0 ms.
2026-05-27 10:59:16 [main] INFO  org.testng.internal.Utils - [Utils] MethodGroupsHelper.collectMethodsByGroup() took 0 ms.
2026-05-27 10:59:16 [main] INFO  org.testng.internal.Utils - [Utils] MethodGroupsHelper.sortMethods() took 9 ms.
2026-05-27 10:59:16 [main] INFO  org.testng.internal.Utils - [Utils] MethodGroupsHelper.collectMethodsByGroup() took 0 ms.
2026-05-27 10:59:16 [main] INFO  org.testng.internal.Utils - [Utils] MethodGroupsHelper.sortMethods() took 0 ms.
2026-05-27 10:59:16 [main] INFO  org.testng.internal.Utils - [Utils] MethodGroupsHelper.collectMethodsByGroup() took 2 ms.
2026-05-27 10:59:16 [main] INFO  org.testng.internal.Utils - [Utils] MethodGroupsHelper.sortMethods() took 1 ms.
2026-05-27 10:59:16 [main] INFO  org.testng.internal.Utils - [Utils] MethodGroupsHelper.collectMethodsByGroup() took 0 ms.
2026-05-27 10:59:16 [main] INFO  org.testng.internal.Utils - [Utils] MethodGroupsHelper.sortMethods() took 0 ms.
2026-05-27 10:59:16 [main] INFO  org.testng.internal.Utils - [Utils] MethodGroupsHelper.collectMethodsByGroup() took 0 ms.
2026-05-27 10:59:16 [main] INFO  org.testng.internal.Utils - [Utils] MethodGroupsHelper.sortMethods() took 0 ms.
2026-05-27 10:59:16 [main] INFO  org.testng.internal.Utils - [Utils] MethodGroupsHelper.collectMethodsByGroup() took 0 ms.
2026-05-27 10:59:16 [main] INFO  org.testng.internal.Utils - [Utils] MethodGroupsHelper.sortMethods() took 0 ms.
2026-05-27 10:59:16 [main] INFO  org.testng.internal.Utils - [Utils] MethodGroupsHelper.collectMethodsByGroup() took 1 ms.
2026-05-27 10:59:16 [main] INFO  org.testng.internal.Utils - [Utils] MethodGroupsHelper.sortMethods() took 1 ms.
2026-05-27 10:59:16 [main] INFO  org.testng.internal.Utils - [TestNG] Running:
  C:\Users\STZ\AppData\Local\Temp\testng-eclipse-213768870\testng-customsuite.xml

2026-05-27 10:59:16 [main] INFO  com.swaglabtest.pages.BaseClass - Starting Test Suite setup...
2026-05-27 10:59:17 [main] INFO  com.swaglabtest.pages.BaseClass - ExcelDataProvider initialized
2026-05-27 10:59:17 [main] INFO  com.swaglabtest.pages.BaseClass - ConfigProvider initialized
2026-05-27 10:59:17 [main] INFO  com.swaglabtest.pages.BaseClass - Extent Reports XML configuration loaded
2026-05-27 10:59:17 [main] INFO  com.swaglabtest.pages.BaseClass - Extent Report initialized at: C:\Users\STZ\EclipsWorkspace\NewSwagLab_Project/Reports/AutomationReport.html
2026-05-27 10:59:17 [main] INFO  org.testng.internal.Utils - [Utils] DynamicGraphHelper.createDynamicGraph() took 3 ms.
2026-05-27 10:59:17 [main] INFO  com.swaglabtest.pages.BaseClass - Initializing browser...
2026-05-27 10:59:17 [main] INFO  com.swaglabtest.pages.BaseClass - Browser selected: chrome
2026-05-27 10:59:19 [main] INFO  io.github.bonigarcia.wdm.WebDriverManager - Using chromedriver 148.0.7778.178 (resolved driver for Chrome 148)
2026-05-27 10:59:19 [main] INFO  io.github.bonigarcia.wdm.online.Downloader - Downloading https://storage.googleapis.com/chrome-for-testing-public/148.0.7778.178/win64/chromedriver-win64.zip
2026-05-27 10:59:24 [main] INFO  io.github.bonigarcia.wdm.online.Downloader - Extracting driver from compressed file chromedriver-win64.zip
2026-05-27 10:59:25 [main] INFO  io.github.bonigarcia.wdm.WebDriverManager - Exporting webdriver.chrome.driver as C:\Users\STZ\.cache\selenium\chromedriver\win64\148.0.7778.178\chromedriver.exe
2026-05-27 10:59:27 [main] INFO  com.swaglabtest.pages.BaseClass - Browser initialized successfully: chrome
2026-05-27 10:59:27 [main] INFO  com.swaglabtest.pages.BaseClass - Test started: newPurchasing
2026-05-27 11:00:00 [main] INFO  com.swaglabtest.pages.BaseClass - Test Passed: newPurchasing
2026-05-27 11:00:01 [main] INFO  com.swaglabtest.pages.BaseClass - Browser closed for class
2026-05-27 11:00:01 [main] INFO  com.swaglabtest.pages.BaseClass - Extent Report flushed
2026-05-27 11:00:01 [main] INFO  org.testng.internal.Utils - [TestNG] Time taken by org.testng.reporters.jq.Main@213012a0: 92 ms
2026-05-27 11:00:01 [main] INFO  org.testng.internal.Utils - [TestNG] Time taken by org.testng.reporters.FailedReporter@43a59289: 1 ms
2026-05-27 11:00:01 [main] INFO  org.testng.internal.Utils - [TestNG] Time taken by org.testng.reporters.XMLReporter@1e6d30c0: 13 ms
2026-05-27 11:00:01 [main] INFO  org.testng.internal.Utils - [TestNG] Time taken by org.testng.reporters.EmailableReporter2@29c244e: 9 ms
2026-05-27 11:00:01 [main] INFO  org.testng.internal.Utils - [TestNG] Time taken by org.testng.reporters.JUnitReportReporter@6e7e0259: 7 ms
2026-05-27 11:00:01 [main] INFO  org.testng.internal.Utils - [TestNG] Time taken by org.testng.internal.ExitCodeListener@646e6d07: 0 ms
2026-05-27 11:00:38 [main] WARN  org.testng.TestNG - Ignoring duplicate listener : io.qameta.allure.testng.AllureTestNg
2026-05-27 11:00:38 [main] WARN  org.testng.TestNG - Ignoring duplicate listener : io.qameta.allure.testng.AllureTestNg
2026-05-27 11:00:38 [main] WARN  org.testng.TestNG - Ignoring duplicate listener : io.qameta.allure.testng.AllureTestNg
2026-05-27 11:00:39 [main] INFO  org.testng.internal.Utils - [TestNG] Running:
  C:\Users\STZ\EclipsWorkspace\NewSwagLab_Project\XMLFiles\testng.xml

2026-05-27 11:00:39 [main] INFO  com.swaglabtest.pages.BaseClass - Starting Test Suite setup...
2026-05-27 11:00:39 [main] INFO  com.swaglabtest.pages.BaseClass - ExcelDataProvider initialized
2026-05-27 11:00:39 [main] INFO  com.swaglabtest.pages.BaseClass - ConfigProvider initialized
2026-05-27 11:00:39 [main] INFO  com.swaglabtest.pages.BaseClass - Extent Reports XML configuration loaded
2026-05-27 11:00:40 [main] INFO  com.swaglabtest.pages.BaseClass - Extent Report initialized at: C:\Users\STZ\EclipsWorkspace\NewSwagLab_Project/Reports/AutomationReport.html
2026-05-27 11:00:40 [main] INFO  com.swaglabtest.pages.BaseClass - Initializing browser...
2026-05-27 11:00:40 [main] INFO  com.swaglabtest.pages.BaseClass - Browser selected: chrome
2026-05-27 11:00:41 [main] INFO  io.github.bonigarcia.wdm.WebDriverManager - Using chromedriver 148.0.7778.178 (resolved driver for Chrome 148)
2026-05-27 11:00:42 [main] INFO  io.github.bonigarcia.wdm.online.Downloader - Downloading https://storage.googleapis.com/chrome-for-testing-public/148.0.7778.178/win64/chromedriver-win64.zip
2026-05-27 11:00:45 [main] INFO  io.github.bonigarcia.wdm.online.Downloader - Extracting driver from compressed file chromedriver-win64.zip
2026-05-27 11:00:45 [main] INFO  io.github.bonigarcia.wdm.WebDriverManager - Exporting webdriver.chrome.driver as C:\Users\STZ\.cache\selenium\chromedriver\win64\148.0.7778.178\chromedriver.exe
2026-05-27 11:00:48 [main] INFO  com.swaglabtest.pages.BaseClass - Browser initialized successfully: chrome
2026-05-27 11:00:48 [main] INFO  com.swaglabtest.pages.BaseClass - Test started: UserLogingWithCredentials
2026-05-27 11:00:48 [main] INFO  com.swaglabtest.pages.BaseClass - Test Passed: UserLogingWithCredentials
2026-05-27 11:00:48 [main] INFO  com.swaglabtest.pages.BaseClass - Browser closed for class
2026-05-27 11:00:48 [main] INFO  com.swaglabtest.pages.BaseClass - Initializing browser...
2026-05-27 11:00:48 [main] INFO  com.swaglabtest.pages.BaseClass - Browser selected: chrome
2026-05-27 11:00:49 [main] INFO  io.github.bonigarcia.wdm.WebDriverManager - Using chromedriver 148.0.7778.178 (resolved driver for Chrome 148)
2026-05-27 11:00:50 [main] INFO  io.github.bonigarcia.wdm.online.Downloader - Downloading https://storage.googleapis.com/chrome-for-testing-public/148.0.7778.178/win64/chromedriver-win64.zip
2026-05-27 11:00:52 [main] INFO  io.github.bonigarcia.wdm.online.Downloader - Extracting driver from compressed file chromedriver-win64.zip
2026-05-27 11:00:52 [main] INFO  io.github.bonigarcia.wdm.WebDriverManager - Exporting webdriver.chrome.driver as C:\Users\STZ\.cache\selenium\chromedriver\win64\148.0.7778.178\chromedriver.exe
2026-05-27 11:00:55 [main] INFO  com.swaglabtest.pages.BaseClass - Browser initialized successfully: chrome
2026-05-27 11:00:55 [main] INFO  com.swaglabtest.pages.BaseClass - Test started: newPurchasing
2026-05-27 11:01:27 [main] INFO  com.swaglabtest.pages.BaseClass - Test Passed: newPurchasing
2026-05-27 11:01:28 [main] INFO  com.swaglabtest.pages.BaseClass - Browser closed for class
2026-05-27 11:01:28 [main] INFO  com.swaglabtest.pages.BaseClass - Initializing browser...
2026-05-27 11:01:28 [main] INFO  com.swaglabtest.pages.BaseClass - Browser selected: firefox
2026-05-27 11:01:28 [main] INFO  io.github.bonigarcia.wdm.WebDriverManager - Using geckodriver 0.36.0 (resolved driver for Firefox 150)
2026-05-27 11:01:28 [main] INFO  io.github.bonigarcia.wdm.WebDriverManager - Reading https://raw.githubusercontent.com/bonigarcia/webdrivermanager/master/docs/mirror/geckodriver to seek geckodriver
2026-05-27 11:01:29 [main] INFO  io.github.bonigarcia.wdm.online.Downloader - Downloading https://github.com/mozilla/geckodriver/releases/download/v0.36.0/geckodriver-v0.36.0-win64.zip
2026-05-27 11:01:31 [main] INFO  io.github.bonigarcia.wdm.online.Downloader - Extracting driver from compressed file geckodriver-v0.36.0-win64.zip
2026-05-27 11:01:31 [main] INFO  io.github.bonigarcia.wdm.WebDriverManager - Exporting webdriver.gecko.driver as C:\Users\STZ\.cache\selenium\geckodriver\win64\0.36.0\geckodriver.exe
2026-05-27 11:01:36 [main] INFO  com.swaglabtest.pages.BaseClass - Browser initialized successfully: firefox
2026-05-27 11:01:36 [main] INFO  com.swaglabtest.pages.BaseClass - Test started: UserLogingWithCredentials
2026-05-27 11:01:36 [main] INFO  com.swaglabtest.pages.BaseClass - Test Passed: UserLogingWithCredentials
2026-05-27 11:01:36 [main] INFO  com.swaglabtest.pages.BaseClass - Browser closed for class
2026-05-27 11:01:36 [main] INFO  com.swaglabtest.pages.BaseClass - Initializing browser...
2026-05-27 11:01:36 [main] INFO  com.swaglabtest.pages.BaseClass - Browser selected: firefox
2026-05-27 11:01:36 [main] INFO  io.github.bonigarcia.wdm.WebDriverManager - Using geckodriver 0.36.0 (resolved driver for Firefox 150)
2026-05-27 11:01:36 [main] INFO  io.github.bonigarcia.wdm.WebDriverManager - Exporting webdriver.gecko.driver as C:\Users\STZ\.cache\selenium\geckodriver\win64\0.36.0\geckodriver.exe
2026-05-27 11:01:41 [main] INFO  com.swaglabtest.pages.BaseClass - Browser initialized successfully: firefox
2026-05-27 11:01:41 [main] INFO  com.swaglabtest.pages.BaseClass - Test started: newPurchasing
2026-05-27 11:02:15 [main] INFO  com.swaglabtest.pages.BaseClass - Test Passed: newPurchasing
2026-05-27 11:02:16 [main] INFO  com.swaglabtest.pages.BaseClass - Browser closed for class
2026-05-27 11:02:16 [main] INFO  com.swaglabtest.pages.BaseClass - Extent Report flushed
2026-05-27 11:49:56 [main] WARN  org.testng.TestNG - Ignoring duplicate listener : io.qameta.allure.testng.AllureTestNg
2026-05-27 11:49:56 [main] WARN  org.testng.TestNG - Ignoring duplicate listener : io.qameta.allure.testng.AllureTestNg
2026-05-27 11:49:56 [main] WARN  org.testng.TestNG - Ignoring duplicate listener : io.qameta.allure.testng.AllureTestNg
2026-05-27 11:49:56 [main] INFO  org.testng.internal.Utils - [TestNG] Running:
  C:\Users\STZ\EclipsWorkspace\NewSwagLab_Project\XMLFiles\testng.xml

2026-05-27 11:49:56 [main] INFO  com.swaglabtest.pages.BaseClass - Starting Test Suite setup...
2026-05-27 11:49:57 [main] INFO  com.swaglabtest.pages.BaseClass - ExcelDataProvider initialized
2026-05-27 11:49:57 [main] INFO  com.swaglabtest.pages.BaseClass - ConfigProvider initialized
2026-05-27 11:49:57 [main] INFO  com.swaglabtest.pages.BaseClass - Extent Reports XML configuration loaded
2026-05-27 11:49:57 [main] INFO  com.swaglabtest.pages.BaseClass - Extent Report initialized at: C:\Users\STZ\EclipsWorkspace\NewSwagLab_Project/Reports/AutomationReport.html
2026-05-27 11:49:57 [main] INFO  com.swaglabtest.pages.BaseClass - Initializing browser...
2026-05-27 11:49:57 [main] INFO  com.swaglabtest.pages.BaseClass - Browser selected: chrome
2026-05-27 11:49:59 [main] INFO  io.github.bonigarcia.wdm.WebDriverManager - Using chromedriver 148.0.7778.178 (resolved driver for Chrome 148)
2026-05-27 11:49:59 [main] INFO  io.github.bonigarcia.wdm.online.Downloader - Downloading https://storage.googleapis.com/chrome-for-testing-public/148.0.7778.178/win64/chromedriver-win64.zip
2026-05-27 11:50:04 [main] INFO  io.github.bonigarcia.wdm.online.Downloader - Extracting driver from compressed file chromedriver-win64.zip
2026-05-27 11:50:04 [main] INFO  io.github.bonigarcia.wdm.WebDriverManager - Exporting webdriver.chrome.driver as C:\Users\STZ\.cache\selenium\chromedriver\win64\148.0.7778.178\chromedriver.exe
2026-05-27 11:50:08 [main] INFO  com.swaglabtest.pages.BaseClass - Browser initialized successfully: chrome
2026-05-27 11:50:08 [main] INFO  com.swaglabtest.pages.BaseClass - Test started: UserLogingWithCredentials
2026-05-27 11:50:08 [main] INFO  com.swaglabtest.pages.BaseClass - Test Passed: UserLogingWithCredentials
2026-05-27 11:50:08 [main] INFO  com.swaglabtest.pages.BaseClass - Browser closed for class
2026-05-27 11:50:08 [main] INFO  com.swaglabtest.pages.BaseClass - Initializing browser...
2026-05-27 11:50:08 [main] INFO  com.swaglabtest.pages.BaseClass - Browser selected: chrome
2026-05-27 11:50:09 [main] INFO  io.github.bonigarcia.wdm.WebDriverManager - Using chromedriver 148.0.7778.178 (resolved driver for Chrome 148)
2026-05-27 11:50:09 [main] INFO  io.github.bonigarcia.wdm.online.Downloader - Downloading https://storage.googleapis.com/chrome-for-testing-public/148.0.7778.178/win64/chromedriver-win64.zip
2026-05-27 11:50:16 [main] INFO  io.github.bonigarcia.wdm.online.Downloader - Extracting driver from compressed file chromedriver-win64.zip
2026-05-27 11:50:16 [main] INFO  io.github.bonigarcia.wdm.WebDriverManager - Exporting webdriver.chrome.driver as C:\Users\STZ\.cache\selenium\chromedriver\win64\148.0.7778.178\chromedriver.exe
2026-05-27 11:50:18 [main] INFO  com.swaglabtest.pages.BaseClass - Browser initialized successfully: chrome
2026-05-27 11:50:18 [main] INFO  com.swaglabtest.pages.BaseClass - Test started: newPurchasing
2026-05-27 11:51:33 [main] ERROR com.swaglabtest.pages.BaseClass - Test Failed: newPurchasing
org.openqa.selenium.TimeoutException: Expected condition failed: waiting for visibility of element located by By.xpath: //a[@id='item_1_title_link']/div (tried for 40 second(s) with 500 milliseconds interval)
Build info: version: '4.24.0', revision: '748ffc9bc3'
System info: os.name: 'Windows 11', os.arch: 'amd64', os.version: '10.0', java.version: '21.0.5'
Driver info: org.openqa.selenium.chrome.ChromeDriver
Capabilities {acceptInsecureCerts: false, browserName: chrome, browserVersion: 148.0.7778.179, chrome: {chromedriverVersion: 148.0.7778.178 (d096af1c9e9..., userDataDir: C:\Users\STZ\AppData\Local\...}, fedcm:accounts: true, goog:chromeOptions: {debuggerAddress: localhost:56741}, goog:processID: 17512, networkConnectionEnabled: false, pageLoadStrategy: normal, platformName: windows, proxy: Proxy(), se:cdp: ws://localhost:56741/devtoo..., se:cdpVersion: 148.0.7778.179, setWindowRect: true, strictFileInteractability: false, timeouts: {implicit: 0, pageLoad: 300000, script: 30000}, unhandledPromptBehavior: dismiss and notify, webauthn:extension:credBlob: true, webauthn:extension:largeBlob: true, webauthn:extension:minPinLength: true, webauthn:extension:prf: true, webauthn:virtualAuthenticators: true}
Session ID: f18dc888333e828208c6ecbba9e4d2db
	at org.openqa.selenium.support.ui.WebDriverWait.timeoutException(WebDriverWait.java:84) ~[selenium-support-4.24.0.jar:?]
	at org.openqa.selenium.support.ui.FluentWait.until(FluentWait.java:228) ~[selenium-support-4.24.0.jar:?]
	at com.swaglabtest.pages.ItemPurchase.newPurchasing(ItemPurchase.java:122) ~[test-classes/:?]
	at com.swaglabtest.testcases.NewPurchaseTest.newPurchasing(NewPurchaseTest.java:52) ~[test-classes/:?]
	at java.base/jdk.internal.reflect.DirectMethodHandleAccessor.invoke(DirectMethodHandleAccessor.java:103) ~[?:?]
	at java.base/java.lang.reflect.Method.invoke(Method.java:580) ~[?:?]
	at org.testng.internal.invokers.MethodInvocationHelper.invokeMethod(MethodInvocationHelper.java:141) ~[testng-7.10.1.jar:7.10.1]
	at org.testng.internal.invokers.TestInvoker.invokeMethod(TestInvoker.java:686) ~[testng-7.10.1.jar:7.10.1]
	at org.testng.internal.invokers.TestInvoker.invokeTestMethod(TestInvoker.java:230) ~[testng-7.10.1.jar:7.10.1]
	at org.testng.internal.invokers.MethodRunner.runInSequence(MethodRunner.java:63) ~[testng-7.10.1.jar:7.10.1]
	at org.testng.internal.invokers.TestInvoker$MethodInvocationAgent.invoke(TestInvoker.java:992) ~[testng-7.10.1.jar:7.10.1]
	at org.testng.internal.invokers.TestInvoker.invokeTestMethods(TestInvoker.java:203) ~[testng-7.10.1.jar:7.10.1]
	at org.testng.internal.invokers.TestMethodWorker.invokeTestMethods(TestMethodWorker.java:154) ~[testng-7.10.1.jar:7.10.1]
	at org.testng.internal.invokers.TestMethodWorker.run(TestMethodWorker.java:134) ~[testng-7.10.1.jar:7.10.1]
	at java.base/java.util.ArrayList.forEach(ArrayList.java:1596) [?:?]
	at org.testng.TestRunner.privateRun(TestRunner.java:739) [testng-7.10.1.jar:7.10.1]
	at org.testng.TestRunner.run(TestRunner.java:614) [testng-7.10.1.jar:7.10.1]
	at org.testng.SuiteRunner.runTest(SuiteRunner.java:421) [testng-7.10.1.jar:7.10.1]
	at org.testng.SuiteRunner.runSequentially(SuiteRunner.java:413) [testng-7.10.1.jar:7.10.1]
	at org.testng.SuiteRunner.privateRun(SuiteRunner.java:373) [testng-7.10.1.jar:7.10.1]
	at org.testng.SuiteRunner.run(SuiteRunner.java:312) [testng-7.10.1.jar:7.10.1]
	at org.testng.SuiteRunnerWorker.runSuite(SuiteRunnerWorker.java:52) [testng-7.10.1.jar:7.10.1]
	at org.testng.SuiteRunnerWorker.run(SuiteRunnerWorker.java:95) [testng-7.10.1.jar:7.10.1]
	at org.testng.TestNG.runSuitesSequentially(TestNG.java:1274) [testng-7.10.1.jar:7.10.1]
	at org.testng.TestNG.runSuitesLocally(TestNG.java:1208) [testng-7.10.1.jar:7.10.1]
	at org.testng.TestNG.runSuites(TestNG.java:1112) [testng-7.10.1.jar:7.10.1]
	at org.testng.TestNG.run(TestNG.java:1079) [testng-7.10.1.jar:7.10.1]
	at org.testng.remote.AbstractRemoteTestNG.run(AbstractRemoteTestNG.java:115) [testng-remote.jar:?]
	at org.testng.remote.RemoteTestNG.initAndRun(RemoteTestNG.java:293) [testng-remote.jar:?]
	at org.testng.remote.RemoteTestNG.main(RemoteTestNG.java:91) [testng-remote.jar:?]
2026-05-27 11:51:33 [main] INFO  com.swaglabtest.pages.BaseClass - Browser closed for class
2026-05-27 11:51:33 [main] INFO  com.swaglabtest.pages.BaseClass - Initializing browser...
2026-05-27 11:51:33 [main] INFO  com.swaglabtest.pages.BaseClass - Browser selected: firefox
2026-05-27 11:51:34 [main] INFO  io.github.bonigarcia.wdm.WebDriverManager - Using geckodriver 0.36.0 (resolved driver for Firefox 150)
2026-05-27 11:51:34 [main] INFO  io.github.bonigarcia.wdm.WebDriverManager - Reading https://raw.githubusercontent.com/bonigarcia/webdrivermanager/master/docs/mirror/geckodriver to seek geckodriver
2026-05-27 11:51:34 [main] INFO  io.github.bonigarcia.wdm.online.Downloader - Downloading https://github.com/mozilla/geckodriver/releases/download/v0.36.0/geckodriver-v0.36.0-win64.zip
2026-05-27 11:51:36 [main] INFO  io.github.bonigarcia.wdm.online.Downloader - Extracting driver from compressed file geckodriver-v0.36.0-win64.zip
2026-05-27 11:51:36 [main] INFO  io.github.bonigarcia.wdm.WebDriverManager - Exporting webdriver.gecko.driver as C:\Users\STZ\.cache\selenium\geckodriver\win64\0.36.0\geckodriver.exe
2026-05-27 11:51:41 [main] INFO  com.swaglabtest.pages.BaseClass - Browser initialized successfully: firefox
2026-05-27 11:51:41 [main] INFO  com.swaglabtest.pages.BaseClass - Test started: UserLogingWithCredentials
2026-05-27 11:51:41 [main] INFO  com.swaglabtest.pages.BaseClass - Test Passed: UserLogingWithCredentials
2026-05-27 11:51:42 [main] INFO  com.swaglabtest.pages.BaseClass - Browser closed for class
2026-05-27 11:51:42 [main] INFO  com.swaglabtest.pages.BaseClass - Initializing browser...
2026-05-27 11:51:42 [main] INFO  com.swaglabtest.pages.BaseClass - Browser selected: firefox
2026-05-27 11:51:42 [main] INFO  io.github.bonigarcia.wdm.WebDriverManager - Using geckodriver 0.36.0 (resolved driver for Firefox 150)
2026-05-27 11:51:42 [main] INFO  io.github.bonigarcia.wdm.WebDriverManager - Exporting webdriver.gecko.driver as C:\Users\STZ\.cache\selenium\geckodriver\win64\0.36.0\geckodriver.exe
2026-05-27 11:51:47 [main] INFO  com.swaglabtest.pages.BaseClass - Browser initialized successfully: firefox
2026-05-27 11:51:47 [main] INFO  com.swaglabtest.pages.BaseClass - Test started: newPurchasing
2026-05-27 11:53:01 [main] ERROR com.swaglabtest.pages.BaseClass - Test Failed: newPurchasing
org.openqa.selenium.TimeoutException: Expected condition failed: waiting for visibility of element located by By.xpath: //a[@id='item_1_title_link']/div (tried for 40 second(s) with 500 milliseconds interval)
Build info: version: '4.24.0', revision: '748ffc9bc3'
System info: os.name: 'Windows 11', os.arch: 'amd64', os.version: '10.0', java.version: '21.0.5'
Driver info: org.openqa.selenium.firefox.FirefoxDriver
Capabilities {acceptInsecureCerts: true, browserName: firefox, browserVersion: 150.0.2, moz:accessibilityChecks: false, moz:buildID: 20260506140522, moz:geckodriverVersion: 0.36.0, moz:headless: true, moz:platformVersion: 10.0, moz:processID: 10052, moz:profile: C:\Users\STZ\AppData\Local\..., moz:shutdownTimeout: 60000, moz:webdriverClick: true, moz:windowless: false, pageLoadStrategy: normal, platformName: windows, proxy: Proxy(), setWindowRect: true, strictFileInteractability: false, timeouts: {implicit: 0, pageLoad: 300000, script: 30000}, unhandledPromptBehavior: dismiss and notify, userAgent: Mozilla/5.0 (Windows NT 10....}
Session ID: a861fb39-1373-4a0b-af78-7283379df081
	at org.openqa.selenium.support.ui.WebDriverWait.timeoutException(WebDriverWait.java:84) ~[selenium-support-4.24.0.jar:?]
	at org.openqa.selenium.support.ui.FluentWait.until(FluentWait.java:228) ~[selenium-support-4.24.0.jar:?]
	at com.swaglabtest.pages.ItemPurchase.newPurchasing(ItemPurchase.java:122) ~[test-classes/:?]
	at com.swaglabtest.testcases.NewPurchaseTest.newPurchasing(NewPurchaseTest.java:52) ~[test-classes/:?]
	at java.base/jdk.internal.reflect.DirectMethodHandleAccessor.invoke(DirectMethodHandleAccessor.java:103) ~[?:?]
	at java.base/java.lang.reflect.Method.invoke(Method.java:580) ~[?:?]
	at org.testng.internal.invokers.MethodInvocationHelper.invokeMethod(MethodInvocationHelper.java:141) ~[testng-7.10.1.jar:7.10.1]
	at org.testng.internal.invokers.TestInvoker.invokeMethod(TestInvoker.java:686) ~[testng-7.10.1.jar:7.10.1]
	at org.testng.internal.invokers.TestInvoker.invokeTestMethod(TestInvoker.java:230) ~[testng-7.10.1.jar:7.10.1]
	at org.testng.internal.invokers.MethodRunner.runInSequence(MethodRunner.java:63) ~[testng-7.10.1.jar:7.10.1]
	at org.testng.internal.invokers.TestInvoker$MethodInvocationAgent.invoke(TestInvoker.java:992) ~[testng-7.10.1.jar:7.10.1]
	at org.testng.internal.invokers.TestInvoker.invokeTestMethods(TestInvoker.java:203) ~[testng-7.10.1.jar:7.10.1]
	at org.testng.internal.invokers.TestMethodWorker.invokeTestMethods(TestMethodWorker.java:154) ~[testng-7.10.1.jar:7.10.1]
	at org.testng.internal.invokers.TestMethodWorker.run(TestMethodWorker.java:134) ~[testng-7.10.1.jar:7.10.1]
	at java.base/java.util.ArrayList.forEach(ArrayList.java:1596) [?:?]
	at org.testng.TestRunner.privateRun(TestRunner.java:739) [testng-7.10.1.jar:7.10.1]
	at org.testng.TestRunner.run(TestRunner.java:614) [testng-7.10.1.jar:7.10.1]
	at org.testng.SuiteRunner.runTest(SuiteRunner.java:421) [testng-7.10.1.jar:7.10.1]
	at org.testng.SuiteRunner.runSequentially(SuiteRunner.java:413) [testng-7.10.1.jar:7.10.1]
	at org.testng.SuiteRunner.privateRun(SuiteRunner.java:373) [testng-7.10.1.jar:7.10.1]
	at org.testng.SuiteRunner.run(SuiteRunner.java:312) [testng-7.10.1.jar:7.10.1]
	at org.testng.SuiteRunnerWorker.runSuite(SuiteRunnerWorker.java:52) [testng-7.10.1.jar:7.10.1]
	at org.testng.SuiteRunnerWorker.run(SuiteRunnerWorker.java:95) [testng-7.10.1.jar:7.10.1]
	at org.testng.TestNG.runSuitesSequentially(TestNG.java:1274) [testng-7.10.1.jar:7.10.1]
	at org.testng.TestNG.runSuitesLocally(TestNG.java:1208) [testng-7.10.1.jar:7.10.1]
	at org.testng.TestNG.runSuites(TestNG.java:1112) [testng-7.10.1.jar:7.10.1]
	at org.testng.TestNG.run(TestNG.java:1079) [testng-7.10.1.jar:7.10.1]
	at org.testng.remote.AbstractRemoteTestNG.run(AbstractRemoteTestNG.java:115) [testng-remote.jar:?]
	at org.testng.remote.RemoteTestNG.initAndRun(RemoteTestNG.java:293) [testng-remote.jar:?]
	at org.testng.remote.RemoteTestNG.main(RemoteTestNG.java:91) [testng-remote.jar:?]
2026-05-27 11:53:02 [main] INFO  com.swaglabtest.pages.BaseClass - Browser closed for class
2026-05-27 11:53:02 [main] INFO  com.swaglabtest.pages.BaseClass - Extent Report flushed
2026-05-27 12:02:34 [main] INFO  org.testng.internal.Utils - [Utils] MethodGroupsHelper.collectMethodsByGroup() took 5 ms.
2026-05-27 12:02:34 [main] INFO  org.testng.internal.Utils - [Utils] MethodGroupsHelper.sortMethods() took 16 ms.
2026-05-27 12:02:34 [main] INFO  org.testng.internal.Utils - [Utils] MethodGroupsHelper.collectMethodsByGroup() took 0 ms.
2026-05-27 12:02:34 [main] INFO  org.testng.internal.Utils - [Utils] MethodGroupsHelper.sortMethods() took 0 ms.
2026-05-27 12:02:34 [main] INFO  org.testng.internal.Utils - [Utils] MethodGroupsHelper.collectMethodsByGroup() took 0 ms.
2026-05-27 12:02:34 [main] INFO  org.testng.internal.Utils - [Utils] MethodGroupsHelper.sortMethods() took 0 ms.
2026-05-27 12:02:34 [main] INFO  org.testng.internal.Utils - [Utils] MethodGroupsHelper.collectMethodsByGroup() took 0 ms.
2026-05-27 12:02:34 [main] INFO  org.testng.internal.Utils - [Utils] MethodGroupsHelper.sortMethods() took 0 ms.
2026-05-27 12:02:34 [main] INFO  org.testng.internal.Utils - [Utils] MethodGroupsHelper.collectMethodsByGroup() took 0 ms.
2026-05-27 12:02:34 [main] INFO  org.testng.internal.Utils - [Utils] MethodGroupsHelper.sortMethods() took 0 ms.
2026-05-27 12:02:34 [main] INFO  org.testng.internal.Utils - [Utils] MethodGroupsHelper.collectMethodsByGroup() took 0 ms.
2026-05-27 12:02:34 [main] INFO  org.testng.internal.Utils - [Utils] MethodGroupsHelper.sortMethods() took 0 ms.
2026-05-27 12:02:34 [main] INFO  org.testng.internal.Utils - [Utils] MethodGroupsHelper.collectMethodsByGroup() took 0 ms.
2026-05-27 12:02:34 [main] INFO  org.testng.internal.Utils - [Utils] MethodGroupsHelper.sortMethods() took 0 ms.
2026-05-27 12:02:34 [main] INFO  org.testng.internal.Utils - [Utils] MethodGroupsHelper.collectMethodsByGroup() took 0 ms.
2026-05-27 12:02:34 [main] INFO  org.testng.internal.Utils - [Utils] MethodGroupsHelper.sortMethods() took 0 ms.
2026-05-27 12:02:34 [main] INFO  org.testng.internal.Utils - [Utils] MethodGroupsHelper.collectMethodsByGroup() took 0 ms.
2026-05-27 12:02:34 [main] INFO  org.testng.internal.Utils - [Utils] MethodGroupsHelper.sortMethods() took 7 ms.
2026-05-27 12:02:34 [main] INFO  org.testng.internal.Utils - [Utils] MethodGroupsHelper.collectMethodsByGroup() took 0 ms.
2026-05-27 12:02:34 [main] INFO  org.testng.internal.Utils - [Utils] MethodGroupsHelper.sortMethods() took 0 ms.
2026-05-27 12:02:34 [main] INFO  org.testng.internal.Utils - [Utils] MethodGroupsHelper.collectMethodsByGroup() took 0 ms.
2026-05-27 12:02:34 [main] INFO  org.testng.internal.Utils - [Utils] MethodGroupsHelper.sortMethods() took 0 ms.
2026-05-27 12:02:34 [main] INFO  org.testng.internal.Utils - [Utils] MethodGroupsHelper.collectMethodsByGroup() took 0 ms.
2026-05-27 12:02:34 [main] INFO  org.testng.internal.Utils - [Utils] MethodGroupsHelper.sortMethods() took 0 ms.
2026-05-27 12:02:34 [main] INFO  org.testng.internal.Utils - [Utils] MethodGroupsHelper.collectMethodsByGroup() took 0 ms.
2026-05-27 12:02:34 [main] INFO  org.testng.internal.Utils - [Utils] MethodGroupsHelper.sortMethods() took 0 ms.
2026-05-27 12:02:34 [main] INFO  org.testng.internal.Utils - [Utils] MethodGroupsHelper.collectMethodsByGroup() took 0 ms.
2026-05-27 12:02:34 [main] INFO  org.testng.internal.Utils - [Utils] MethodGroupsHelper.sortMethods() took 0 ms.
2026-05-27 12:02:34 [main] INFO  org.testng.internal.Utils - [Utils] MethodGroupsHelper.collectMethodsByGroup() took 0 ms.
2026-05-27 12:02:34 [main] INFO  org.testng.internal.Utils - [Utils] MethodGroupsHelper.sortMethods() took 0 ms.
2026-05-27 12:02:34 [main] INFO  org.testng.internal.Utils - [TestNG] Running:
  C:\Users\STZ\AppData\Local\Temp\testng-eclipse-356261344\testng-customsuite.xml

2026-05-27 12:02:34 [main] INFO  com.swaglabtest.pages.BaseClass - Starting Test Suite setup...
2026-05-27 12:02:35 [main] INFO  com.swaglabtest.pages.BaseClass - ExcelDataProvider initialized
2026-05-27 12:02:35 [main] INFO  com.swaglabtest.pages.BaseClass - ConfigProvider initialized
2026-05-27 12:02:35 [main] INFO  com.swaglabtest.pages.BaseClass - Extent Reports XML configuration loaded
2026-05-27 12:02:35 [main] INFO  com.swaglabtest.pages.BaseClass - Extent Report initialized at: C:\Users\STZ\EclipsWorkspace\NewSwagLab_Project/Reports/AutomationReport.html
2026-05-27 12:02:35 [main] INFO  org.testng.internal.Utils - [Utils] DynamicGraphHelper.createDynamicGraph() took 2 ms.
2026-05-27 12:02:35 [main] INFO  com.swaglabtest.pages.BaseClass - Initializing browser...
2026-05-27 12:02:35 [main] INFO  com.swaglabtest.pages.BaseClass - Browser selected: chrome
2026-05-27 12:02:37 [main] INFO  io.github.bonigarcia.wdm.WebDriverManager - Using chromedriver 148.0.7778.178 (resolved driver for Chrome 148)
2026-05-27 12:02:38 [main] INFO  io.github.bonigarcia.wdm.online.Downloader - Downloading https://storage.googleapis.com/chrome-for-testing-public/148.0.7778.178/win64/chromedriver-win64.zip
2026-05-27 12:02:42 [main] INFO  io.github.bonigarcia.wdm.online.Downloader - Extracting driver from compressed file chromedriver-win64.zip
2026-05-27 12:02:42 [main] INFO  io.github.bonigarcia.wdm.WebDriverManager - Exporting webdriver.chrome.driver as C:\Users\STZ\.cache\selenium\chromedriver\win64\148.0.7778.178\chromedriver.exe
2026-05-27 12:02:45 [main] INFO  com.swaglabtest.pages.BaseClass - Browser initialized successfully: chrome
2026-05-27 12:02:45 [main] INFO  com.swaglabtest.pages.BaseClass - Test started: newPurchasing
2026-05-27 12:03:59 [main] ERROR com.swaglabtest.pages.BaseClass - Test Failed: newPurchasing
org.openqa.selenium.TimeoutException: Expected condition failed: waiting for visibility of element located by By.xpath: //a[@id='item_1_title_link']/div (tried for 40 second(s) with 500 milliseconds interval)
Build info: version: '4.24.0', revision: '748ffc9bc3'
System info: os.name: 'Windows 11', os.arch: 'amd64', os.version: '10.0', java.version: '21.0.5'
Driver info: org.openqa.selenium.chrome.ChromeDriver
Capabilities {acceptInsecureCerts: false, browserName: chrome, browserVersion: 148.0.7778.179, chrome: {chromedriverVersion: 148.0.7778.178 (d096af1c9e9..., userDataDir: C:\Users\STZ\AppData\Local\...}, fedcm:accounts: true, goog:chromeOptions: {debuggerAddress: localhost:60492}, goog:processID: 13876, networkConnectionEnabled: false, pageLoadStrategy: normal, platformName: windows, proxy: Proxy(), se:cdp: ws://localhost:60492/devtoo..., se:cdpVersion: 148.0.7778.179, setWindowRect: true, strictFileInteractability: false, timeouts: {implicit: 0, pageLoad: 300000, script: 30000}, unhandledPromptBehavior: dismiss and notify, webauthn:extension:credBlob: true, webauthn:extension:largeBlob: true, webauthn:extension:minPinLength: true, webauthn:extension:prf: true, webauthn:virtualAuthenticators: true}
Session ID: 23c4446ced3a94e1324c58dc53eeb36b
	at org.openqa.selenium.support.ui.WebDriverWait.timeoutException(WebDriverWait.java:84) ~[selenium-support-4.24.0.jar:?]
	at org.openqa.selenium.support.ui.FluentWait.until(FluentWait.java:228) ~[selenium-support-4.24.0.jar:?]
	at com.swaglabtest.pages.ItemPurchase.newPurchasing(ItemPurchase.java:122) ~[test-classes/:?]
	at com.swaglabtest.testcases.NewPurchaseTest.newPurchasing(NewPurchaseTest.java:52) ~[test-classes/:?]
	at java.base/jdk.internal.reflect.DirectMethodHandleAccessor.invoke(DirectMethodHandleAccessor.java:103) ~[?:?]
	at java.base/java.lang.reflect.Method.invoke(Method.java:580) ~[?:?]
	at org.testng.internal.invokers.MethodInvocationHelper.invokeMethod(MethodInvocationHelper.java:141) ~[testng-7.10.1.jar:7.10.1]
	at org.testng.internal.invokers.TestInvoker.invokeMethod(TestInvoker.java:686) ~[testng-7.10.1.jar:7.10.1]
	at org.testng.internal.invokers.TestInvoker.invokeTestMethod(TestInvoker.java:230) ~[testng-7.10.1.jar:7.10.1]
	at org.testng.internal.invokers.MethodRunner.runInSequence(MethodRunner.java:63) ~[testng-7.10.1.jar:7.10.1]
	at org.testng.internal.invokers.TestInvoker$MethodInvocationAgent.invoke(TestInvoker.java:992) ~[testng-7.10.1.jar:7.10.1]
	at org.testng.internal.invokers.TestInvoker.invokeTestMethods(TestInvoker.java:203) ~[testng-7.10.1.jar:7.10.1]
	at org.testng.internal.invokers.TestMethodWorker.invokeTestMethods(TestMethodWorker.java:154) ~[testng-7.10.1.jar:7.10.1]
	at org.testng.internal.invokers.TestMethodWorker.run(TestMethodWorker.java:134) ~[testng-7.10.1.jar:7.10.1]
	at java.base/java.util.ArrayList.forEach(ArrayList.java:1596) [?:?]
	at org.testng.TestRunner.privateRun(TestRunner.java:739) [testng-7.10.1.jar:7.10.1]
	at org.testng.TestRunner.run(TestRunner.java:614) [testng-7.10.1.jar:7.10.1]
	at org.testng.SuiteRunner.runTest(SuiteRunner.java:421) [testng-7.10.1.jar:7.10.1]
	at org.testng.SuiteRunner.runSequentially(SuiteRunner.java:413) [testng-7.10.1.jar:7.10.1]
	at org.testng.SuiteRunner.privateRun(SuiteRunner.java:373) [testng-7.10.1.jar:7.10.1]
	at org.testng.SuiteRunner.run(SuiteRunner.java:312) [testng-7.10.1.jar:7.10.1]
	at org.testng.SuiteRunnerWorker.runSuite(SuiteRunnerWorker.java:52) [testng-7.10.1.jar:7.10.1]
	at org.testng.SuiteRunnerWorker.run(SuiteRunnerWorker.java:95) [testng-7.10.1.jar:7.10.1]
	at org.testng.TestNG.runSuitesSequentially(TestNG.java:1274) [testng-7.10.1.jar:7.10.1]
	at org.testng.TestNG.runSuitesLocally(TestNG.java:1208) [testng-7.10.1.jar:7.10.1]
	at org.testng.TestNG.runSuites(TestNG.java:1112) [testng-7.10.1.jar:7.10.1]
	at org.testng.TestNG.run(TestNG.java:1079) [testng-7.10.1.jar:7.10.1]
	at org.testng.remote.AbstractRemoteTestNG.run(AbstractRemoteTestNG.java:115) [testng-remote.jar:?]
	at org.testng.remote.RemoteTestNG.initAndRun(RemoteTestNG.java:293) [testng-remote.jar:?]
	at org.testng.remote.RemoteTestNG.main(RemoteTestNG.java:91) [testng-remote.jar:?]
2026-05-27 12:03:59 [main] INFO  com.swaglabtest.pages.BaseClass - Browser closed for class
2026-05-27 12:04:00 [main] INFO  com.swaglabtest.pages.BaseClass - Extent Report flushed
2026-05-27 12:04:00 [main] INFO  org.testng.internal.Utils - [TestNG] Time taken by org.testng.reporters.jq.Main@72001c71: 93 ms
2026-05-27 12:04:00 [main] INFO  org.testng.internal.Utils - [TestNG] Time taken by org.testng.reporters.FailedReporter@1de30c31: 14 ms
2026-05-27 12:04:00 [main] INFO  org.testng.internal.Utils - [TestNG] Time taken by org.testng.reporters.XMLReporter@21a9f95b: 12 ms
2026-05-27 12:04:00 [main] INFO  org.testng.internal.Utils - [TestNG] Time taken by org.testng.reporters.EmailableReporter2@17003497: 10 ms
2026-05-27 12:04:00 [main] INFO  org.testng.internal.Utils - [TestNG] Time taken by org.testng.reporters.JUnitReportReporter@71b3ba5a: 20 ms
2026-05-27 12:04:00 [main] INFO  org.testng.internal.Utils - [TestNG] Time taken by org.testng.internal.ExitCodeListener@83ebdc5: 0 ms
2026-05-27 12:08:43 [main] INFO  org.testng.internal.Utils - [Utils] MethodGroupsHelper.collectMethodsByGroup() took 6 ms.
2026-05-27 12:08:43 [main] INFO  org.testng.internal.Utils - [Utils] MethodGroupsHelper.sortMethods() took 8 ms.
2026-05-27 12:08:43 [main] INFO  org.testng.internal.Utils - [Utils] MethodGroupsHelper.collectMethodsByGroup() took 0 ms.
2026-05-27 12:08:43 [main] INFO  org.testng.internal.Utils - [Utils] MethodGroupsHelper.sortMethods() took 1 ms.
2026-05-27 12:08:43 [main] INFO  org.testng.internal.Utils - [Utils] MethodGroupsHelper.collectMethodsByGroup() took 0 ms.
2026-05-27 12:08:43 [main] INFO  org.testng.internal.Utils - [Utils] MethodGroupsHelper.sortMethods() took 0 ms.
2026-05-27 12:08:43 [main] INFO  org.testng.internal.Utils - [Utils] MethodGroupsHelper.collectMethodsByGroup() took 0 ms.
2026-05-27 12:08:43 [main] INFO  org.testng.internal.Utils - [Utils] MethodGroupsHelper.sortMethods() took 0 ms.
2026-05-27 12:08:43 [main] INFO  org.testng.internal.Utils - [Utils] MethodGroupsHelper.collectMethodsByGroup() took 0 ms.
2026-05-27 12:08:43 [main] INFO  org.testng.internal.Utils - [Utils] MethodGroupsHelper.sortMethods() took 0 ms.
2026-05-27 12:08:43 [main] INFO  org.testng.internal.Utils - [Utils] MethodGroupsHelper.collectMethodsByGroup() took 0 ms.
2026-05-27 12:08:43 [main] INFO  org.testng.internal.Utils - [Utils] MethodGroupsHelper.sortMethods() took 0 ms.
2026-05-27 12:08:43 [main] INFO  org.testng.internal.Utils - [Utils] MethodGroupsHelper.collectMethodsByGroup() took 0 ms.
2026-05-27 12:08:43 [main] INFO  org.testng.internal.Utils - [Utils] MethodGroupsHelper.sortMethods() took 0 ms.
2026-05-27 12:08:43 [main] INFO  org.testng.internal.Utils - [Utils] MethodGroupsHelper.collectMethodsByGroup() took 0 ms.
2026-05-27 12:08:43 [main] INFO  org.testng.internal.Utils - [Utils] MethodGroupsHelper.sortMethods() took 0 ms.
2026-05-27 12:08:43 [main] INFO  org.testng.internal.Utils - [Utils] MethodGroupsHelper.collectMethodsByGroup() took 1 ms.
2026-05-27 12:08:43 [main] INFO  org.testng.internal.Utils - [Utils] MethodGroupsHelper.sortMethods() took 10 ms.
2026-05-27 12:08:43 [main] INFO  org.testng.internal.Utils - [Utils] MethodGroupsHelper.collectMethodsByGroup() took 0 ms.
2026-05-27 12:08:43 [main] INFO  org.testng.internal.Utils - [Utils] MethodGroupsHelper.sortMethods() took 1 ms.
2026-05-27 12:08:43 [main] INFO  org.testng.internal.Utils - [Utils] MethodGroupsHelper.collectMethodsByGroup() took 0 ms.
2026-05-27 12:08:43 [main] INFO  org.testng.internal.Utils - [Utils] MethodGroupsHelper.sortMethods() took 0 ms.
2026-05-27 12:08:43 [main] INFO  org.testng.internal.Utils - [Utils] MethodGroupsHelper.collectMethodsByGroup() took 0 ms.
2026-05-27 12:08:43 [main] INFO  org.testng.internal.Utils - [Utils] MethodGroupsHelper.sortMethods() took 0 ms.
2026-05-27 12:08:43 [main] INFO  org.testng.internal.Utils - [Utils] MethodGroupsHelper.collectMethodsByGroup() took 0 ms.
2026-05-27 12:08:43 [main] INFO  org.testng.internal.Utils - [Utils] MethodGroupsHelper.sortMethods() took 1 ms.
2026-05-27 12:08:43 [main] INFO  org.testng.internal.Utils - [Utils] MethodGroupsHelper.collectMethodsByGroup() took 0 ms.
2026-05-27 12:08:43 [main] INFO  org.testng.internal.Utils - [Utils] MethodGroupsHelper.sortMethods() took 0 ms.
2026-05-27 12:08:43 [main] INFO  org.testng.internal.Utils - [Utils] MethodGroupsHelper.collectMethodsByGroup() took 0 ms.
2026-05-27 12:08:43 [main] INFO  org.testng.internal.Utils - [Utils] MethodGroupsHelper.sortMethods() took 0 ms.
2026-05-27 12:08:43 [main] INFO  org.testng.internal.Utils - [TestNG] Running:
  C:\Users\STZ\AppData\Local\Temp\testng-eclipse-2118900036\testng-customsuite.xml

2026-05-27 12:08:43 [main] INFO  com.swaglabtest.pages.BaseClass - Starting Test Suite setup...
2026-05-27 12:08:44 [main] INFO  com.swaglabtest.pages.BaseClass - ExcelDataProvider initialized
2026-05-27 12:08:44 [main] INFO  com.swaglabtest.pages.BaseClass - ConfigProvider initialized
2026-05-27 12:08:44 [main] INFO  com.swaglabtest.pages.BaseClass - Extent Reports XML configuration loaded
2026-05-27 12:08:44 [main] INFO  com.swaglabtest.pages.BaseClass - Extent Report initialized at: C:\Users\STZ\EclipsWorkspace\NewSwagLab_Project/Reports/AutomationReport.html
2026-05-27 12:08:44 [main] INFO  org.testng.internal.Utils - [Utils] DynamicGraphHelper.createDynamicGraph() took 7 ms.
2026-05-27 12:08:45 [main] INFO  com.swaglabtest.pages.BaseClass - Initializing browser...
2026-05-27 12:08:45 [main] INFO  com.swaglabtest.pages.BaseClass - Browser selected: chrome
2026-05-27 12:08:47 [main] INFO  io.github.bonigarcia.wdm.WebDriverManager - Using chromedriver 148.0.7778.178 (resolved driver for Chrome 148)
2026-05-27 12:08:48 [main] INFO  io.github.bonigarcia.wdm.online.Downloader - Downloading https://storage.googleapis.com/chrome-for-testing-public/148.0.7778.178/win64/chromedriver-win64.zip
2026-05-27 12:08:52 [main] INFO  io.github.bonigarcia.wdm.online.Downloader - Extracting driver from compressed file chromedriver-win64.zip
2026-05-27 12:08:52 [main] INFO  io.github.bonigarcia.wdm.WebDriverManager - Exporting webdriver.chrome.driver as C:\Users\STZ\.cache\selenium\chromedriver\win64\148.0.7778.178\chromedriver.exe
2026-05-27 12:08:55 [main] INFO  com.swaglabtest.pages.BaseClass - Browser initialized successfully: chrome
2026-05-27 12:08:55 [main] INFO  com.swaglabtest.pages.BaseClass - Test started: newPurchasing
2026-05-27 12:09:07 [main] ERROR com.swaglabtest.pages.BaseClass - Test Failed: newPurchasing
java.lang.AssertionError: Item was not removed from cart successfully. expected [true] but found [false]
	at org.testng.Assert.fail(Assert.java:111) ~[testng-7.10.1.jar:7.10.1]
	at org.testng.Assert.failNotEquals(Assert.java:1578) ~[testng-7.10.1.jar:7.10.1]
	at org.testng.Assert.assertEqualsImpl(Assert.java:150) ~[testng-7.10.1.jar:7.10.1]
	at org.testng.Assert.assertEquals(Assert.java:132) ~[testng-7.10.1.jar:7.10.1]
	at org.testng.Assert.assertEquals(Assert.java:1067) ~[testng-7.10.1.jar:7.10.1]
	at org.testng.Assert.assertEquals(Assert.java:1031) ~[testng-7.10.1.jar:7.10.1]
	at com.swaglabtest.testcases.NewPurchaseTest.newPurchasing(NewPurchaseTest.java:73) ~[test-classes/:?]
	at java.base/jdk.internal.reflect.DirectMethodHandleAccessor.invoke(DirectMethodHandleAccessor.java:103) ~[?:?]
	at java.base/java.lang.reflect.Method.invoke(Method.java:580) ~[?:?]
	at org.testng.internal.invokers.MethodInvocationHelper.invokeMethod(MethodInvocationHelper.java:141) ~[testng-7.10.1.jar:7.10.1]
	at org.testng.internal.invokers.TestInvoker.invokeMethod(TestInvoker.java:686) ~[testng-7.10.1.jar:7.10.1]
	at org.testng.internal.invokers.TestInvoker.invokeTestMethod(TestInvoker.java:230) ~[testng-7.10.1.jar:7.10.1]
	at org.testng.internal.invokers.MethodRunner.runInSequence(MethodRunner.java:63) ~[testng-7.10.1.jar:7.10.1]
	at org.testng.internal.invokers.TestInvoker$MethodInvocationAgent.invoke(TestInvoker.java:992) ~[testng-7.10.1.jar:7.10.1]
	at org.testng.internal.invokers.TestInvoker.invokeTestMethods(TestInvoker.java:203) ~[testng-7.10.1.jar:7.10.1]
	at org.testng.internal.invokers.TestMethodWorker.invokeTestMethods(TestMethodWorker.java:154) ~[testng-7.10.1.jar:7.10.1]
	at org.testng.internal.invokers.TestMethodWorker.run(TestMethodWorker.java:134) ~[testng-7.10.1.jar:7.10.1]
	at java.base/java.util.ArrayList.forEach(ArrayList.java:1596) [?:?]
	at org.testng.TestRunner.privateRun(TestRunner.java:739) [testng-7.10.1.jar:7.10.1]
	at org.testng.TestRunner.run(TestRunner.java:614) [testng-7.10.1.jar:7.10.1]
	at org.testng.SuiteRunner.runTest(SuiteRunner.java:421) [testng-7.10.1.jar:7.10.1]
	at org.testng.SuiteRunner.runSequentially(SuiteRunner.java:413) [testng-7.10.1.jar:7.10.1]
	at org.testng.SuiteRunner.privateRun(SuiteRunner.java:373) [testng-7.10.1.jar:7.10.1]
	at org.testng.SuiteRunner.run(SuiteRunner.java:312) [testng-7.10.1.jar:7.10.1]
	at org.testng.SuiteRunnerWorker.runSuite(SuiteRunnerWorker.java:52) [testng-7.10.1.jar:7.10.1]
	at org.testng.SuiteRunnerWorker.run(SuiteRunnerWorker.java:95) [testng-7.10.1.jar:7.10.1]
	at org.testng.TestNG.runSuitesSequentially(TestNG.java:1274) [testng-7.10.1.jar:7.10.1]
	at org.testng.TestNG.runSuitesLocally(TestNG.java:1208) [testng-7.10.1.jar:7.10.1]
	at org.testng.TestNG.runSuites(TestNG.java:1112) [testng-7.10.1.jar:7.10.1]
	at org.testng.TestNG.run(TestNG.java:1079) [testng-7.10.1.jar:7.10.1]
	at org.testng.remote.AbstractRemoteTestNG.run(AbstractRemoteTestNG.java:115) [testng-remote.jar:?]
	at org.testng.remote.RemoteTestNG.initAndRun(RemoteTestNG.java:293) [testng-remote.jar:?]
	at org.testng.remote.RemoteTestNG.main(RemoteTestNG.java:91) [testng-remote.jar:?]
2026-05-27 12:09:07 [main] INFO  com.swaglabtest.pages.BaseClass - Browser closed for class
2026-05-27 12:09:07 [main] INFO  com.swaglabtest.pages.BaseClass - Extent Report flushed
2026-05-27 12:09:07 [main] INFO  org.testng.internal.Utils - [TestNG] Time taken by org.testng.reporters.jq.Main@1242d96b: 59 ms
2026-05-27 12:09:07 [main] INFO  org.testng.internal.Utils - [TestNG] Time taken by org.testng.reporters.FailedReporter@2520aa05: 21 ms
2026-05-27 12:09:07 [main] INFO  org.testng.internal.Utils - [TestNG] Time taken by org.testng.reporters.XMLReporter@11cadb32: 21 ms
2026-05-27 12:09:07 [main] INFO  org.testng.internal.Utils - [TestNG] Time taken by org.testng.reporters.EmailableReporter2@5432dca2: 10 ms
2026-05-27 12:09:07 [main] INFO  org.testng.internal.Utils - [TestNG] Time taken by org.testng.reporters.JUnitReportReporter@47797401: 8 ms
2026-05-27 12:09:07 [main] INFO  org.testng.internal.Utils - [TestNG] Time taken by org.testng.internal.ExitCodeListener@702f4124: 1 ms
2026-05-27 12:10:42 [main] INFO  org.testng.internal.Utils - [Utils] MethodGroupsHelper.collectMethodsByGroup() took 7 ms.
2026-05-27 12:10:42 [main] INFO  org.testng.internal.Utils - [Utils] MethodGroupsHelper.sortMethods() took 9 ms.
2026-05-27 12:10:42 [main] INFO  org.testng.internal.Utils - [Utils] MethodGroupsHelper.collectMethodsByGroup() took 0 ms.
2026-05-27 12:10:42 [main] INFO  org.testng.internal.Utils - [Utils] MethodGroupsHelper.sortMethods() took 0 ms.
2026-05-27 12:10:42 [main] INFO  org.testng.internal.Utils - [Utils] MethodGroupsHelper.collectMethodsByGroup() took 0 ms.
2026-05-27 12:10:42 [main] INFO  org.testng.internal.Utils - [Utils] MethodGroupsHelper.sortMethods() took 0 ms.
2026-05-27 12:10:42 [main] INFO  org.testng.internal.Utils - [Utils] MethodGroupsHelper.collectMethodsByGroup() took 0 ms.
2026-05-27 12:10:42 [main] INFO  org.testng.internal.Utils - [Utils] MethodGroupsHelper.sortMethods() took 0 ms.
2026-05-27 12:10:42 [main] INFO  org.testng.internal.Utils - [Utils] MethodGroupsHelper.collectMethodsByGroup() took 0 ms.
2026-05-27 12:10:42 [main] INFO  org.testng.internal.Utils - [Utils] MethodGroupsHelper.sortMethods() took 0 ms.
2026-05-27 12:10:42 [main] INFO  org.testng.internal.Utils - [Utils] MethodGroupsHelper.collectMethodsByGroup() took 0 ms.
2026-05-27 12:10:42 [main] INFO  org.testng.internal.Utils - [Utils] MethodGroupsHelper.sortMethods() took 0 ms.
2026-05-27 12:10:42 [main] INFO  org.testng.internal.Utils - [Utils] MethodGroupsHelper.collectMethodsByGroup() took 0 ms.
2026-05-27 12:10:42 [main] INFO  org.testng.internal.Utils - [Utils] MethodGroupsHelper.sortMethods() took 0 ms.
2026-05-27 12:10:42 [main] INFO  org.testng.internal.Utils - [Utils] MethodGroupsHelper.collectMethodsByGroup() took 0 ms.
2026-05-27 12:10:42 [main] INFO  org.testng.internal.Utils - [Utils] MethodGroupsHelper.sortMethods() took 0 ms.
2026-05-27 12:10:42 [main] INFO  org.testng.internal.Utils - [Utils] MethodGroupsHelper.collectMethodsByGroup() took 0 ms.
2026-05-27 12:10:42 [main] INFO  org.testng.internal.Utils - [Utils] MethodGroupsHelper.sortMethods() took 7 ms.
2026-05-27 12:10:42 [main] INFO  org.testng.internal.Utils - [Utils] MethodGroupsHelper.collectMethodsByGroup() took 0 ms.
2026-05-27 12:10:42 [main] INFO  org.testng.internal.Utils - [Utils] MethodGroupsHelper.sortMethods() took 1 ms.
2026-05-27 12:10:42 [main] INFO  org.testng.internal.Utils - [Utils] MethodGroupsHelper.collectMethodsByGroup() took 0 ms.
2026-05-27 12:10:42 [main] INFO  org.testng.internal.Utils - [Utils] MethodGroupsHelper.sortMethods() took 0 ms.
2026-05-27 12:10:42 [main] INFO  org.testng.internal.Utils - [Utils] MethodGroupsHelper.collectMethodsByGroup() took 0 ms.
2026-05-27 12:10:42 [main] INFO  org.testng.internal.Utils - [Utils] MethodGroupsHelper.sortMethods() took 0 ms.
2026-05-27 12:10:42 [main] INFO  org.testng.internal.Utils - [Utils] MethodGroupsHelper.collectMethodsByGroup() took 0 ms.
2026-05-27 12:10:42 [main] INFO  org.testng.internal.Utils - [Utils] MethodGroupsHelper.sortMethods() took 0 ms.
2026-05-27 12:10:42 [main] INFO  org.testng.internal.Utils - [Utils] MethodGroupsHelper.collectMethodsByGroup() took 0 ms.
2026-05-27 12:10:42 [main] INFO  org.testng.internal.Utils - [Utils] MethodGroupsHelper.sortMethods() took 0 ms.
2026-05-27 12:10:42 [main] INFO  org.testng.internal.Utils - [Utils] MethodGroupsHelper.collectMethodsByGroup() took 0 ms.
2026-05-27 12:10:42 [main] INFO  org.testng.internal.Utils - [Utils] MethodGroupsHelper.sortMethods() took 1 ms.
2026-05-27 12:10:42 [main] INFO  org.testng.internal.Utils - [TestNG] Running:
  C:\Users\STZ\AppData\Local\Temp\testng-eclipse-1391309218\testng-customsuite.xml

2026-05-27 12:10:42 [main] INFO  com.swaglabtest.pages.BaseClass - Starting Test Suite setup...
2026-05-27 12:10:43 [main] INFO  com.swaglabtest.pages.BaseClass - ExcelDataProvider initialized
2026-05-27 12:10:43 [main] INFO  com.swaglabtest.pages.BaseClass - ConfigProvider initialized
2026-05-27 12:10:43 [main] INFO  com.swaglabtest.pages.BaseClass - Extent Reports XML configuration loaded
2026-05-27 12:10:43 [main] INFO  com.swaglabtest.pages.BaseClass - Extent Report initialized at: C:\Users\STZ\EclipsWorkspace\NewSwagLab_Project/Reports/AutomationReport.html
2026-05-27 12:10:43 [main] INFO  org.testng.internal.Utils - [Utils] DynamicGraphHelper.createDynamicGraph() took 3 ms.
2026-05-27 12:10:43 [main] INFO  com.swaglabtest.pages.BaseClass - Initializing browser...
2026-05-27 12:10:43 [main] INFO  com.swaglabtest.pages.BaseClass - Browser selected: chrome
2026-05-27 12:10:45 [main] INFO  io.github.bonigarcia.wdm.WebDriverManager - Using chromedriver 148.0.7778.178 (resolved driver for Chrome 148)
2026-05-27 12:10:45 [main] INFO  io.github.bonigarcia.wdm.online.Downloader - Downloading https://storage.googleapis.com/chrome-for-testing-public/148.0.7778.178/win64/chromedriver-win64.zip
2026-05-27 12:10:50 [main] INFO  io.github.bonigarcia.wdm.online.Downloader - Extracting driver from compressed file chromedriver-win64.zip
2026-05-27 12:10:51 [main] INFO  io.github.bonigarcia.wdm.WebDriverManager - Exporting webdriver.chrome.driver as C:\Users\STZ\.cache\selenium\chromedriver\win64\148.0.7778.178\chromedriver.exe
2026-05-27 12:10:53 [main] INFO  com.swaglabtest.pages.BaseClass - Browser initialized successfully: chrome
2026-05-27 12:10:53 [main] INFO  com.swaglabtest.pages.BaseClass - Test started: newPurchasing
2026-05-27 12:11:06 [main] ERROR com.swaglabtest.pages.BaseClass - Test Failed: newPurchasing
java.lang.AssertionError: Item was not removed from cart successfully. expected [true] but found [false]
	at org.testng.Assert.fail(Assert.java:111) ~[testng-7.10.1.jar:7.10.1]
	at org.testng.Assert.failNotEquals(Assert.java:1578) ~[testng-7.10.1.jar:7.10.1]
	at org.testng.Assert.assertEqualsImpl(Assert.java:150) ~[testng-7.10.1.jar:7.10.1]
	at org.testng.Assert.assertEquals(Assert.java:132) ~[testng-7.10.1.jar:7.10.1]
	at org.testng.Assert.assertEquals(Assert.java:1067) ~[testng-7.10.1.jar:7.10.1]
	at org.testng.Assert.assertEquals(Assert.java:1031) ~[testng-7.10.1.jar:7.10.1]
	at com.swaglabtest.testcases.NewPurchaseTest.newPurchasing(NewPurchaseTest.java:73) ~[test-classes/:?]
	at java.base/jdk.internal.reflect.DirectMethodHandleAccessor.invoke(DirectMethodHandleAccessor.java:103) ~[?:?]
	at java.base/java.lang.reflect.Method.invoke(Method.java:580) ~[?:?]
	at org.testng.internal.invokers.MethodInvocationHelper.invokeMethod(MethodInvocationHelper.java:141) ~[testng-7.10.1.jar:7.10.1]
	at org.testng.internal.invokers.TestInvoker.invokeMethod(TestInvoker.java:686) ~[testng-7.10.1.jar:7.10.1]
	at org.testng.internal.invokers.TestInvoker.invokeTestMethod(TestInvoker.java:230) ~[testng-7.10.1.jar:7.10.1]
	at org.testng.internal.invokers.MethodRunner.runInSequence(MethodRunner.java:63) ~[testng-7.10.1.jar:7.10.1]
	at org.testng.internal.invokers.TestInvoker$MethodInvocationAgent.invoke(TestInvoker.java:992) ~[testng-7.10.1.jar:7.10.1]
	at org.testng.internal.invokers.TestInvoker.invokeTestMethods(TestInvoker.java:203) ~[testng-7.10.1.jar:7.10.1]
	at org.testng.internal.invokers.TestMethodWorker.invokeTestMethods(TestMethodWorker.java:154) ~[testng-7.10.1.jar:7.10.1]
	at org.testng.internal.invokers.TestMethodWorker.run(TestMethodWorker.java:134) ~[testng-7.10.1.jar:7.10.1]
	at java.base/java.util.ArrayList.forEach(ArrayList.java:1596) [?:?]
	at org.testng.TestRunner.privateRun(TestRunner.java:739) [testng-7.10.1.jar:7.10.1]
	at org.testng.TestRunner.run(TestRunner.java:614) [testng-7.10.1.jar:7.10.1]
	at org.testng.SuiteRunner.runTest(SuiteRunner.java:421) [testng-7.10.1.jar:7.10.1]
	at org.testng.SuiteRunner.runSequentially(SuiteRunner.java:413) [testng-7.10.1.jar:7.10.1]
	at org.testng.SuiteRunner.privateRun(SuiteRunner.java:373) [testng-7.10.1.jar:7.10.1]
	at org.testng.SuiteRunner.run(SuiteRunner.java:312) [testng-7.10.1.jar:7.10.1]
	at org.testng.SuiteRunnerWorker.runSuite(SuiteRunnerWorker.java:52) [testng-7.10.1.jar:7.10.1]
	at org.testng.SuiteRunnerWorker.run(SuiteRunnerWorker.java:95) [testng-7.10.1.jar:7.10.1]
	at org.testng.TestNG.runSuitesSequentially(TestNG.java:1274) [testng-7.10.1.jar:7.10.1]
	at org.testng.TestNG.runSuitesLocally(TestNG.java:1208) [testng-7.10.1.jar:7.10.1]
	at org.testng.TestNG.runSuites(TestNG.java:1112) [testng-7.10.1.jar:7.10.1]
	at org.testng.TestNG.run(TestNG.java:1079) [testng-7.10.1.jar:7.10.1]
	at org.testng.remote.AbstractRemoteTestNG.run(AbstractRemoteTestNG.java:115) [testng-remote.jar:?]
	at org.testng.remote.RemoteTestNG.initAndRun(RemoteTestNG.java:293) [testng-remote.jar:?]
	at org.testng.remote.RemoteTestNG.main(RemoteTestNG.java:91) [testng-remote.jar:?]
2026-05-27 12:11:06 [main] INFO  com.swaglabtest.pages.BaseClass - Browser closed for class
2026-05-27 12:11:07 [main] INFO  com.swaglabtest.pages.BaseClass - Extent Report flushed
2026-05-27 12:11:07 [main] INFO  org.testng.internal.Utils - [TestNG] Time taken by org.testng.reporters.jq.Main@1242d96b: 86 ms
2026-05-27 12:11:07 [main] INFO  org.testng.internal.Utils - [TestNG] Time taken by org.testng.reporters.FailedReporter@2520aa05: 13 ms
2026-05-27 12:11:07 [main] INFO  org.testng.internal.Utils - [TestNG] Time taken by org.testng.reporters.XMLReporter@11cadb32: 9 ms
2026-05-27 12:11:07 [main] INFO  org.testng.internal.Utils - [TestNG] Time taken by org.testng.reporters.EmailableReporter2@5432dca2: 8 ms
2026-05-27 12:11:07 [main] INFO  org.testng.internal.Utils - [TestNG] Time taken by org.testng.reporters.JUnitReportReporter@47797401: 6 ms
2026-05-27 12:11:07 [main] INFO  org.testng.internal.Utils - [TestNG] Time taken by org.testng.internal.ExitCodeListener@702f4124: 0 ms
2026-05-27 12:20:32 [main] INFO  org.testng.internal.Utils - [Utils] MethodGroupsHelper.collectMethodsByGroup() took 7 ms.
2026-05-27 12:20:32 [main] INFO  org.testng.internal.Utils - [Utils] MethodGroupsHelper.sortMethods() took 8 ms.
2026-05-27 12:20:32 [main] INFO  org.testng.internal.Utils - [Utils] MethodGroupsHelper.collectMethodsByGroup() took 0 ms.
2026-05-27 12:20:32 [main] INFO  org.testng.internal.Utils - [Utils] MethodGroupsHelper.sortMethods() took 0 ms.
2026-05-27 12:20:32 [main] INFO  org.testng.internal.Utils - [Utils] MethodGroupsHelper.collectMethodsByGroup() took 0 ms.
2026-05-27 12:20:32 [main] INFO  org.testng.internal.Utils - [Utils] MethodGroupsHelper.sortMethods() took 0 ms.
2026-05-27 12:20:32 [main] INFO  org.testng.internal.Utils - [Utils] MethodGroupsHelper.collectMethodsByGroup() took 0 ms.
2026-05-27 12:20:32 [main] INFO  org.testng.internal.Utils - [Utils] MethodGroupsHelper.sortMethods() took 0 ms.
2026-05-27 12:20:32 [main] INFO  org.testng.internal.Utils - [Utils] MethodGroupsHelper.collectMethodsByGroup() took 0 ms.
2026-05-27 12:20:32 [main] INFO  org.testng.internal.Utils - [Utils] MethodGroupsHelper.sortMethods() took 1 ms.
2026-05-27 12:20:32 [main] INFO  org.testng.internal.Utils - [Utils] MethodGroupsHelper.collectMethodsByGroup() took 0 ms.
2026-05-27 12:20:32 [main] INFO  org.testng.internal.Utils - [Utils] MethodGroupsHelper.sortMethods() took 0 ms.
2026-05-27 12:20:32 [main] INFO  org.testng.internal.Utils - [Utils] MethodGroupsHelper.collectMethodsByGroup() took 0 ms.
2026-05-27 12:20:32 [main] INFO  org.testng.internal.Utils - [Utils] MethodGroupsHelper.sortMethods() took 0 ms.
2026-05-27 12:20:32 [main] INFO  org.testng.internal.Utils - [Utils] MethodGroupsHelper.collectMethodsByGroup() took 0 ms.
2026-05-27 12:20:32 [main] INFO  org.testng.internal.Utils - [Utils] MethodGroupsHelper.sortMethods() took 0 ms.
2026-05-27 12:20:32 [main] INFO  org.testng.internal.Utils - [Utils] MethodGroupsHelper.collectMethodsByGroup() took 0 ms.
2026-05-27 12:20:32 [main] INFO  org.testng.internal.Utils - [Utils] MethodGroupsHelper.sortMethods() took 7 ms.
2026-05-27 12:20:32 [main] INFO  org.testng.internal.Utils - [Utils] MethodGroupsHelper.collectMethodsByGroup() took 0 ms.
2026-05-27 12:20:32 [main] INFO  org.testng.internal.Utils - [Utils] MethodGroupsHelper.sortMethods() took 0 ms.
2026-05-27 12:20:32 [main] INFO  org.testng.internal.Utils - [Utils] MethodGroupsHelper.collectMethodsByGroup() took 0 ms.
2026-05-27 12:20:32 [main] INFO  org.testng.internal.Utils - [Utils] MethodGroupsHelper.sortMethods() took 1 ms.
2026-05-27 12:20:32 [main] INFO  org.testng.internal.Utils - [Utils] MethodGroupsHelper.collectMethodsByGroup() took 0 ms.
2026-05-27 12:20:32 [main] INFO  org.testng.internal.Utils - [Utils] MethodGroupsHelper.sortMethods() took 0 ms.
2026-05-27 12:20:32 [main] INFO  org.testng.internal.Utils - [Utils] MethodGroupsHelper.collectMethodsByGroup() took 0 ms.
2026-05-27 12:20:32 [main] INFO  org.testng.internal.Utils - [Utils] MethodGroupsHelper.sortMethods() took 0 ms.
2026-05-27 12:20:32 [main] INFO  org.testng.internal.Utils - [Utils] MethodGroupsHelper.collectMethodsByGroup() took 0 ms.
2026-05-27 12:20:32 [main] INFO  org.testng.internal.Utils - [Utils] MethodGroupsHelper.sortMethods() took 0 ms.
2026-05-27 12:20:32 [main] INFO  org.testng.internal.Utils - [Utils] MethodGroupsHelper.collectMethodsByGroup() took 0 ms.
2026-05-27 12:20:32 [main] INFO  org.testng.internal.Utils - [Utils] MethodGroupsHelper.sortMethods() took 1 ms.
2026-05-27 12:20:32 [main] INFO  org.testng.internal.Utils - [TestNG] Running:
  C:\Users\STZ\AppData\Local\Temp\testng-eclipse-328303846\testng-customsuite.xml

2026-05-27 12:20:32 [main] INFO  com.swaglabtest.pages.BaseClass - Starting Test Suite setup...
2026-05-27 12:20:33 [main] INFO  com.swaglabtest.pages.BaseClass - ExcelDataProvider initialized
2026-05-27 12:20:33 [main] INFO  com.swaglabtest.pages.BaseClass - ConfigProvider initialized
2026-05-27 12:20:33 [main] INFO  com.swaglabtest.pages.BaseClass - Extent Reports XML configuration loaded
2026-05-27 12:20:33 [main] INFO  com.swaglabtest.pages.BaseClass - Extent Report initialized at: C:\Users\STZ\EclipsWorkspace\NewSwagLab_Project/Reports/AutomationReport.html
2026-05-27 12:20:33 [main] INFO  org.testng.internal.Utils - [Utils] DynamicGraphHelper.createDynamicGraph() took 3 ms.
2026-05-27 12:20:33 [main] INFO  com.swaglabtest.pages.BaseClass - Initializing browser...
2026-05-27 12:20:33 [main] INFO  com.swaglabtest.pages.BaseClass - Browser selected: chrome
2026-05-27 12:20:35 [main] INFO  io.github.bonigarcia.wdm.WebDriverManager - Using chromedriver 148.0.7778.178 (resolved driver for Chrome 148)
2026-05-27 12:20:35 [main] INFO  io.github.bonigarcia.wdm.online.Downloader - Downloading https://storage.googleapis.com/chrome-for-testing-public/148.0.7778.178/win64/chromedriver-win64.zip
2026-05-27 12:20:45 [main] INFO  io.github.bonigarcia.wdm.online.Downloader - Extracting driver from compressed file chromedriver-win64.zip
2026-05-27 12:20:45 [main] INFO  io.github.bonigarcia.wdm.WebDriverManager - Exporting webdriver.chrome.driver as C:\Users\STZ\.cache\selenium\chromedriver\win64\148.0.7778.178\chromedriver.exe
2026-05-27 12:20:49 [main] INFO  com.swaglabtest.pages.BaseClass - Browser initialized successfully: chrome
2026-05-27 12:20:49 [main] INFO  com.swaglabtest.pages.BaseClass - Test started: newPurchasing
2026-05-27 12:22:04 [main] ERROR com.swaglabtest.pages.BaseClass - Test Failed: newPurchasing
org.openqa.selenium.TimeoutException: Expected condition failed: waiting for visibility of element located by By.xpath: //a[@id='item_1_title_link']/div (tried for 40 second(s) with 500 milliseconds interval)
Build info: version: '4.24.0', revision: '748ffc9bc3'
System info: os.name: 'Windows 11', os.arch: 'amd64', os.version: '10.0', java.version: '21.0.5'
Driver info: org.openqa.selenium.chrome.ChromeDriver
Capabilities {acceptInsecureCerts: false, browserName: chrome, browserVersion: 148.0.7778.179, chrome: {chromedriverVersion: 148.0.7778.178 (d096af1c9e9..., userDataDir: C:\Users\STZ\AppData\Local\...}, fedcm:accounts: true, goog:chromeOptions: {debuggerAddress: localhost:58556}, goog:processID: 1936, networkConnectionEnabled: false, pageLoadStrategy: normal, platformName: windows, proxy: Proxy(), se:cdp: ws://localhost:58556/devtoo..., se:cdpVersion: 148.0.7778.179, setWindowRect: true, strictFileInteractability: false, timeouts: {implicit: 0, pageLoad: 300000, script: 30000}, unhandledPromptBehavior: dismiss and notify, webauthn:extension:credBlob: true, webauthn:extension:largeBlob: true, webauthn:extension:minPinLength: true, webauthn:extension:prf: true, webauthn:virtualAuthenticators: true}
Session ID: 9e5cae0d7264f79f472dc1598e3296a0
	at org.openqa.selenium.support.ui.WebDriverWait.timeoutException(WebDriverWait.java:84) ~[selenium-support-4.24.0.jar:?]
	at org.openqa.selenium.support.ui.FluentWait.until(FluentWait.java:228) ~[selenium-support-4.24.0.jar:?]
	at com.swaglabtest.pages.ItemPurchase.newPurchasing(ItemPurchase.java:122) ~[test-classes/:?]
	at com.swaglabtest.testcases.NewPurchaseTest.newPurchasing(NewPurchaseTest.java:52) ~[test-classes/:?]
	at java.base/jdk.internal.reflect.DirectMethodHandleAccessor.invoke(DirectMethodHandleAccessor.java:103) ~[?:?]
	at java.base/java.lang.reflect.Method.invoke(Method.java:580) ~[?:?]
	at org.testng.internal.invokers.MethodInvocationHelper.invokeMethod(MethodInvocationHelper.java:141) ~[testng-7.10.1.jar:7.10.1]
	at org.testng.internal.invokers.TestInvoker.invokeMethod(TestInvoker.java:686) ~[testng-7.10.1.jar:7.10.1]
	at org.testng.internal.invokers.TestInvoker.invokeTestMethod(TestInvoker.java:230) ~[testng-7.10.1.jar:7.10.1]
	at org.testng.internal.invokers.MethodRunner.runInSequence(MethodRunner.java:63) ~[testng-7.10.1.jar:7.10.1]
	at org.testng.internal.invokers.TestInvoker$MethodInvocationAgent.invoke(TestInvoker.java:992) ~[testng-7.10.1.jar:7.10.1]
	at org.testng.internal.invokers.TestInvoker.invokeTestMethods(TestInvoker.java:203) ~[testng-7.10.1.jar:7.10.1]
	at org.testng.internal.invokers.TestMethodWorker.invokeTestMethods(TestMethodWorker.java:154) ~[testng-7.10.1.jar:7.10.1]
	at org.testng.internal.invokers.TestMethodWorker.run(TestMethodWorker.java:134) ~[testng-7.10.1.jar:7.10.1]
	at java.base/java.util.ArrayList.forEach(ArrayList.java:1596) [?:?]
	at org.testng.TestRunner.privateRun(TestRunner.java:739) [testng-7.10.1.jar:7.10.1]
	at org.testng.TestRunner.run(TestRunner.java:614) [testng-7.10.1.jar:7.10.1]
	at org.testng.SuiteRunner.runTest(SuiteRunner.java:421) [testng-7.10.1.jar:7.10.1]
	at org.testng.SuiteRunner.runSequentially(SuiteRunner.java:413) [testng-7.10.1.jar:7.10.1]
	at org.testng.SuiteRunner.privateRun(SuiteRunner.java:373) [testng-7.10.1.jar:7.10.1]
	at org.testng.SuiteRunner.run(SuiteRunner.java:312) [testng-7.10.1.jar:7.10.1]
	at org.testng.SuiteRunnerWorker.runSuite(SuiteRunnerWorker.java:52) [testng-7.10.1.jar:7.10.1]
	at org.testng.SuiteRunnerWorker.run(SuiteRunnerWorker.java:95) [testng-7.10.1.jar:7.10.1]
	at org.testng.TestNG.runSuitesSequentially(TestNG.java:1274) [testng-7.10.1.jar:7.10.1]
	at org.testng.TestNG.runSuitesLocally(TestNG.java:1208) [testng-7.10.1.jar:7.10.1]
	at org.testng.TestNG.runSuites(TestNG.java:1112) [testng-7.10.1.jar:7.10.1]
	at org.testng.TestNG.run(TestNG.java:1079) [testng-7.10.1.jar:7.10.1]
	at org.testng.remote.AbstractRemoteTestNG.run(AbstractRemoteTestNG.java:115) [testng-remote.jar:?]
	at org.testng.remote.RemoteTestNG.initAndRun(RemoteTestNG.java:293) [testng-remote.jar:?]
	at org.testng.remote.RemoteTestNG.main(RemoteTestNG.java:91) [testng-remote.jar:?]
2026-05-27 12:22:04 [main] INFO  com.swaglabtest.pages.BaseClass - Browser closed for class
2026-05-27 12:22:04 [main] INFO  com.swaglabtest.pages.BaseClass - Extent Report flushed
2026-05-27 12:22:05 [main] INFO  org.testng.internal.Utils - [TestNG] Time taken by org.testng.reporters.jq.Main@77d0dbba: 73 ms
2026-05-27 12:22:05 [main] INFO  org.testng.internal.Utils - [TestNG] Time taken by org.testng.reporters.FailedReporter@39e3ea78: 21 ms
2026-05-27 12:22:05 [main] INFO  org.testng.internal.Utils - [TestNG] Time taken by org.testng.reporters.XMLReporter@ca2cd5e: 10 ms
2026-05-27 12:22:05 [main] INFO  org.testng.internal.Utils - [TestNG] Time taken by org.testng.reporters.EmailableReporter2@7b79ff1c: 10 ms
2026-05-27 12:22:05 [main] INFO  org.testng.internal.Utils - [TestNG] Time taken by org.testng.reporters.JUnitReportReporter@39a8e2fa: 6 ms
2026-05-27 12:22:05 [main] INFO  org.testng.internal.Utils - [TestNG] Time taken by org.testng.internal.ExitCodeListener@2f9addd4: 0 ms
2026-05-27 12:22:35 [main] INFO  org.testng.internal.Utils - [Utils] MethodGroupsHelper.collectMethodsByGroup() took 6 ms.
2026-05-27 12:22:35 [main] INFO  org.testng.internal.Utils - [Utils] MethodGroupsHelper.sortMethods() took 17 ms.
2026-05-27 12:22:35 [main] INFO  org.testng.internal.Utils - [Utils] MethodGroupsHelper.collectMethodsByGroup() took 0 ms.
2026-05-27 12:22:35 [main] INFO  org.testng.internal.Utils - [Utils] MethodGroupsHelper.sortMethods() took 0 ms.
2026-05-27 12:22:35 [main] INFO  org.testng.internal.Utils - [Utils] MethodGroupsHelper.collectMethodsByGroup() took 0 ms.
2026-05-27 12:22:35 [main] INFO  org.testng.internal.Utils - [Utils] MethodGroupsHelper.sortMethods() took 0 ms.
2026-05-27 12:22:35 [main] INFO  org.testng.internal.Utils - [Utils] MethodGroupsHelper.collectMethodsByGroup() took 0 ms.
2026-05-27 12:22:35 [main] INFO  org.testng.internal.Utils - [Utils] MethodGroupsHelper.sortMethods() took 0 ms.
2026-05-27 12:22:35 [main] INFO  org.testng.internal.Utils - [Utils] MethodGroupsHelper.collectMethodsByGroup() took 0 ms.
2026-05-27 12:22:35 [main] INFO  org.testng.internal.Utils - [Utils] MethodGroupsHelper.sortMethods() took 1 ms.
2026-05-27 12:22:35 [main] INFO  org.testng.internal.Utils - [Utils] MethodGroupsHelper.collectMethodsByGroup() took 0 ms.
2026-05-27 12:22:35 [main] INFO  org.testng.internal.Utils - [Utils] MethodGroupsHelper.sortMethods() took 0 ms.
2026-05-27 12:22:35 [main] INFO  org.testng.internal.Utils - [Utils] MethodGroupsHelper.collectMethodsByGroup() took 0 ms.
2026-05-27 12:22:35 [main] INFO  org.testng.internal.Utils - [Utils] MethodGroupsHelper.sortMethods() took 0 ms.
2026-05-27 12:22:35 [main] INFO  org.testng.internal.Utils - [Utils] MethodGroupsHelper.collectMethodsByGroup() took 0 ms.
2026-05-27 12:22:35 [main] INFO  org.testng.internal.Utils - [Utils] MethodGroupsHelper.sortMethods() took 0 ms.
2026-05-27 12:22:35 [main] INFO  org.testng.internal.Utils - [Utils] MethodGroupsHelper.collectMethodsByGroup() took 0 ms.
2026-05-27 12:22:35 [main] INFO  org.testng.internal.Utils - [Utils] MethodGroupsHelper.sortMethods() took 8 ms.
2026-05-27 12:22:35 [main] INFO  org.testng.internal.Utils - [Utils] MethodGroupsHelper.collectMethodsByGroup() took 0 ms.
2026-05-27 12:22:35 [main] INFO  org.testng.internal.Utils - [Utils] MethodGroupsHelper.sortMethods() took 0 ms.
2026-05-27 12:22:35 [main] INFO  org.testng.internal.Utils - [Utils] MethodGroupsHelper.collectMethodsByGroup() took 0 ms.
2026-05-27 12:22:35 [main] INFO  org.testng.internal.Utils - [Utils] MethodGroupsHelper.sortMethods() took 1 ms.
2026-05-27 12:22:35 [main] INFO  org.testng.internal.Utils - [Utils] MethodGroupsHelper.collectMethodsByGroup() took 0 ms.
2026-05-27 12:22:35 [main] INFO  org.testng.internal.Utils - [Utils] MethodGroupsHelper.sortMethods() took 0 ms.
2026-05-27 12:22:35 [main] INFO  org.testng.internal.Utils - [Utils] MethodGroupsHelper.collectMethodsByGroup() took 0 ms.
2026-05-27 12:22:35 [main] INFO  org.testng.internal.Utils - [Utils] MethodGroupsHelper.sortMethods() took 1 ms.
2026-05-27 12:22:35 [main] INFO  org.testng.internal.Utils - [Utils] MethodGroupsHelper.collectMethodsByGroup() took 0 ms.
2026-05-27 12:22:35 [main] INFO  org.testng.internal.Utils - [Utils] MethodGroupsHelper.sortMethods() took 0 ms.
2026-05-27 12:22:35 [main] INFO  org.testng.internal.Utils - [Utils] MethodGroupsHelper.collectMethodsByGroup() took 1 ms.
2026-05-27 12:22:35 [main] INFO  org.testng.internal.Utils - [Utils] MethodGroupsHelper.sortMethods() took 0 ms.
2026-05-27 12:22:35 [main] INFO  org.testng.internal.Utils - [TestNG] Running:
  C:\Users\STZ\AppData\Local\Temp\testng-eclipse--1624160549\testng-customsuite.xml

2026-05-27 12:22:35 [main] INFO  com.swaglabtest.pages.BaseClass - Starting Test Suite setup...
2026-05-27 12:22:36 [main] INFO  com.swaglabtest.pages.BaseClass - ExcelDataProvider initialized
2026-05-27 12:22:36 [main] INFO  com.swaglabtest.pages.BaseClass - ConfigProvider initialized
2026-05-27 12:22:36 [main] INFO  com.swaglabtest.pages.BaseClass - Extent Reports XML configuration loaded
2026-05-27 12:22:36 [main] INFO  com.swaglabtest.pages.BaseClass - Extent Report initialized at: C:\Users\STZ\EclipsWorkspace\NewSwagLab_Project/Reports/AutomationReport.html
2026-05-27 12:22:36 [main] INFO  org.testng.internal.Utils - [Utils] DynamicGraphHelper.createDynamicGraph() took 2 ms.
2026-05-27 12:22:36 [main] INFO  com.swaglabtest.pages.BaseClass - Initializing browser...
2026-05-27 12:22:36 [main] INFO  com.swaglabtest.pages.BaseClass - Browser selected: chrome
2026-05-27 12:22:39 [main] INFO  io.github.bonigarcia.wdm.WebDriverManager - Using chromedriver 148.0.7778.178 (resolved driver for Chrome 148)
2026-05-27 12:22:40 [main] INFO  io.github.bonigarcia.wdm.online.Downloader - Downloading https://storage.googleapis.com/chrome-for-testing-public/148.0.7778.178/win64/chromedriver-win64.zip
2026-05-27 12:22:43 [main] INFO  io.github.bonigarcia.wdm.online.Downloader - Extracting driver from compressed file chromedriver-win64.zip
2026-05-27 12:22:43 [main] INFO  io.github.bonigarcia.wdm.WebDriverManager - Exporting webdriver.chrome.driver as C:\Users\STZ\.cache\selenium\chromedriver\win64\148.0.7778.178\chromedriver.exe
2026-05-27 12:22:47 [main] INFO  com.swaglabtest.pages.BaseClass - Browser initialized successfully: chrome
2026-05-27 12:22:47 [main] INFO  com.swaglabtest.pages.BaseClass - Test started: newPurchasing
2026-05-27 12:24:02 [main] ERROR com.swaglabtest.pages.BaseClass - Test Failed: newPurchasing
org.openqa.selenium.TimeoutException: Expected condition failed: waiting for visibility of element located by By.xpath: //a[@id='item_1_title_link']/div (tried for 40 second(s) with 500 milliseconds interval)
Build info: version: '4.24.0', revision: '748ffc9bc3'
System info: os.name: 'Windows 11', os.arch: 'amd64', os.version: '10.0', java.version: '21.0.5'
Driver info: org.openqa.selenium.chrome.ChromeDriver
Capabilities {acceptInsecureCerts: false, browserName: chrome, browserVersion: 148.0.7778.179, chrome: {chromedriverVersion: 148.0.7778.178 (d096af1c9e9..., userDataDir: C:\Users\STZ\AppData\Local\...}, fedcm:accounts: true, goog:chromeOptions: {debuggerAddress: localhost:55225}, goog:processID: 13640, networkConnectionEnabled: false, pageLoadStrategy: normal, platformName: windows, proxy: Proxy(), se:cdp: ws://localhost:55225/devtoo..., se:cdpVersion: 148.0.7778.179, setWindowRect: true, strictFileInteractability: false, timeouts: {implicit: 0, pageLoad: 300000, script: 30000}, unhandledPromptBehavior: dismiss and notify, webauthn:extension:credBlob: true, webauthn:extension:largeBlob: true, webauthn:extension:minPinLength: true, webauthn:extension:prf: true, webauthn:virtualAuthenticators: true}
Session ID: dee53fa8f04dff41cb72763d6004ed79
	at org.openqa.selenium.support.ui.WebDriverWait.timeoutException(WebDriverWait.java:84) ~[selenium-support-4.24.0.jar:?]
	at org.openqa.selenium.support.ui.FluentWait.until(FluentWait.java:228) ~[selenium-support-4.24.0.jar:?]
	at com.swaglabtest.pages.ItemPurchase.newPurchasing(ItemPurchase.java:122) ~[test-classes/:?]
	at com.swaglabtest.testcases.NewPurchaseTest.newPurchasing(NewPurchaseTest.java:52) ~[test-classes/:?]
	at java.base/jdk.internal.reflect.DirectMethodHandleAccessor.invoke(DirectMethodHandleAccessor.java:103) ~[?:?]
	at java.base/java.lang.reflect.Method.invoke(Method.java:580) ~[?:?]
	at org.testng.internal.invokers.MethodInvocationHelper.invokeMethod(MethodInvocationHelper.java:141) ~[testng-7.10.1.jar:7.10.1]
	at org.testng.internal.invokers.TestInvoker.invokeMethod(TestInvoker.java:686) ~[testng-7.10.1.jar:7.10.1]
	at org.testng.internal.invokers.TestInvoker.invokeTestMethod(TestInvoker.java:230) ~[testng-7.10.1.jar:7.10.1]
	at org.testng.internal.invokers.MethodRunner.runInSequence(MethodRunner.java:63) ~[testng-7.10.1.jar:7.10.1]
	at org.testng.internal.invokers.TestInvoker$MethodInvocationAgent.invoke(TestInvoker.java:992) ~[testng-7.10.1.jar:7.10.1]
	at org.testng.internal.invokers.TestInvoker.invokeTestMethods(TestInvoker.java:203) ~[testng-7.10.1.jar:7.10.1]
	at org.testng.internal.invokers.TestMethodWorker.invokeTestMethods(TestMethodWorker.java:154) ~[testng-7.10.1.jar:7.10.1]
	at org.testng.internal.invokers.TestMethodWorker.run(TestMethodWorker.java:134) ~[testng-7.10.1.jar:7.10.1]
	at java.base/java.util.ArrayList.forEach(ArrayList.java:1596) [?:?]
	at org.testng.TestRunner.privateRun(TestRunner.java:739) [testng-7.10.1.jar:7.10.1]
	at org.testng.TestRunner.run(TestRunner.java:614) [testng-7.10.1.jar:7.10.1]
	at org.testng.SuiteRunner.runTest(SuiteRunner.java:421) [testng-7.10.1.jar:7.10.1]
	at org.testng.SuiteRunner.runSequentially(SuiteRunner.java:413) [testng-7.10.1.jar:7.10.1]
	at org.testng.SuiteRunner.privateRun(SuiteRunner.java:373) [testng-7.10.1.jar:7.10.1]
	at org.testng.SuiteRunner.run(SuiteRunner.java:312) [testng-7.10.1.jar:7.10.1]
	at org.testng.SuiteRunnerWorker.runSuite(SuiteRunnerWorker.java:52) [testng-7.10.1.jar:7.10.1]
	at org.testng.SuiteRunnerWorker.run(SuiteRunnerWorker.java:95) [testng-7.10.1.jar:7.10.1]
	at org.testng.TestNG.runSuitesSequentially(TestNG.java:1274) [testng-7.10.1.jar:7.10.1]
	at org.testng.TestNG.runSuitesLocally(TestNG.java:1208) [testng-7.10.1.jar:7.10.1]
	at org.testng.TestNG.runSuites(TestNG.java:1112) [testng-7.10.1.jar:7.10.1]
	at org.testng.TestNG.run(TestNG.java:1079) [testng-7.10.1.jar:7.10.1]
	at org.testng.remote.AbstractRemoteTestNG.run(AbstractRemoteTestNG.java:115) [testng-remote.jar:?]
	at org.testng.remote.RemoteTestNG.initAndRun(RemoteTestNG.java:293) [testng-remote.jar:?]
	at org.testng.remote.RemoteTestNG.main(RemoteTestNG.java:91) [testng-remote.jar:?]
2026-05-27 12:24:02 [main] INFO  com.swaglabtest.pages.BaseClass - Browser closed for class
2026-05-27 12:24:03 [main] INFO  com.swaglabtest.pages.BaseClass - Extent Report flushed
2026-05-27 12:24:03 [main] INFO  org.testng.internal.Utils - [TestNG] Time taken by org.testng.reporters.jq.Main@77d0dbba: 84 ms
2026-05-27 12:24:03 [main] INFO  org.testng.internal.Utils - [TestNG] Time taken by org.testng.reporters.FailedReporter@39e3ea78: 17 ms
2026-05-27 12:24:03 [main] INFO  org.testng.internal.Utils - [TestNG] Time taken by org.testng.reporters.XMLReporter@ca2cd5e: 11 ms
2026-05-27 12:24:03 [main] INFO  org.testng.internal.Utils - [TestNG] Time taken by org.testng.reporters.EmailableReporter2@7b79ff1c: 9 ms
2026-05-27 12:24:03 [main] INFO  org.testng.internal.Utils - [TestNG] Time taken by org.testng.reporters.JUnitReportReporter@39a8e2fa: 7 ms
2026-05-27 12:24:03 [main] INFO  org.testng.internal.Utils - [TestNG] Time taken by org.testng.internal.ExitCodeListener@2f9addd4: 0 ms
2026-05-27 12:24:29 [main] INFO  org.testng.internal.Utils - [Utils] MethodGroupsHelper.collectMethodsByGroup() took 7 ms.
2026-05-27 12:24:29 [main] INFO  org.testng.internal.Utils - [Utils] MethodGroupsHelper.sortMethods() took 8 ms.
2026-05-27 12:24:29 [main] INFO  org.testng.internal.Utils - [Utils] MethodGroupsHelper.collectMethodsByGroup() took 0 ms.
2026-05-27 12:24:29 [main] INFO  org.testng.internal.Utils - [Utils] MethodGroupsHelper.sortMethods() took 0 ms.
2026-05-27 12:24:29 [main] INFO  org.testng.internal.Utils - [Utils] MethodGroupsHelper.collectMethodsByGroup() took 0 ms.
2026-05-27 12:24:29 [main] INFO  org.testng.internal.Utils - [Utils] MethodGroupsHelper.sortMethods() took 0 ms.
2026-05-27 12:24:29 [main] INFO  org.testng.internal.Utils - [Utils] MethodGroupsHelper.collectMethodsByGroup() took 0 ms.
2026-05-27 12:24:29 [main] INFO  org.testng.internal.Utils - [Utils] MethodGroupsHelper.sortMethods() took 0 ms.
2026-05-27 12:24:29 [main] INFO  org.testng.internal.Utils - [Utils] MethodGroupsHelper.collectMethodsByGroup() took 0 ms.
2026-05-27 12:24:29 [main] INFO  org.testng.internal.Utils - [Utils] MethodGroupsHelper.sortMethods() took 0 ms.
2026-05-27 12:24:29 [main] INFO  org.testng.internal.Utils - [Utils] MethodGroupsHelper.collectMethodsByGroup() took 0 ms.
2026-05-27 12:24:29 [main] INFO  org.testng.internal.Utils - [Utils] MethodGroupsHelper.sortMethods() took 0 ms.
2026-05-27 12:24:29 [main] INFO  org.testng.internal.Utils - [Utils] MethodGroupsHelper.collectMethodsByGroup() took 0 ms.
2026-05-27 12:24:29 [main] INFO  org.testng.internal.Utils - [Utils] MethodGroupsHelper.sortMethods() took 0 ms.
2026-05-27 12:24:29 [main] INFO  org.testng.internal.Utils - [Utils] MethodGroupsHelper.collectMethodsByGroup() took 0 ms.
2026-05-27 12:24:29 [main] INFO  org.testng.internal.Utils - [Utils] MethodGroupsHelper.sortMethods() took 0 ms.
2026-05-27 12:24:29 [main] INFO  org.testng.internal.Utils - [Utils] MethodGroupsHelper.collectMethodsByGroup() took 0 ms.
2026-05-27 12:24:29 [main] INFO  org.testng.internal.Utils - [Utils] MethodGroupsHelper.sortMethods() took 8 ms.
2026-05-27 12:24:29 [main] INFO  org.testng.internal.Utils - [Utils] MethodGroupsHelper.collectMethodsByGroup() took 0 ms.
2026-05-27 12:24:29 [main] INFO  org.testng.internal.Utils - [Utils] MethodGroupsHelper.sortMethods() took 0 ms.
2026-05-27 12:24:29 [main] INFO  org.testng.internal.Utils - [Utils] MethodGroupsHelper.collectMethodsByGroup() took 0 ms.
2026-05-27 12:24:29 [main] INFO  org.testng.internal.Utils - [Utils] MethodGroupsHelper.sortMethods() took 0 ms.
2026-05-27 12:24:29 [main] INFO  org.testng.internal.Utils - [Utils] MethodGroupsHelper.collectMethodsByGroup() took 0 ms.
2026-05-27 12:24:29 [main] INFO  org.testng.internal.Utils - [Utils] MethodGroupsHelper.sortMethods() took 0 ms.
2026-05-27 12:24:29 [main] INFO  org.testng.internal.Utils - [Utils] MethodGroupsHelper.collectMethodsByGroup() took 0 ms.
2026-05-27 12:24:29 [main] INFO  org.testng.internal.Utils - [Utils] MethodGroupsHelper.sortMethods() took 1 ms.
2026-05-27 12:24:29 [main] INFO  org.testng.internal.Utils - [Utils] MethodGroupsHelper.collectMethodsByGroup() took 0 ms.
2026-05-27 12:24:29 [main] INFO  org.testng.internal.Utils - [Utils] MethodGroupsHelper.sortMethods() took 0 ms.
2026-05-27 12:24:29 [main] INFO  org.testng.internal.Utils - [Utils] MethodGroupsHelper.collectMethodsByGroup() took 0 ms.
2026-05-27 12:24:29 [main] INFO  org.testng.internal.Utils - [Utils] MethodGroupsHelper.sortMethods() took 1 ms.
2026-05-27 12:24:29 [main] INFO  org.testng.internal.Utils - [TestNG] Running:
  C:\Users\STZ\AppData\Local\Temp\testng-eclipse--762522227\testng-customsuite.xml

2026-05-27 12:24:29 [main] INFO  com.swaglabtest.pages.BaseClass - Starting Test Suite setup...
2026-05-27 12:24:30 [main] INFO  com.swaglabtest.pages.BaseClass - ExcelDataProvider initialized
2026-05-27 12:24:30 [main] INFO  com.swaglabtest.pages.BaseClass - ConfigProvider initialized
2026-05-27 12:24:30 [main] INFO  com.swaglabtest.pages.BaseClass - Extent Reports XML configuration loaded
2026-05-27 12:24:30 [main] INFO  com.swaglabtest.pages.BaseClass - Extent Report initialized at: C:\Users\STZ\EclipsWorkspace\NewSwagLab_Project/Reports/AutomationReport.html
2026-05-27 12:24:30 [main] INFO  org.testng.internal.Utils - [Utils] DynamicGraphHelper.createDynamicGraph() took 3 ms.
2026-05-27 12:24:30 [main] INFO  com.swaglabtest.pages.BaseClass - Initializing browser...
2026-05-27 12:24:30 [main] INFO  com.swaglabtest.pages.BaseClass - Browser selected: chrome
2026-05-27 12:24:33 [main] INFO  io.github.bonigarcia.wdm.WebDriverManager - Using chromedriver 148.0.7778.178 (resolved driver for Chrome 148)
2026-05-27 12:24:33 [main] INFO  io.github.bonigarcia.wdm.online.Downloader - Downloading https://storage.googleapis.com/chrome-for-testing-public/148.0.7778.178/win64/chromedriver-win64.zip
2026-05-27 12:24:37 [main] INFO  io.github.bonigarcia.wdm.online.Downloader - Extracting driver from compressed file chromedriver-win64.zip
2026-05-27 12:24:37 [main] INFO  io.github.bonigarcia.wdm.WebDriverManager - Exporting webdriver.chrome.driver as C:\Users\STZ\.cache\selenium\chromedriver\win64\148.0.7778.178\chromedriver.exe
2026-05-27 12:24:41 [main] INFO  com.swaglabtest.pages.BaseClass - Browser initialized successfully: chrome
2026-05-27 12:24:41 [main] INFO  com.swaglabtest.pages.BaseClass - Test started: newPurchasing
2026-05-27 12:25:15 [main] INFO  com.swaglabtest.pages.BaseClass - Test Passed: newPurchasing
2026-05-27 12:25:15 [main] INFO  com.swaglabtest.pages.BaseClass - Browser closed for class
2026-05-27 12:25:15 [main] INFO  com.swaglabtest.pages.BaseClass - Extent Report flushed
2026-05-27 12:25:16 [main] INFO  org.testng.internal.Utils - [TestNG] Time taken by org.testng.reporters.jq.Main@7bce9ce4: 92 ms
2026-05-27 12:25:16 [main] INFO  org.testng.internal.Utils - [TestNG] Time taken by org.testng.reporters.FailedReporter@1d2046bb: 1 ms
2026-05-27 12:25:16 [main] INFO  org.testng.internal.Utils - [TestNG] Time taken by org.testng.reporters.XMLReporter@7878bbdb: 20 ms
2026-05-27 12:25:16 [main] INFO  org.testng.internal.Utils - [TestNG] Time taken by org.testng.reporters.EmailableReporter2@9f2376f: 26 ms
2026-05-27 12:25:16 [main] INFO  org.testng.internal.Utils - [TestNG] Time taken by org.testng.reporters.JUnitReportReporter@5d9bb69b: 8 ms
2026-05-27 12:25:16 [main] INFO  org.testng.internal.Utils - [TestNG] Time taken by org.testng.internal.ExitCodeListener@25d0b918: 0 ms
2026-05-27 14:09:51 [main] INFO  org.testng.internal.Utils - [Utils] MethodGroupsHelper.collectMethodsByGroup() took 6 ms.
2026-05-27 14:09:51 [main] INFO  org.testng.internal.Utils - [Utils] MethodGroupsHelper.sortMethods() took 7 ms.
2026-05-27 14:09:51 [main] INFO  org.testng.internal.Utils - [Utils] MethodGroupsHelper.collectMethodsByGroup() took 0 ms.
2026-05-27 14:09:51 [main] INFO  org.testng.internal.Utils - [Utils] MethodGroupsHelper.sortMethods() took 1 ms.
2026-05-27 14:09:51 [main] INFO  org.testng.internal.Utils - [Utils] MethodGroupsHelper.collectMethodsByGroup() took 0 ms.
2026-05-27 14:09:51 [main] INFO  org.testng.internal.Utils - [Utils] MethodGroupsHelper.sortMethods() took 0 ms.
2026-05-27 14:09:51 [main] INFO  org.testng.internal.Utils - [Utils] MethodGroupsHelper.collectMethodsByGroup() took 0 ms.
2026-05-27 14:09:51 [main] INFO  org.testng.internal.Utils - [Utils] MethodGroupsHelper.sortMethods() took 0 ms.
2026-05-27 14:09:51 [main] INFO  org.testng.internal.Utils - [Utils] MethodGroupsHelper.collectMethodsByGroup() took 0 ms.
2026-05-27 14:09:51 [main] INFO  org.testng.internal.Utils - [Utils] MethodGroupsHelper.sortMethods() took 0 ms.
2026-05-27 14:09:51 [main] INFO  org.testng.internal.Utils - [Utils] MethodGroupsHelper.collectMethodsByGroup() took 0 ms.
2026-05-27 14:09:51 [main] INFO  org.testng.internal.Utils - [Utils] MethodGroupsHelper.sortMethods() took 0 ms.
2026-05-27 14:09:51 [main] INFO  org.testng.internal.Utils - [Utils] MethodGroupsHelper.collectMethodsByGroup() took 0 ms.
2026-05-27 14:09:51 [main] INFO  org.testng.internal.Utils - [Utils] MethodGroupsHelper.sortMethods() took 0 ms.
2026-05-27 14:09:51 [main] INFO  org.testng.internal.Utils - [Utils] MethodGroupsHelper.collectMethodsByGroup() took 0 ms.
2026-05-27 14:09:51 [main] INFO  org.testng.internal.Utils - [Utils] MethodGroupsHelper.sortMethods() took 0 ms.
2026-05-27 14:09:51 [main] INFO  org.testng.internal.Utils - [Utils] MethodGroupsHelper.collectMethodsByGroup() took 0 ms.
2026-05-27 14:09:51 [main] INFO  org.testng.internal.Utils - [Utils] MethodGroupsHelper.sortMethods() took 8 ms.
2026-05-27 14:09:51 [main] INFO  org.testng.internal.Utils - [Utils] MethodGroupsHelper.collectMethodsByGroup() took 0 ms.
2026-05-27 14:09:51 [main] INFO  org.testng.internal.Utils - [Utils] MethodGroupsHelper.sortMethods() took 0 ms.
2026-05-27 14:09:51 [main] INFO  org.testng.internal.Utils - [Utils] MethodGroupsHelper.collectMethodsByGroup() took 0 ms.
2026-05-27 14:09:51 [main] INFO  org.testng.internal.Utils - [Utils] MethodGroupsHelper.sortMethods() took 0 ms.
2026-05-27 14:09:51 [main] INFO  org.testng.internal.Utils - [Utils] MethodGroupsHelper.collectMethodsByGroup() took 0 ms.
2026-05-27 14:09:51 [main] INFO  org.testng.internal.Utils - [Utils] MethodGroupsHelper.sortMethods() took 0 ms.
2026-05-27 14:09:51 [main] INFO  org.testng.internal.Utils - [Utils] MethodGroupsHelper.collectMethodsByGroup() took 1 ms.
2026-05-27 14:09:51 [main] INFO  org.testng.internal.Utils - [Utils] MethodGroupsHelper.sortMethods() took 0 ms.
2026-05-27 14:09:51 [main] INFO  org.testng.internal.Utils - [Utils] MethodGroupsHelper.collectMethodsByGroup() took 0 ms.
2026-05-27 14:09:51 [main] INFO  org.testng.internal.Utils - [Utils] MethodGroupsHelper.sortMethods() took 0 ms.
2026-05-27 14:09:51 [main] INFO  org.testng.internal.Utils - [Utils] MethodGroupsHelper.collectMethodsByGroup() took 0 ms.
2026-05-27 14:09:51 [main] INFO  org.testng.internal.Utils - [Utils] MethodGroupsHelper.sortMethods() took 0 ms.
2026-05-27 14:09:51 [main] INFO  org.testng.internal.Utils - [TestNG] Running:
  C:\Users\STZ\AppData\Local\Temp\testng-eclipse--1637232218\testng-customsuite.xml

2026-05-27 14:09:51 [main] INFO  com.swaglabtest.pages.BaseClass - Starting Test Suite setup...
2026-05-27 14:09:52 [main] INFO  com.swaglabtest.pages.BaseClass - ExcelDataProvider initialized
2026-05-27 14:09:52 [main] INFO  com.swaglabtest.pages.BaseClass - ConfigProvider initialized
2026-05-27 14:09:52 [main] INFO  com.swaglabtest.pages.BaseClass - Extent Reports XML configuration loaded
2026-05-27 14:09:52 [main] INFO  com.swaglabtest.pages.BaseClass - Extent Report initialized at: C:\Users\STZ\EclipsWorkspace\NewSwagLab_Project/Reports/AutomationReport.html
2026-05-27 14:09:52 [main] INFO  org.testng.internal.Utils - [Utils] DynamicGraphHelper.createDynamicGraph() took 5 ms.
2026-05-27 14:09:52 [main] INFO  com.swaglabtest.pages.BaseClass - Initializing browser...
2026-05-27 14:09:52 [main] INFO  com.swaglabtest.pages.BaseClass - Browser selected: chrome
2026-05-27 14:09:54 [main] INFO  io.github.bonigarcia.wdm.WebDriverManager - Using chromedriver 148.0.7778.178 (resolved driver for Chrome 148)
2026-05-27 14:09:55 [main] INFO  io.github.bonigarcia.wdm.online.Downloader - Downloading https://storage.googleapis.com/chrome-for-testing-public/148.0.7778.178/win64/chromedriver-win64.zip
2026-05-27 14:09:58 [main] INFO  io.github.bonigarcia.wdm.online.Downloader - Extracting driver from compressed file chromedriver-win64.zip
2026-05-27 14:09:58 [main] INFO  io.github.bonigarcia.wdm.WebDriverManager - Exporting webdriver.chrome.driver as C:\Users\STZ\.cache\selenium\chromedriver\win64\148.0.7778.178\chromedriver.exe
2026-05-27 14:10:01 [main] INFO  com.swaglabtest.pages.BaseClass - Browser initialized successfully: chrome
2026-05-27 14:10:02 [main] INFO  com.swaglabtest.pages.BaseClass - Test started: sortOrder
2026-05-27 14:10:02 [main] INFO  com.swaglabtest.pages.BaseClass - Test Passed: sortOrder
2026-05-27 14:10:02 [main] INFO  com.swaglabtest.pages.BaseClass - Browser closed for class
2026-05-27 14:10:03 [main] INFO  com.swaglabtest.pages.BaseClass - Extent Report flushed
2026-05-27 14:10:03 [main] INFO  org.testng.internal.Utils - [TestNG] Time taken by org.testng.reporters.jq.Main@78128dd0: 63 ms
2026-05-27 14:10:03 [main] INFO  org.testng.internal.Utils - [TestNG] Time taken by org.testng.reporters.FailedReporter@55044b34: 1 ms
2026-05-27 14:10:03 [main] INFO  org.testng.internal.Utils - [TestNG] Time taken by org.testng.reporters.XMLReporter@7de3206d: 9 ms
2026-05-27 14:10:03 [main] INFO  org.testng.internal.Utils - [TestNG] Time taken by org.testng.reporters.EmailableReporter2@696174d3: 8 ms
2026-05-27 14:10:03 [main] INFO  org.testng.internal.Utils - [TestNG] Time taken by org.testng.reporters.JUnitReportReporter@714f1a44: 6 ms
2026-05-27 14:10:03 [main] INFO  org.testng.internal.Utils - [TestNG] Time taken by org.testng.internal.ExitCodeListener@3c09a350: 0 ms
2026-05-27 14:21:07 [main] INFO  org.testng.internal.Utils - [Utils] MethodGroupsHelper.collectMethodsByGroup() took 7 ms.
2026-05-27 14:21:07 [main] INFO  org.testng.internal.Utils - [Utils] MethodGroupsHelper.sortMethods() took 21 ms.
2026-05-27 14:21:07 [main] INFO  org.testng.internal.Utils - [Utils] MethodGroupsHelper.collectMethodsByGroup() took 0 ms.
2026-05-27 14:21:07 [main] INFO  org.testng.internal.Utils - [Utils] MethodGroupsHelper.sortMethods() took 1 ms.
2026-05-27 14:21:07 [main] INFO  org.testng.internal.Utils - [Utils] MethodGroupsHelper.collectMethodsByGroup() took 0 ms.
2026-05-27 14:21:07 [main] INFO  org.testng.internal.Utils - [Utils] MethodGroupsHelper.sortMethods() took 0 ms.
2026-05-27 14:21:07 [main] INFO  org.testng.internal.Utils - [Utils] MethodGroupsHelper.collectMethodsByGroup() took 0 ms.
2026-05-27 14:21:07 [main] INFO  org.testng.internal.Utils - [Utils] MethodGroupsHelper.sortMethods() took 0 ms.
2026-05-27 14:21:07 [main] INFO  org.testng.internal.Utils - [Utils] MethodGroupsHelper.collectMethodsByGroup() took 0 ms.
2026-05-27 14:21:07 [main] INFO  org.testng.internal.Utils - [Utils] MethodGroupsHelper.sortMethods() took 0 ms.
2026-05-27 14:21:07 [main] INFO  org.testng.internal.Utils - [Utils] MethodGroupsHelper.collectMethodsByGroup() took 0 ms.
2026-05-27 14:21:07 [main] INFO  org.testng.internal.Utils - [Utils] MethodGroupsHelper.sortMethods() took 1 ms.
2026-05-27 14:21:07 [main] INFO  org.testng.internal.Utils - [Utils] MethodGroupsHelper.collectMethodsByGroup() took 0 ms.
2026-05-27 14:21:07 [main] INFO  org.testng.internal.Utils - [Utils] MethodGroupsHelper.sortMethods() took 0 ms.
2026-05-27 14:21:07 [main] INFO  org.testng.internal.Utils - [Utils] MethodGroupsHelper.collectMethodsByGroup() took 0 ms.
2026-05-27 14:21:07 [main] INFO  org.testng.internal.Utils - [Utils] MethodGroupsHelper.sortMethods() took 0 ms.
2026-05-27 14:21:07 [main] INFO  org.testng.internal.Utils - [Utils] MethodGroupsHelper.collectMethodsByGroup() took 0 ms.
2026-05-27 14:21:07 [main] INFO  org.testng.internal.Utils - [Utils] MethodGroupsHelper.sortMethods() took 8 ms.
2026-05-27 14:21:07 [main] INFO  org.testng.internal.Utils - [Utils] MethodGroupsHelper.collectMethodsByGroup() took 0 ms.
2026-05-27 14:21:07 [main] INFO  org.testng.internal.Utils - [Utils] MethodGroupsHelper.sortMethods() took 0 ms.
2026-05-27 14:21:07 [main] INFO  org.testng.internal.Utils - [Utils] MethodGroupsHelper.collectMethodsByGroup() took 0 ms.
2026-05-27 14:21:07 [main] INFO  org.testng.internal.Utils - [Utils] MethodGroupsHelper.sortMethods() took 0 ms.
2026-05-27 14:21:07 [main] INFO  org.testng.internal.Utils - [Utils] MethodGroupsHelper.collectMethodsByGroup() took 0 ms.
2026-05-27 14:21:07 [main] INFO  org.testng.internal.Utils - [Utils] MethodGroupsHelper.sortMethods() took 0 ms.
2026-05-27 14:21:07 [main] INFO  org.testng.internal.Utils - [Utils] MethodGroupsHelper.collectMethodsByGroup() took 2 ms.
2026-05-27 14:21:07 [main] INFO  org.testng.internal.Utils - [Utils] MethodGroupsHelper.sortMethods() took 0 ms.
2026-05-27 14:21:07 [main] INFO  org.testng.internal.Utils - [Utils] MethodGroupsHelper.collectMethodsByGroup() took 0 ms.
2026-05-27 14:21:07 [main] INFO  org.testng.internal.Utils - [Utils] MethodGroupsHelper.sortMethods() took 0 ms.
2026-05-27 14:21:07 [main] INFO  org.testng.internal.Utils - [Utils] MethodGroupsHelper.collectMethodsByGroup() took 0 ms.
2026-05-27 14:21:07 [main] INFO  org.testng.internal.Utils - [Utils] MethodGroupsHelper.sortMethods() took 1 ms.
2026-05-27 14:21:07 [main] INFO  org.testng.internal.Utils - [TestNG] Running:
  C:\Users\STZ\AppData\Local\Temp\testng-eclipse--1161930530\testng-customsuite.xml

2026-05-27 14:21:07 [main] INFO  com.swaglabtest.pages.BaseClass - Starting Test Suite setup...
2026-05-27 14:21:08 [main] INFO  com.swaglabtest.pages.BaseClass - ExcelDataProvider initialized
2026-05-27 14:21:08 [main] INFO  com.swaglabtest.pages.BaseClass - ConfigProvider initialized
2026-05-27 14:21:08 [main] INFO  com.swaglabtest.pages.BaseClass - Extent Reports XML configuration loaded
2026-05-27 14:21:08 [main] INFO  com.swaglabtest.pages.BaseClass - Extent Report initialized at: C:\Users\STZ\EclipsWorkspace\NewSwagLab_Project/Reports/AutomationReport.html
2026-05-27 14:21:08 [main] INFO  org.testng.internal.Utils - [Utils] DynamicGraphHelper.createDynamicGraph() took 2 ms.
2026-05-27 14:21:08 [main] INFO  com.swaglabtest.pages.BaseClass - Initializing browser...
2026-05-27 14:21:08 [main] INFO  com.swaglabtest.pages.BaseClass - Browser selected: chrome
2026-05-27 14:21:10 [main] INFO  io.github.bonigarcia.wdm.WebDriverManager - Using chromedriver 148.0.7778.178 (resolved driver for Chrome 148)
2026-05-27 14:21:10 [main] INFO  io.github.bonigarcia.wdm.online.Downloader - Downloading https://storage.googleapis.com/chrome-for-testing-public/148.0.7778.178/win64/chromedriver-win64.zip
2026-05-27 14:21:16 [main] INFO  io.github.bonigarcia.wdm.online.Downloader - Extracting driver from compressed file chromedriver-win64.zip
2026-05-27 14:21:16 [main] INFO  io.github.bonigarcia.wdm.WebDriverManager - Exporting webdriver.chrome.driver as C:\Users\STZ\.cache\selenium\chromedriver\win64\148.0.7778.178\chromedriver.exe
2026-05-27 14:21:20 [main] INFO  com.swaglabtest.pages.BaseClass - Browser initialized successfully: chrome
2026-05-27 14:21:20 [main] INFO  com.swaglabtest.pages.BaseClass - Test started: sortOrder
2026-05-27 14:21:20 [main] INFO  com.swaglabtest.pages.BaseClass - Test Passed: sortOrder
2026-05-27 14:21:20 [main] INFO  com.swaglabtest.pages.BaseClass - Browser closed for class
2026-05-27 14:21:21 [main] INFO  com.swaglabtest.pages.BaseClass - Extent Report flushed
2026-05-27 14:21:21 [main] INFO  org.testng.internal.Utils - [TestNG] Time taken by org.testng.reporters.jq.Main@300a38e7: 90 ms
2026-05-27 14:21:21 [main] INFO  org.testng.internal.Utils - [TestNG] Time taken by org.testng.reporters.FailedReporter@5c9a4f3b: 0 ms
2026-05-27 14:21:21 [main] INFO  org.testng.internal.Utils - [TestNG] Time taken by org.testng.reporters.XMLReporter@32b112a1: 12 ms
2026-05-27 14:21:21 [main] INFO  org.testng.internal.Utils - [TestNG] Time taken by org.testng.reporters.EmailableReporter2@520a95ff: 8 ms
2026-05-27 14:21:21 [main] INFO  org.testng.internal.Utils - [TestNG] Time taken by org.testng.reporters.JUnitReportReporter@48368a08: 6 ms
2026-05-27 14:21:21 [main] INFO  org.testng.internal.Utils - [TestNG] Time taken by org.testng.internal.ExitCodeListener@41a23470: 0 ms
2026-05-27 14:22:55 [main] WARN  org.testng.TestNG - Ignoring duplicate listener : io.qameta.allure.testng.AllureTestNg
2026-05-27 14:22:55 [main] WARN  org.testng.TestNG - Ignoring duplicate listener : io.qameta.allure.testng.AllureTestNg
2026-05-27 14:22:55 [main] WARN  org.testng.TestNG - Ignoring duplicate listener : io.qameta.allure.testng.AllureTestNg
2026-05-27 14:22:55 [main] INFO  org.testng.internal.Utils - [TestNG] Running:
  C:\Users\STZ\EclipsWorkspace\NewSwagLab_Project\XMLFiles\testng.xml

2026-05-27 14:22:55 [main] INFO  com.swaglabtest.pages.BaseClass - Starting Test Suite setup...
2026-05-27 14:22:55 [main] INFO  com.swaglabtest.pages.BaseClass - ExcelDataProvider initialized
2026-05-27 14:22:55 [main] INFO  com.swaglabtest.pages.BaseClass - ConfigProvider initialized
2026-05-27 14:22:56 [main] INFO  com.swaglabtest.pages.BaseClass - Extent Reports XML configuration loaded
2026-05-27 14:22:56 [main] INFO  com.swaglabtest.pages.BaseClass - Extent Report initialized at: C:\Users\STZ\EclipsWorkspace\NewSwagLab_Project/Reports/AutomationReport.html
2026-05-27 14:22:56 [main] INFO  com.swaglabtest.pages.BaseClass - Initializing browser...
2026-05-27 14:22:56 [main] INFO  com.swaglabtest.pages.BaseClass - Browser selected: chrome
2026-05-27 14:23:01 [main] INFO  io.github.bonigarcia.wdm.WebDriverManager - Using chromedriver 148.0.7778.178 (resolved driver for Chrome 148)
2026-05-27 14:23:01 [main] INFO  io.github.bonigarcia.wdm.online.Downloader - Downloading https://storage.googleapis.com/chrome-for-testing-public/148.0.7778.178/win64/chromedriver-win64.zip
2026-05-27 14:23:05 [main] INFO  io.github.bonigarcia.wdm.online.Downloader - Extracting driver from compressed file chromedriver-win64.zip
2026-05-27 14:23:05 [main] INFO  io.github.bonigarcia.wdm.WebDriverManager - Exporting webdriver.chrome.driver as C:\Users\STZ\.cache\selenium\chromedriver\win64\148.0.7778.178\chromedriver.exe
2026-05-27 14:23:08 [main] INFO  com.swaglabtest.pages.BaseClass - Browser initialized successfully: chrome
2026-05-27 14:23:08 [main] INFO  com.swaglabtest.pages.BaseClass - Test started: UserLogingWithCredentials
2026-05-27 14:23:09 [main] INFO  com.swaglabtest.pages.BaseClass - Test Passed: UserLogingWithCredentials
2026-05-27 14:23:09 [main] INFO  com.swaglabtest.pages.BaseClass - Browser closed for class
2026-05-27 14:23:09 [main] INFO  com.swaglabtest.pages.BaseClass - Initializing browser...
2026-05-27 14:23:09 [main] INFO  com.swaglabtest.pages.BaseClass - Browser selected: chrome
2026-05-27 14:23:10 [main] INFO  io.github.bonigarcia.wdm.WebDriverManager - Using chromedriver 148.0.7778.178 (resolved driver for Chrome 148)
2026-05-27 14:23:10 [main] INFO  io.github.bonigarcia.wdm.online.Downloader - Downloading https://storage.googleapis.com/chrome-for-testing-public/148.0.7778.178/win64/chromedriver-win64.zip
2026-05-27 14:23:14 [main] INFO  io.github.bonigarcia.wdm.online.Downloader - Extracting driver from compressed file chromedriver-win64.zip
2026-05-27 14:23:14 [main] INFO  io.github.bonigarcia.wdm.WebDriverManager - Exporting webdriver.chrome.driver as C:\Users\STZ\.cache\selenium\chromedriver\win64\148.0.7778.178\chromedriver.exe
2026-05-27 14:23:17 [main] INFO  com.swaglabtest.pages.BaseClass - Browser initialized successfully: chrome
2026-05-27 14:23:17 [main] INFO  com.swaglabtest.pages.BaseClass - Test started: newPurchasing
2026-05-27 14:23:50 [main] INFO  com.swaglabtest.pages.BaseClass - Test Passed: newPurchasing
2026-05-27 14:23:50 [main] INFO  com.swaglabtest.pages.BaseClass - Test started: sortOrder
2026-05-27 14:23:50 [main] INFO  com.swaglabtest.pages.BaseClass - Test Passed: sortOrder
2026-05-27 14:23:50 [main] INFO  com.swaglabtest.pages.BaseClass - Browser closed for class
2026-05-27 14:23:50 [main] INFO  com.swaglabtest.pages.BaseClass - Initializing browser...
2026-05-27 14:23:50 [main] INFO  com.swaglabtest.pages.BaseClass - Browser selected: firefox
2026-05-27 14:23:51 [main] INFO  io.github.bonigarcia.wdm.WebDriverManager - Using geckodriver 0.36.0 (resolved driver for Firefox 150)
2026-05-27 14:23:51 [main] INFO  io.github.bonigarcia.wdm.WebDriverManager - Reading https://raw.githubusercontent.com/bonigarcia/webdrivermanager/master/docs/mirror/geckodriver to seek geckodriver
2026-05-27 14:23:51 [main] INFO  io.github.bonigarcia.wdm.online.Downloader - Downloading https://github.com/mozilla/geckodriver/releases/download/v0.36.0/geckodriver-v0.36.0-win64.zip
2026-05-27 14:23:53 [main] INFO  io.github.bonigarcia.wdm.online.Downloader - Extracting driver from compressed file geckodriver-v0.36.0-win64.zip
2026-05-27 14:23:53 [main] INFO  io.github.bonigarcia.wdm.WebDriverManager - Exporting webdriver.gecko.driver as C:\Users\STZ\.cache\selenium\geckodriver\win64\0.36.0\geckodriver.exe
2026-05-27 14:23:59 [main] INFO  com.swaglabtest.pages.BaseClass - Browser initialized successfully: firefox
2026-05-27 14:23:59 [main] INFO  com.swaglabtest.pages.BaseClass - Test started: UserLogingWithCredentials
2026-05-27 14:23:59 [main] INFO  com.swaglabtest.pages.BaseClass - Test Passed: UserLogingWithCredentials
2026-05-27 14:24:00 [main] INFO  com.swaglabtest.pages.BaseClass - Browser closed for class
2026-05-27 14:24:00 [main] INFO  com.swaglabtest.pages.BaseClass - Initializing browser...
2026-05-27 14:24:00 [main] INFO  com.swaglabtest.pages.BaseClass - Browser selected: firefox
2026-05-27 14:24:00 [main] INFO  io.github.bonigarcia.wdm.WebDriverManager - Using geckodriver 0.36.0 (resolved driver for Firefox 150)
2026-05-27 14:24:00 [main] INFO  io.github.bonigarcia.wdm.WebDriverManager - Exporting webdriver.gecko.driver as C:\Users\STZ\.cache\selenium\geckodriver\win64\0.36.0\geckodriver.exe
2026-05-27 14:24:04 [main] INFO  com.swaglabtest.pages.BaseClass - Browser initialized successfully: firefox
2026-05-27 14:24:04 [main] INFO  com.swaglabtest.pages.BaseClass - Test started: newPurchasing
2026-05-27 14:24:37 [main] INFO  com.swaglabtest.pages.BaseClass - Test Passed: newPurchasing
2026-05-27 14:24:37 [main] INFO  com.swaglabtest.pages.BaseClass - Test started: sortOrder
2026-05-27 14:24:37 [main] INFO  com.swaglabtest.pages.BaseClass - Test Passed: sortOrder
2026-05-27 14:24:38 [main] INFO  com.swaglabtest.pages.BaseClass - Browser closed for class
2026-05-27 14:24:39 [main] INFO  com.swaglabtest.pages.BaseClass - Extent Report flushed
2026-05-27 14:37:08 [main] INFO  org.testng.internal.Utils - [Utils] MethodGroupsHelper.collectMethodsByGroup() took 7 ms.
2026-05-27 14:37:08 [main] INFO  org.testng.internal.Utils - [Utils] MethodGroupsHelper.sortMethods() took 27 ms.
2026-05-27 14:37:08 [main] INFO  org.testng.internal.Utils - [Utils] MethodGroupsHelper.collectMethodsByGroup() took 1 ms.
2026-05-27 14:37:08 [main] INFO  org.testng.internal.Utils - [Utils] MethodGroupsHelper.sortMethods() took 0 ms.
2026-05-27 14:37:08 [main] INFO  org.testng.internal.Utils - [Utils] MethodGroupsHelper.collectMethodsByGroup() took 0 ms.
2026-05-27 14:37:08 [main] INFO  org.testng.internal.Utils - [Utils] MethodGroupsHelper.sortMethods() took 0 ms.
2026-05-27 14:37:08 [main] INFO  org.testng.internal.Utils - [Utils] MethodGroupsHelper.collectMethodsByGroup() took 0 ms.
2026-05-27 14:37:09 [main] INFO  org.testng.internal.Utils - [Utils] MethodGroupsHelper.sortMethods() took 0 ms.
2026-05-27 14:37:09 [main] INFO  org.testng.internal.Utils - [Utils] MethodGroupsHelper.collectMethodsByGroup() took 0 ms.
2026-05-27 14:37:09 [main] INFO  org.testng.internal.Utils - [Utils] MethodGroupsHelper.sortMethods() took 0 ms.
2026-05-27 14:37:09 [main] INFO  org.testng.internal.Utils - [Utils] MethodGroupsHelper.collectMethodsByGroup() took 0 ms.
2026-05-27 14:37:09 [main] INFO  org.testng.internal.Utils - [Utils] MethodGroupsHelper.sortMethods() took 0 ms.
2026-05-27 14:37:09 [main] INFO  org.testng.internal.Utils - [Utils] MethodGroupsHelper.collectMethodsByGroup() took 0 ms.
2026-05-27 14:37:09 [main] INFO  org.testng.internal.Utils - [Utils] MethodGroupsHelper.sortMethods() took 0 ms.
2026-05-27 14:37:09 [main] INFO  org.testng.internal.Utils - [Utils] MethodGroupsHelper.collectMethodsByGroup() took 0 ms.
2026-05-27 14:37:09 [main] INFO  org.testng.internal.Utils - [Utils] MethodGroupsHelper.sortMethods() took 0 ms.
2026-05-27 14:37:09 [main] INFO  org.testng.internal.Utils - [Utils] MethodGroupsHelper.collectMethodsByGroup() took 1 ms.
2026-05-27 14:37:09 [main] INFO  org.testng.internal.Utils - [Utils] MethodGroupsHelper.sortMethods() took 7 ms.
2026-05-27 14:37:09 [main] INFO  org.testng.internal.Utils - [Utils] MethodGroupsHelper.collectMethodsByGroup() took 0 ms.
2026-05-27 14:37:09 [main] INFO  org.testng.internal.Utils - [Utils] MethodGroupsHelper.sortMethods() took 0 ms.
2026-05-27 14:37:09 [main] INFO  org.testng.internal.Utils - [Utils] MethodGroupsHelper.collectMethodsByGroup() took 1 ms.
2026-05-27 14:37:09 [main] INFO  org.testng.internal.Utils - [Utils] MethodGroupsHelper.sortMethods() took 0 ms.
2026-05-27 14:37:09 [main] INFO  org.testng.internal.Utils - [Utils] MethodGroupsHelper.collectMethodsByGroup() took 0 ms.
2026-05-27 14:37:09 [main] INFO  org.testng.internal.Utils - [Utils] MethodGroupsHelper.sortMethods() took 0 ms.
2026-05-27 14:37:09 [main] INFO  org.testng.internal.Utils - [Utils] MethodGroupsHelper.collectMethodsByGroup() took 2 ms.
2026-05-27 14:37:09 [main] INFO  org.testng.internal.Utils - [Utils] MethodGroupsHelper.sortMethods() took 1 ms.
2026-05-27 14:37:09 [main] INFO  org.testng.internal.Utils - [Utils] MethodGroupsHelper.collectMethodsByGroup() took 0 ms.
2026-05-27 14:37:09 [main] INFO  org.testng.internal.Utils - [Utils] MethodGroupsHelper.sortMethods() took 0 ms.
2026-05-27 14:37:09 [main] INFO  org.testng.internal.Utils - [Utils] MethodGroupsHelper.collectMethodsByGroup() took 0 ms.
2026-05-27 14:37:09 [main] INFO  org.testng.internal.Utils - [Utils] MethodGroupsHelper.sortMethods() took 0 ms.
2026-05-27 14:37:09 [main] INFO  org.testng.internal.Utils - [TestNG] Running:
  C:\Users\STZ\AppData\Local\Temp\testng-eclipse--1309883712\testng-customsuite.xml

2026-05-27 14:37:09 [main] INFO  com.swaglabtest.pages.BaseClass - Starting Test Suite setup...
2026-05-27 14:37:09 [main] INFO  com.swaglabtest.pages.BaseClass - ExcelDataProvider initialized
2026-05-27 14:37:09 [main] INFO  com.swaglabtest.pages.BaseClass - ConfigProvider initialized
2026-05-27 14:37:09 [main] INFO  com.swaglabtest.pages.BaseClass - Extent Reports XML configuration loaded
2026-05-27 14:37:09 [main] INFO  com.swaglabtest.pages.BaseClass - Extent Report initialized at: C:\Users\STZ\EclipsWorkspace\NewSwagLab_Project/Reports/AutomationReport.html
2026-05-27 14:37:09 [main] INFO  org.testng.internal.Utils - [Utils] DynamicGraphHelper.createDynamicGraph() took 3 ms.
2026-05-27 14:37:09 [main] INFO  com.swaglabtest.pages.BaseClass - Initializing browser...
2026-05-27 14:37:09 [main] INFO  com.swaglabtest.pages.BaseClass - Browser selected: chrome
2026-05-27 14:37:11 [main] INFO  io.github.bonigarcia.wdm.WebDriverManager - Using chromedriver 148.0.7778.178 (resolved driver for Chrome 148)
2026-05-27 14:37:12 [main] INFO  io.github.bonigarcia.wdm.online.Downloader - Downloading https://storage.googleapis.com/chrome-for-testing-public/148.0.7778.178/win64/chromedriver-win64.zip
2026-05-27 14:37:21 [main] INFO  io.github.bonigarcia.wdm.online.Downloader - Extracting driver from compressed file chromedriver-win64.zip
2026-05-27 14:37:21 [main] INFO  io.github.bonigarcia.wdm.WebDriverManager - Exporting webdriver.chrome.driver as C:\Users\STZ\.cache\selenium\chromedriver\win64\148.0.7778.178\chromedriver.exe
2026-05-27 14:37:30 [main] INFO  com.swaglabtest.pages.BaseClass - Browser initialized successfully: chrome
2026-05-27 14:37:30 [main] INFO  com.swaglabtest.pages.BaseClass - Test started: sortOrderDescending
2026-05-27 14:37:31 [main] ERROR com.swaglabtest.pages.BaseClass - Test Failed: sortOrderDescending
java.lang.Error: Unresolved compilation problem: 
	itemname cannot be resolved to a variable

	at com.swaglabtest.pages.ItemPurchase.listcollectionDescending(ItemPurchase.java:233) ~[test-classes/:?]
	at com.swaglabtest.testcases.NewPurchaseTest.sortOrderDescending(NewPurchaseTest.java:96) ~[test-classes/:?]
	at java.base/jdk.internal.reflect.DirectMethodHandleAccessor.invoke(DirectMethodHandleAccessor.java:103) ~[?:?]
	at java.base/java.lang.reflect.Method.invoke(Method.java:580) ~[?:?]
	at org.testng.internal.invokers.MethodInvocationHelper.invokeMethod(MethodInvocationHelper.java:141) ~[testng-7.10.1.jar:7.10.1]
	at org.testng.internal.invokers.TestInvoker.invokeMethod(TestInvoker.java:686) ~[testng-7.10.1.jar:7.10.1]
	at org.testng.internal.invokers.TestInvoker.invokeTestMethod(TestInvoker.java:230) ~[testng-7.10.1.jar:7.10.1]
	at org.testng.internal.invokers.MethodRunner.runInSequence(MethodRunner.java:63) ~[testng-7.10.1.jar:7.10.1]
	at org.testng.internal.invokers.TestInvoker$MethodInvocationAgent.invoke(TestInvoker.java:992) ~[testng-7.10.1.jar:7.10.1]
	at org.testng.internal.invokers.TestInvoker.invokeTestMethods(TestInvoker.java:203) ~[testng-7.10.1.jar:7.10.1]
	at org.testng.internal.invokers.TestMethodWorker.invokeTestMethods(TestMethodWorker.java:154) ~[testng-7.10.1.jar:7.10.1]
	at org.testng.internal.invokers.TestMethodWorker.run(TestMethodWorker.java:134) ~[testng-7.10.1.jar:7.10.1]
	at java.base/java.util.ArrayList.forEach(ArrayList.java:1596) [?:?]
	at org.testng.TestRunner.privateRun(TestRunner.java:739) [testng-7.10.1.jar:7.10.1]
	at org.testng.TestRunner.run(TestRunner.java:614) [testng-7.10.1.jar:7.10.1]
	at org.testng.SuiteRunner.runTest(SuiteRunner.java:421) [testng-7.10.1.jar:7.10.1]
	at org.testng.SuiteRunner.runSequentially(SuiteRunner.java:413) [testng-7.10.1.jar:7.10.1]
	at org.testng.SuiteRunner.privateRun(SuiteRunner.java:373) [testng-7.10.1.jar:7.10.1]
	at org.testng.SuiteRunner.run(SuiteRunner.java:312) [testng-7.10.1.jar:7.10.1]
	at org.testng.SuiteRunnerWorker.runSuite(SuiteRunnerWorker.java:52) [testng-7.10.1.jar:7.10.1]
	at org.testng.SuiteRunnerWorker.run(SuiteRunnerWorker.java:95) [testng-7.10.1.jar:7.10.1]
	at org.testng.TestNG.runSuitesSequentially(TestNG.java:1274) [testng-7.10.1.jar:7.10.1]
	at org.testng.TestNG.runSuitesLocally(TestNG.java:1208) [testng-7.10.1.jar:7.10.1]
	at org.testng.TestNG.runSuites(TestNG.java:1112) [testng-7.10.1.jar:7.10.1]
	at org.testng.TestNG.run(TestNG.java:1079) [testng-7.10.1.jar:7.10.1]
	at org.testng.remote.AbstractRemoteTestNG.run(AbstractRemoteTestNG.java:115) [testng-remote.jar:?]
	at org.testng.remote.RemoteTestNG.initAndRun(RemoteTestNG.java:293) [testng-remote.jar:?]
	at org.testng.remote.RemoteTestNG.main(RemoteTestNG.java:91) [testng-remote.jar:?]
2026-05-27 14:37:31 [main] INFO  com.swaglabtest.pages.BaseClass - Browser closed for class
2026-05-27 14:37:31 [main] INFO  com.swaglabtest.pages.BaseClass - Extent Report flushed
2026-05-27 14:37:31 [main] INFO  org.testng.internal.Utils - [TestNG] Time taken by org.testng.reporters.jq.Main@52909a97: 89 ms
2026-05-27 14:37:31 [main] INFO  org.testng.internal.Utils - [TestNG] Time taken by org.testng.reporters.FailedReporter@218df7d6: 19 ms
2026-05-27 14:37:31 [main] INFO  org.testng.internal.Utils - [TestNG] Time taken by org.testng.reporters.XMLReporter@76b305e1: 10 ms
2026-05-27 14:37:31 [main] INFO  org.testng.internal.Utils - [TestNG] Time taken by org.testng.reporters.EmailableReporter2@4eb63dc8: 9 ms
2026-05-27 14:37:31 [main] INFO  org.testng.internal.Utils - [TestNG] Time taken by org.testng.reporters.JUnitReportReporter@69f9b561: 6 ms
2026-05-27 14:37:31 [main] INFO  org.testng.internal.Utils - [TestNG] Time taken by org.testng.internal.ExitCodeListener@7e8f23ad: 1 ms
2026-05-27 14:38:16 [main] INFO  org.testng.internal.Utils - [Utils] MethodGroupsHelper.collectMethodsByGroup() took 5 ms.
2026-05-27 14:38:16 [main] INFO  org.testng.internal.Utils - [Utils] MethodGroupsHelper.sortMethods() took 8 ms.
2026-05-27 14:38:16 [main] INFO  org.testng.internal.Utils - [Utils] MethodGroupsHelper.collectMethodsByGroup() took 0 ms.
2026-05-27 14:38:16 [main] INFO  org.testng.internal.Utils - [Utils] MethodGroupsHelper.sortMethods() took 0 ms.
2026-05-27 14:38:16 [main] INFO  org.testng.internal.Utils - [Utils] MethodGroupsHelper.collectMethodsByGroup() took 0 ms.
2026-05-27 14:38:16 [main] INFO  org.testng.internal.Utils - [Utils] MethodGroupsHelper.sortMethods() took 0 ms.
2026-05-27 14:38:16 [main] INFO  org.testng.internal.Utils - [Utils] MethodGroupsHelper.collectMethodsByGroup() took 0 ms.
2026-05-27 14:38:16 [main] INFO  org.testng.internal.Utils - [Utils] MethodGroupsHelper.sortMethods() took 0 ms.
2026-05-27 14:38:16 [main] INFO  org.testng.internal.Utils - [Utils] MethodGroupsHelper.collectMethodsByGroup() took 0 ms.
2026-05-27 14:38:16 [main] INFO  org.testng.internal.Utils - [Utils] MethodGroupsHelper.sortMethods() took 0 ms.
2026-05-27 14:38:16 [main] INFO  org.testng.internal.Utils - [Utils] MethodGroupsHelper.collectMethodsByGroup() took 0 ms.
2026-05-27 14:38:16 [main] INFO  org.testng.internal.Utils - [Utils] MethodGroupsHelper.sortMethods() took 0 ms.
2026-05-27 14:38:16 [main] INFO  org.testng.internal.Utils - [Utils] MethodGroupsHelper.collectMethodsByGroup() took 0 ms.
2026-05-27 14:38:16 [main] INFO  org.testng.internal.Utils - [Utils] MethodGroupsHelper.sortMethods() took 0 ms.
2026-05-27 14:38:16 [main] INFO  org.testng.internal.Utils - [Utils] MethodGroupsHelper.collectMethodsByGroup() took 0 ms.
2026-05-27 14:38:16 [main] INFO  org.testng.internal.Utils - [Utils] MethodGroupsHelper.sortMethods() took 0 ms.
2026-05-27 14:38:16 [main] INFO  org.testng.internal.Utils - [Utils] MethodGroupsHelper.collectMethodsByGroup() took 0 ms.
2026-05-27 14:38:16 [main] INFO  org.testng.internal.Utils - [Utils] MethodGroupsHelper.sortMethods() took 7 ms.
2026-05-27 14:38:16 [main] INFO  org.testng.internal.Utils - [Utils] MethodGroupsHelper.collectMethodsByGroup() took 0 ms.
2026-05-27 14:38:16 [main] INFO  org.testng.internal.Utils - [Utils] MethodGroupsHelper.sortMethods() took 0 ms.
2026-05-27 14:38:16 [main] INFO  org.testng.internal.Utils - [Utils] MethodGroupsHelper.collectMethodsByGroup() took 0 ms.
2026-05-27 14:38:16 [main] INFO  org.testng.internal.Utils - [Utils] MethodGroupsHelper.sortMethods() took 1 ms.
2026-05-27 14:38:16 [main] INFO  org.testng.internal.Utils - [Utils] MethodGroupsHelper.collectMethodsByGroup() took 0 ms.
2026-05-27 14:38:16 [main] INFO  org.testng.internal.Utils - [Utils] MethodGroupsHelper.sortMethods() took 0 ms.
2026-05-27 14:38:16 [main] INFO  org.testng.internal.Utils - [Utils] MethodGroupsHelper.collectMethodsByGroup() took 2 ms.
2026-05-27 14:38:16 [main] INFO  org.testng.internal.Utils - [Utils] MethodGroupsHelper.sortMethods() took 0 ms.
2026-05-27 14:38:16 [main] INFO  org.testng.internal.Utils - [Utils] MethodGroupsHelper.collectMethodsByGroup() took 0 ms.
2026-05-27 14:38:16 [main] INFO  org.testng.internal.Utils - [Utils] MethodGroupsHelper.sortMethods() took 0 ms.
2026-05-27 14:38:16 [main] INFO  org.testng.internal.Utils - [Utils] MethodGroupsHelper.collectMethodsByGroup() took 0 ms.
2026-05-27 14:38:16 [main] INFO  org.testng.internal.Utils - [Utils] MethodGroupsHelper.sortMethods() took 1 ms.
2026-05-27 14:38:16 [main] INFO  org.testng.internal.Utils - [TestNG] Running:
  C:\Users\STZ\AppData\Local\Temp\testng-eclipse--34917802\testng-customsuite.xml

2026-05-27 14:38:16 [main] INFO  com.swaglabtest.pages.BaseClass - Starting Test Suite setup...
2026-05-27 14:38:17 [main] INFO  com.swaglabtest.pages.BaseClass - ExcelDataProvider initialized
2026-05-27 14:38:17 [main] INFO  com.swaglabtest.pages.BaseClass - ConfigProvider initialized
2026-05-27 14:38:17 [main] INFO  com.swaglabtest.pages.BaseClass - Extent Reports XML configuration loaded
2026-05-27 14:38:17 [main] INFO  com.swaglabtest.pages.BaseClass - Extent Report initialized at: C:\Users\STZ\EclipsWorkspace\NewSwagLab_Project/Reports/AutomationReport.html
2026-05-27 14:38:17 [main] INFO  org.testng.internal.Utils - [Utils] DynamicGraphHelper.createDynamicGraph() took 2 ms.
2026-05-27 14:38:17 [main] INFO  com.swaglabtest.pages.BaseClass - Initializing browser...
2026-05-27 14:38:17 [main] INFO  com.swaglabtest.pages.BaseClass - Browser selected: chrome
2026-05-27 14:38:19 [main] INFO  io.github.bonigarcia.wdm.WebDriverManager - Using chromedriver 148.0.7778.178 (resolved driver for Chrome 148)
2026-05-27 14:38:19 [main] INFO  io.github.bonigarcia.wdm.online.Downloader - Downloading https://storage.googleapis.com/chrome-for-testing-public/148.0.7778.178/win64/chromedriver-win64.zip
2026-05-27 14:38:24 [main] INFO  io.github.bonigarcia.wdm.online.Downloader - Extracting driver from compressed file chromedriver-win64.zip
2026-05-27 14:38:25 [main] INFO  io.github.bonigarcia.wdm.WebDriverManager - Exporting webdriver.chrome.driver as C:\Users\STZ\.cache\selenium\chromedriver\win64\148.0.7778.178\chromedriver.exe
2026-05-27 14:38:29 [main] INFO  com.swaglabtest.pages.BaseClass - Browser initialized successfully: chrome
2026-05-27 14:38:29 [main] INFO  com.swaglabtest.pages.BaseClass - Test started: sortOrderDescending
2026-05-27 14:38:30 [main] INFO  com.swaglabtest.pages.BaseClass - Test Passed: sortOrderDescending
2026-05-27 14:38:30 [main] INFO  com.swaglabtest.pages.BaseClass - Browser closed for class
2026-05-27 14:38:30 [main] INFO  com.swaglabtest.pages.BaseClass - Extent Report flushed
2026-05-27 14:38:30 [main] INFO  org.testng.internal.Utils - [TestNG] Time taken by org.testng.reporters.jq.Main@56b9d43f: 75 ms
2026-05-27 14:38:30 [main] INFO  org.testng.internal.Utils - [TestNG] Time taken by org.testng.reporters.FailedReporter@2d913116: 0 ms
2026-05-27 14:38:30 [main] INFO  org.testng.internal.Utils - [TestNG] Time taken by org.testng.reporters.XMLReporter@714f1a44: 11 ms
2026-05-27 14:38:30 [main] INFO  org.testng.internal.Utils - [TestNG] Time taken by org.testng.reporters.EmailableReporter2@4b508371: 7 ms
2026-05-27 14:38:30 [main] INFO  org.testng.internal.Utils - [TestNG] Time taken by org.testng.reporters.JUnitReportReporter@467af68c: 5 ms
2026-05-27 14:38:30 [main] INFO  org.testng.internal.Utils - [TestNG] Time taken by org.testng.internal.ExitCodeListener@43786627: 0 ms
2026-05-27 14:46:43 [main] WARN  org.testng.TestNG - Ignoring duplicate listener : io.qameta.allure.testng.AllureTestNg
2026-05-27 14:46:43 [main] WARN  org.testng.TestNG - Ignoring duplicate listener : io.qameta.allure.testng.AllureTestNg
2026-05-27 14:46:43 [main] WARN  org.testng.TestNG - Ignoring duplicate listener : io.qameta.allure.testng.AllureTestNg
2026-05-27 14:46:44 [main] INFO  org.testng.internal.Utils - [TestNG] Running:
  C:\Users\STZ\EclipsWorkspace\NewSwagLab_Project\XMLFiles\testng.xml

2026-05-27 14:46:44 [main] INFO  com.swaglabtest.pages.BaseClass - Starting Test Suite setup...
2026-05-27 14:46:44 [main] INFO  com.swaglabtest.pages.BaseClass - ExcelDataProvider initialized
2026-05-27 14:46:44 [main] INFO  com.swaglabtest.pages.BaseClass - ConfigProvider initialized
2026-05-27 14:46:44 [main] INFO  com.swaglabtest.pages.BaseClass - Extent Reports XML configuration loaded
2026-05-27 14:46:45 [main] INFO  com.swaglabtest.pages.BaseClass - Extent Report initialized at: C:\Users\STZ\EclipsWorkspace\NewSwagLab_Project/Reports/AutomationReport.html
2026-05-27 14:46:45 [main] INFO  com.swaglabtest.pages.BaseClass - Initializing browser...
2026-05-27 14:46:45 [main] INFO  com.swaglabtest.pages.BaseClass - Browser selected: chrome
2026-05-27 14:46:46 [main] INFO  io.github.bonigarcia.wdm.WebDriverManager - Using chromedriver 148.0.7778.178 (resolved driver for Chrome 148)
2026-05-27 14:46:47 [main] INFO  io.github.bonigarcia.wdm.online.Downloader - Downloading https://storage.googleapis.com/chrome-for-testing-public/148.0.7778.178/win64/chromedriver-win64.zip
2026-05-27 14:46:53 [main] INFO  io.github.bonigarcia.wdm.online.Downloader - Extracting driver from compressed file chromedriver-win64.zip
2026-05-27 14:46:53 [main] INFO  io.github.bonigarcia.wdm.WebDriverManager - Exporting webdriver.chrome.driver as C:\Users\STZ\.cache\selenium\chromedriver\win64\148.0.7778.178\chromedriver.exe
2026-05-27 14:46:59 [main] INFO  com.swaglabtest.pages.BaseClass - Browser initialized successfully: chrome
2026-05-27 14:46:59 [main] INFO  com.swaglabtest.pages.BaseClass - Test started: UserLogingWithCredentials
2026-05-27 14:46:59 [main] INFO  com.swaglabtest.pages.BaseClass - Test Passed: UserLogingWithCredentials
2026-05-27 14:47:00 [main] INFO  com.swaglabtest.pages.BaseClass - Browser closed for class
2026-05-27 14:47:00 [main] INFO  com.swaglabtest.pages.BaseClass - Initializing browser...
2026-05-27 14:47:00 [main] INFO  com.swaglabtest.pages.BaseClass - Browser selected: chrome
2026-05-27 14:47:01 [main] INFO  io.github.bonigarcia.wdm.WebDriverManager - Using chromedriver 148.0.7778.178 (resolved driver for Chrome 148)
2026-05-27 14:47:01 [main] INFO  io.github.bonigarcia.wdm.online.Downloader - Downloading https://storage.googleapis.com/chrome-for-testing-public/148.0.7778.178/win64/chromedriver-win64.zip
2026-05-27 14:47:10 [main] INFO  io.github.bonigarcia.wdm.online.Downloader - Extracting driver from compressed file chromedriver-win64.zip
2026-05-27 14:47:10 [main] INFO  io.github.bonigarcia.wdm.WebDriverManager - Exporting webdriver.chrome.driver as C:\Users\STZ\.cache\selenium\chromedriver\win64\148.0.7778.178\chromedriver.exe
2026-05-27 14:47:13 [main] INFO  com.swaglabtest.pages.BaseClass - Browser initialized successfully: chrome
2026-05-27 14:47:13 [main] INFO  com.swaglabtest.pages.BaseClass - Test started: newPurchasing
2026-05-27 14:47:47 [main] INFO  com.swaglabtest.pages.BaseClass - Test Passed: newPurchasing
2026-05-27 14:47:47 [main] INFO  com.swaglabtest.pages.BaseClass - Test started: sortOrderAscending
2026-05-27 14:47:47 [main] INFO  com.swaglabtest.pages.BaseClass - Test Passed: sortOrderAscending
2026-05-27 14:47:47 [main] INFO  com.swaglabtest.pages.BaseClass - Test started: sortOrderDescending
2026-05-27 14:47:47 [main] INFO  com.swaglabtest.pages.BaseClass - Test Passed: sortOrderDescending
2026-05-27 14:47:47 [main] INFO  com.swaglabtest.pages.BaseClass - Browser closed for class
2026-05-27 14:47:47 [main] INFO  com.swaglabtest.pages.BaseClass - Initializing browser...
2026-05-27 14:47:47 [main] INFO  com.swaglabtest.pages.BaseClass - Browser selected: firefox
2026-05-27 14:47:48 [main] INFO  io.github.bonigarcia.wdm.WebDriverManager - Using geckodriver 0.36.0 (resolved driver for Firefox 150)
2026-05-27 14:47:48 [main] INFO  io.github.bonigarcia.wdm.WebDriverManager - Reading https://raw.githubusercontent.com/bonigarcia/webdrivermanager/master/docs/mirror/geckodriver to seek geckodriver
2026-05-27 14:47:48 [main] INFO  io.github.bonigarcia.wdm.online.Downloader - Downloading https://github.com/mozilla/geckodriver/releases/download/v0.36.0/geckodriver-v0.36.0-win64.zip
2026-05-27 14:47:50 [main] INFO  io.github.bonigarcia.wdm.online.Downloader - Extracting driver from compressed file geckodriver-v0.36.0-win64.zip
2026-05-27 14:47:50 [main] INFO  io.github.bonigarcia.wdm.WebDriverManager - Exporting webdriver.gecko.driver as C:\Users\STZ\.cache\selenium\geckodriver\win64\0.36.0\geckodriver.exe
2026-05-27 14:47:55 [main] INFO  com.swaglabtest.pages.BaseClass - Browser initialized successfully: firefox
2026-05-27 14:47:55 [main] INFO  com.swaglabtest.pages.BaseClass - Test started: UserLogingWithCredentials
2026-05-27 14:47:55 [main] INFO  com.swaglabtest.pages.BaseClass - Test Passed: UserLogingWithCredentials
2026-05-27 14:47:56 [main] INFO  com.swaglabtest.pages.BaseClass - Browser closed for class
2026-05-27 14:47:56 [main] INFO  com.swaglabtest.pages.BaseClass - Initializing browser...
2026-05-27 14:47:56 [main] INFO  com.swaglabtest.pages.BaseClass - Browser selected: firefox
2026-05-27 14:47:56 [main] INFO  io.github.bonigarcia.wdm.WebDriverManager - Using geckodriver 0.36.0 (resolved driver for Firefox 150)
2026-05-27 14:47:56 [main] INFO  io.github.bonigarcia.wdm.WebDriverManager - Exporting webdriver.gecko.driver as C:\Users\STZ\.cache\selenium\geckodriver\win64\0.36.0\geckodriver.exe
2026-05-27 14:48:02 [main] INFO  com.swaglabtest.pages.BaseClass - Browser initialized successfully: firefox
2026-05-27 14:48:02 [main] INFO  com.swaglabtest.pages.BaseClass - Test started: newPurchasing
2026-05-27 14:48:35 [main] INFO  com.swaglabtest.pages.BaseClass - Test Passed: newPurchasing
2026-05-27 14:48:35 [main] INFO  com.swaglabtest.pages.BaseClass - Test started: sortOrderAscending
2026-05-27 14:48:35 [main] INFO  com.swaglabtest.pages.BaseClass - Test Passed: sortOrderAscending
2026-05-27 14:48:35 [main] INFO  com.swaglabtest.pages.BaseClass - Test started: sortOrderDescending
2026-05-27 14:48:35 [main] INFO  com.swaglabtest.pages.BaseClass - Test Passed: sortOrderDescending
2026-05-27 14:48:36 [main] INFO  com.swaglabtest.pages.BaseClass - Browser closed for class
2026-05-27 14:48:37 [main] INFO  com.swaglabtest.pages.BaseClass - Extent Report flushed
2026-05-27 14:53:53 [main] WARN  org.testng.TestNG - Ignoring duplicate listener : io.qameta.allure.testng.AllureTestNg
2026-05-27 14:53:53 [main] WARN  org.testng.TestNG - Ignoring duplicate listener : io.qameta.allure.testng.AllureTestNg
2026-05-27 14:53:53 [main] WARN  org.testng.TestNG - Ignoring duplicate listener : io.qameta.allure.testng.AllureTestNg
2026-05-27 14:53:54 [main] INFO  org.testng.internal.Utils - [TestNG] Running:
  C:\Users\STZ\EclipsWorkspace\NewSwagLab_Project\XMLFiles\testng.xml

2026-05-27 14:53:54 [main] INFO  com.swaglabtest.pages.BaseClass - Starting Test Suite setup...
2026-05-27 14:53:55 [main] INFO  com.swaglabtest.pages.BaseClass - ExcelDataProvider initialized
2026-05-27 14:53:55 [main] INFO  com.swaglabtest.pages.BaseClass - ConfigProvider initialized
2026-05-27 14:53:55 [main] INFO  com.swaglabtest.pages.BaseClass - Extent Reports XML configuration loaded
2026-05-27 14:53:55 [main] INFO  com.swaglabtest.pages.BaseClass - Extent Report initialized at: C:\Users\STZ\EclipsWorkspace\NewSwagLab_Project/Reports/AutomationReport.html
2026-05-27 14:53:55 [main] INFO  com.swaglabtest.pages.BaseClass - Initializing browser...
2026-05-27 14:53:55 [main] INFO  com.swaglabtest.pages.BaseClass - Browser selected: chrome
2026-05-27 14:53:57 [main] INFO  io.github.bonigarcia.wdm.WebDriverManager - Using chromedriver 148.0.7778.178 (resolved driver for Chrome 148)
2026-05-27 14:53:57 [main] INFO  io.github.bonigarcia.wdm.online.Downloader - Downloading https://storage.googleapis.com/chrome-for-testing-public/148.0.7778.178/win64/chromedriver-win64.zip
2026-05-27 14:54:06 [main] INFO  io.github.bonigarcia.wdm.online.Downloader - Extracting driver from compressed file chromedriver-win64.zip
2026-05-27 14:54:06 [main] INFO  io.github.bonigarcia.wdm.WebDriverManager - Exporting webdriver.chrome.driver as C:\Users\STZ\.cache\selenium\chromedriver\win64\148.0.7778.178\chromedriver.exe
2026-05-27 14:54:09 [main] INFO  com.swaglabtest.pages.BaseClass - Browser initialized successfully: chrome
2026-05-27 14:54:09 [main] INFO  com.swaglabtest.pages.BaseClass - Test started: UserLogingWithCredentials
2026-05-27 14:54:09 [main] INFO  com.swaglabtest.pages.BaseClass - Test Passed: UserLogingWithCredentials
2026-05-27 14:54:09 [main] INFO  com.swaglabtest.pages.BaseClass - Browser closed for class
2026-05-27 14:54:09 [main] INFO  com.swaglabtest.pages.BaseClass - Initializing browser...
2026-05-27 14:54:09 [main] INFO  com.swaglabtest.pages.BaseClass - Browser selected: chrome
2026-05-27 14:54:10 [main] INFO  io.github.bonigarcia.wdm.WebDriverManager - Using chromedriver 148.0.7778.178 (resolved driver for Chrome 148)
2026-05-27 14:54:10 [main] INFO  io.github.bonigarcia.wdm.online.Downloader - Downloading https://storage.googleapis.com/chrome-for-testing-public/148.0.7778.178/win64/chromedriver-win64.zip
2026-05-27 14:54:16 [main] INFO  io.github.bonigarcia.wdm.online.Downloader - Extracting driver from compressed file chromedriver-win64.zip
2026-05-27 14:54:17 [main] INFO  io.github.bonigarcia.wdm.WebDriverManager - Exporting webdriver.chrome.driver as C:\Users\STZ\.cache\selenium\chromedriver\win64\148.0.7778.178\chromedriver.exe
2026-05-27 14:54:19 [main] INFO  com.swaglabtest.pages.BaseClass - Browser initialized successfully: chrome
2026-05-27 14:54:19 [main] INFO  com.swaglabtest.pages.BaseClass - Test started: newPurchasing
2026-05-27 14:54:52 [main] INFO  com.swaglabtest.pages.BaseClass - Test Passed: newPurchasing
2026-05-27 14:54:52 [main] INFO  com.swaglabtest.pages.BaseClass - Test started: sortOrderAscending
2026-05-27 14:54:52 [main] INFO  com.swaglabtest.pages.BaseClass - Test Passed: sortOrderAscending
2026-05-27 14:54:52 [main] INFO  com.swaglabtest.pages.BaseClass - Test started: sortOrderDescending
2026-05-27 14:54:53 [main] INFO  com.swaglabtest.pages.BaseClass - Test Passed: sortOrderDescending
2026-05-27 14:54:53 [main] INFO  com.swaglabtest.pages.BaseClass - Browser closed for class
2026-05-27 14:54:53 [main] INFO  com.swaglabtest.pages.BaseClass - Initializing browser...
2026-05-27 14:54:53 [main] INFO  com.swaglabtest.pages.BaseClass - Browser selected: firefox
2026-05-27 14:54:53 [main] INFO  io.github.bonigarcia.wdm.WebDriverManager - Using geckodriver 0.36.0 (resolved driver for Firefox 150)
2026-05-27 14:54:53 [main] INFO  io.github.bonigarcia.wdm.WebDriverManager - Reading https://raw.githubusercontent.com/bonigarcia/webdrivermanager/master/docs/mirror/geckodriver to seek geckodriver
2026-05-27 14:54:54 [main] INFO  io.github.bonigarcia.wdm.online.Downloader - Downloading https://github.com/mozilla/geckodriver/releases/download/v0.36.0/geckodriver-v0.36.0-win64.zip
2026-05-27 14:54:56 [main] INFO  io.github.bonigarcia.wdm.online.Downloader - Extracting driver from compressed file geckodriver-v0.36.0-win64.zip
2026-05-27 14:54:56 [main] INFO  io.github.bonigarcia.wdm.WebDriverManager - Exporting webdriver.gecko.driver as C:\Users\STZ\.cache\selenium\geckodriver\win64\0.36.0\geckodriver.exe
2026-05-27 14:55:01 [main] INFO  com.swaglabtest.pages.BaseClass - Browser initialized successfully: firefox
2026-05-27 14:55:01 [main] INFO  com.swaglabtest.pages.BaseClass - Test started: UserLogingWithCredentials
2026-05-27 14:55:01 [main] INFO  com.swaglabtest.pages.BaseClass - Test Passed: UserLogingWithCredentials
2026-05-27 14:55:02 [main] INFO  com.swaglabtest.pages.BaseClass - Browser closed for class
2026-05-27 14:55:02 [main] INFO  com.swaglabtest.pages.BaseClass - Initializing browser...
2026-05-27 14:55:02 [main] INFO  com.swaglabtest.pages.BaseClass - Browser selected: firefox
2026-05-27 14:55:02 [main] INFO  io.github.bonigarcia.wdm.WebDriverManager - Using geckodriver 0.36.0 (resolved driver for Firefox 150)
2026-05-27 14:55:02 [main] INFO  io.github.bonigarcia.wdm.WebDriverManager - Exporting webdriver.gecko.driver as C:\Users\STZ\.cache\selenium\geckodriver\win64\0.36.0\geckodriver.exe
2026-05-27 14:55:07 [main] INFO  com.swaglabtest.pages.BaseClass - Browser initialized successfully: firefox
2026-05-27 14:55:07 [main] INFO  com.swaglabtest.pages.BaseClass - Test started: newPurchasing
2026-05-27 14:55:40 [main] INFO  com.swaglabtest.pages.BaseClass - Test Passed: newPurchasing
2026-05-27 14:55:40 [main] INFO  com.swaglabtest.pages.BaseClass - Test started: sortOrderAscending
2026-05-27 14:55:40 [main] INFO  com.swaglabtest.pages.BaseClass - Test Passed: sortOrderAscending
2026-05-27 14:55:40 [main] INFO  com.swaglabtest.pages.BaseClass - Test started: sortOrderDescending
2026-05-27 14:55:40 [main] INFO  com.swaglabtest.pages.BaseClass - Test Passed: sortOrderDescending
2026-05-27 14:55:41 [main] INFO  com.swaglabtest.pages.BaseClass - Browser closed for class
2026-05-27 14:55:41 [main] INFO  com.swaglabtest.pages.BaseClass - Extent Report flushed
2026-05-27 15:00:44 [main] WARN  org.testng.TestNG - Ignoring duplicate listener : io.qameta.allure.testng.AllureTestNg
2026-05-27 15:00:44 [main] WARN  org.testng.TestNG - Ignoring duplicate listener : io.qameta.allure.testng.AllureTestNg
2026-05-27 15:00:44 [main] WARN  org.testng.TestNG - Ignoring duplicate listener : io.qameta.allure.testng.AllureTestNg
2026-05-27 15:00:44 [main] INFO  org.testng.internal.Utils - [TestNG] Running:
  C:\Users\STZ\EclipsWorkspace\NewSwagLab_Project\XMLFiles\testng.xml

2026-05-27 15:00:44 [main] INFO  com.swaglabtest.pages.BaseClass - Starting Test Suite setup...
2026-05-27 15:00:45 [main] INFO  com.swaglabtest.pages.BaseClass - ExcelDataProvider initialized
2026-05-27 15:00:45 [main] INFO  com.swaglabtest.pages.BaseClass - ConfigProvider initialized
2026-05-27 15:00:45 [main] INFO  com.swaglabtest.pages.BaseClass - Extent Reports XML configuration loaded
2026-05-27 15:00:45 [main] INFO  com.swaglabtest.pages.BaseClass - Extent Report initialized at: C:\Users\STZ\EclipsWorkspace\NewSwagLab_Project/Reports/AutomationReport.html
2026-05-27 15:00:45 [main] INFO  com.swaglabtest.pages.BaseClass - Initializing browser...
2026-05-27 15:00:45 [main] INFO  com.swaglabtest.pages.BaseClass - Browser selected: chrome
2026-05-27 15:00:52 [main] INFO  io.github.bonigarcia.wdm.WebDriverManager - Using chromedriver 148.0.7778.178 (resolved driver for Chrome 148)
2026-05-27 15:00:52 [main] INFO  io.github.bonigarcia.wdm.online.Downloader - Downloading https://storage.googleapis.com/chrome-for-testing-public/148.0.7778.178/win64/chromedriver-win64.zip
2026-05-27 15:00:55 [main] INFO  io.github.bonigarcia.wdm.online.Downloader - Extracting driver from compressed file chromedriver-win64.zip
2026-05-27 15:00:55 [main] INFO  io.github.bonigarcia.wdm.WebDriverManager - Exporting webdriver.chrome.driver as C:\Users\STZ\.cache\selenium\chromedriver\win64\148.0.7778.178\chromedriver.exe
2026-05-27 15:01:01 [main] INFO  com.swaglabtest.pages.BaseClass - Browser initialized successfully: chrome
2026-05-27 15:01:01 [main] INFO  com.swaglabtest.pages.BaseClass - Test started: UserLogingWithCredentials
2026-05-27 15:01:01 [main] INFO  com.swaglabtest.pages.BaseClass - Test Passed: UserLogingWithCredentials
2026-05-27 15:01:01 [main] INFO  com.swaglabtest.pages.BaseClass - Browser closed for class
2026-05-27 15:01:01 [main] INFO  com.swaglabtest.pages.BaseClass - Initializing browser...
2026-05-27 15:01:01 [main] INFO  com.swaglabtest.pages.BaseClass - Browser selected: chrome
2026-05-27 15:01:02 [main] INFO  io.github.bonigarcia.wdm.WebDriverManager - Using chromedriver 148.0.7778.178 (resolved driver for Chrome 148)
2026-05-27 15:01:02 [main] INFO  io.github.bonigarcia.wdm.online.Downloader - Downloading https://storage.googleapis.com/chrome-for-testing-public/148.0.7778.178/win64/chromedriver-win64.zip
2026-05-27 15:01:06 [main] INFO  io.github.bonigarcia.wdm.online.Downloader - Extracting driver from compressed file chromedriver-win64.zip
2026-05-27 15:01:06 [main] INFO  io.github.bonigarcia.wdm.WebDriverManager - Exporting webdriver.chrome.driver as C:\Users\STZ\.cache\selenium\chromedriver\win64\148.0.7778.178\chromedriver.exe
2026-05-27 15:01:09 [main] INFO  com.swaglabtest.pages.BaseClass - Browser initialized successfully: chrome
2026-05-27 15:01:09 [main] INFO  com.swaglabtest.pages.BaseClass - Test started: newPurchasing
2026-05-27 15:01:42 [main] INFO  com.swaglabtest.pages.BaseClass - Test Passed: newPurchasing
2026-05-27 15:01:42 [main] INFO  com.swaglabtest.pages.BaseClass - Test started: sortOrderAscending
2026-05-27 15:01:42 [main] INFO  com.swaglabtest.pages.BaseClass - Test Passed: sortOrderAscending
2026-05-27 15:01:42 [main] INFO  com.swaglabtest.pages.BaseClass - Test started: sortOrderDescending
2026-05-27 15:01:42 [main] INFO  com.swaglabtest.pages.BaseClass - Test Passed: sortOrderDescending
2026-05-27 15:01:43 [main] INFO  com.swaglabtest.pages.BaseClass - Browser closed for class
2026-05-27 15:01:43 [main] INFO  com.swaglabtest.pages.BaseClass - Initializing browser...
2026-05-27 15:01:43 [main] INFO  com.swaglabtest.pages.BaseClass - Browser selected: firefox
2026-05-27 15:01:43 [main] INFO  io.github.bonigarcia.wdm.WebDriverManager - Using geckodriver 0.36.0 (resolved driver for Firefox 150)
2026-05-27 15:01:43 [main] INFO  io.github.bonigarcia.wdm.WebDriverManager - Reading https://raw.githubusercontent.com/bonigarcia/webdrivermanager/master/docs/mirror/geckodriver to seek geckodriver
2026-05-27 15:01:43 [main] INFO  io.github.bonigarcia.wdm.online.Downloader - Downloading https://github.com/mozilla/geckodriver/releases/download/v0.36.0/geckodriver-v0.36.0-win64.zip
2026-05-27 15:01:45 [main] INFO  io.github.bonigarcia.wdm.online.Downloader - Extracting driver from compressed file geckodriver-v0.36.0-win64.zip
2026-05-27 15:01:45 [main] INFO  io.github.bonigarcia.wdm.WebDriverManager - Exporting webdriver.gecko.driver as C:\Users\STZ\.cache\selenium\geckodriver\win64\0.36.0\geckodriver.exe
2026-05-27 15:01:50 [main] INFO  com.swaglabtest.pages.BaseClass - Browser initialized successfully: firefox
2026-05-27 15:01:50 [main] INFO  com.swaglabtest.pages.BaseClass - Test started: UserLogingWithCredentials
2026-05-27 15:01:50 [main] INFO  com.swaglabtest.pages.BaseClass - Test Passed: UserLogingWithCredentials
2026-05-27 15:01:51 [main] INFO  com.swaglabtest.pages.BaseClass - Browser closed for class
2026-05-27 15:01:51 [main] INFO  com.swaglabtest.pages.BaseClass - Initializing browser...
2026-05-27 15:01:51 [main] INFO  com.swaglabtest.pages.BaseClass - Browser selected: firefox
2026-05-27 15:01:51 [main] INFO  io.github.bonigarcia.wdm.WebDriverManager - Using geckodriver 0.36.0 (resolved driver for Firefox 150)
2026-05-27 15:01:51 [main] INFO  io.github.bonigarcia.wdm.WebDriverManager - Exporting webdriver.gecko.driver as C:\Users\STZ\.cache\selenium\geckodriver\win64\0.36.0\geckodriver.exe
2026-05-27 15:01:56 [main] INFO  com.swaglabtest.pages.BaseClass - Browser initialized successfully: firefox
2026-05-27 15:01:56 [main] INFO  com.swaglabtest.pages.BaseClass - Test started: newPurchasing
2026-05-27 15:02:29 [main] INFO  com.swaglabtest.pages.BaseClass - Test Passed: newPurchasing
2026-05-27 15:02:29 [main] INFO  com.swaglabtest.pages.BaseClass - Test started: sortOrderAscending
2026-05-27 15:02:29 [main] INFO  com.swaglabtest.pages.BaseClass - Test Passed: sortOrderAscending
2026-05-27 15:02:29 [main] INFO  com.swaglabtest.pages.BaseClass - Test started: sortOrderDescending
2026-05-27 15:02:29 [main] INFO  com.swaglabtest.pages.BaseClass - Test Passed: sortOrderDescending
2026-05-27 15:02:30 [main] INFO  com.swaglabtest.pages.BaseClass - Browser closed for class
2026-05-27 15:02:30 [main] INFO  com.swaglabtest.pages.BaseClass - Extent Report flushed
2026-05-28 17:21:19 [main] WARN  org.testng.TestNG - Ignoring duplicate listener : io.qameta.allure.testng.AllureTestNg
2026-05-28 17:21:19 [main] WARN  org.testng.TestNG - Ignoring duplicate listener : io.qameta.allure.testng.AllureTestNg
2026-05-28 17:21:19 [main] WARN  org.testng.TestNG - Ignoring duplicate listener : io.qameta.allure.testng.AllureTestNg
2026-05-28 17:21:19 [main] INFO  org.testng.internal.Utils - [TestNG] Running:
  C:\Users\STZ\EclipsWorkspace\NewSwagLab_Project\XMLFiles\testng.xml

2026-05-28 17:21:19 [main] INFO  com.swaglabtest.pages.BaseClass - Starting Test Suite setup...
2026-05-28 17:21:20 [main] INFO  com.swaglabtest.pages.BaseClass - ExcelDataProvider initialized
2026-05-28 17:21:20 [main] INFO  com.swaglabtest.pages.BaseClass - ConfigProvider initialized
2026-05-28 17:21:20 [main] INFO  com.swaglabtest.pages.BaseClass - Extent Reports XML configuration loaded
2026-05-28 17:21:21 [main] INFO  com.swaglabtest.pages.BaseClass - Extent Report initialized at: C:\Users\STZ\EclipsWorkspace\NewSwagLab_Project/Reports/AutomationReport.html
2026-05-28 17:21:21 [main] INFO  com.swaglabtest.pages.BaseClass - Initializing browser...
2026-05-28 17:21:21 [main] INFO  com.swaglabtest.pages.BaseClass - Browser selected: chrome
2026-05-28 17:21:23 [main] INFO  io.github.bonigarcia.wdm.WebDriverManager - Using chromedriver 148.0.7778.178 (resolved driver for Chrome 148)
2026-05-28 17:21:23 [main] INFO  io.github.bonigarcia.wdm.online.Downloader - Downloading https://storage.googleapis.com/chrome-for-testing-public/148.0.7778.178/win64/chromedriver-win64.zip
2026-05-28 17:21:27 [main] INFO  io.github.bonigarcia.wdm.online.Downloader - Extracting driver from compressed file chromedriver-win64.zip
2026-05-28 17:21:27 [main] INFO  io.github.bonigarcia.wdm.WebDriverManager - Exporting webdriver.chrome.driver as C:\Users\STZ\.cache\selenium\chromedriver\win64\148.0.7778.178\chromedriver.exe
2026-05-28 17:21:30 [main] INFO  com.swaglabtest.pages.BaseClass - Browser initialized successfully: chrome
2026-05-28 17:21:30 [main] INFO  com.swaglabtest.pages.BaseClass - Test started: UserLogingWithCredentials
2026-05-28 17:21:31 [main] INFO  com.swaglabtest.pages.BaseClass - Test Passed: UserLogingWithCredentials
2026-05-28 17:21:31 [main] INFO  com.swaglabtest.pages.BaseClass - Browser closed for class
2026-05-28 17:21:31 [main] INFO  com.swaglabtest.pages.BaseClass - Initializing browser...
2026-05-28 17:21:31 [main] INFO  com.swaglabtest.pages.BaseClass - Browser selected: chrome
2026-05-28 17:21:32 [main] INFO  io.github.bonigarcia.wdm.WebDriverManager - Using chromedriver 148.0.7778.178 (resolved driver for Chrome 148)
2026-05-28 17:21:32 [main] INFO  io.github.bonigarcia.wdm.online.Downloader - Downloading https://storage.googleapis.com/chrome-for-testing-public/148.0.7778.178/win64/chromedriver-win64.zip
2026-05-28 17:21:37 [main] INFO  io.github.bonigarcia.wdm.online.Downloader - Extracting driver from compressed file chromedriver-win64.zip
2026-05-28 17:21:37 [main] INFO  io.github.bonigarcia.wdm.WebDriverManager - Exporting webdriver.chrome.driver as C:\Users\STZ\.cache\selenium\chromedriver\win64\148.0.7778.178\chromedriver.exe
2026-05-28 17:21:40 [main] INFO  com.swaglabtest.pages.BaseClass - Browser initialized successfully: chrome
2026-05-28 17:21:40 [main] INFO  com.swaglabtest.pages.BaseClass - Test started: newPurchasing
2026-05-28 17:22:13 [main] INFO  com.swaglabtest.pages.BaseClass - Test Passed: newPurchasing
2026-05-28 17:22:13 [main] INFO  com.swaglabtest.pages.BaseClass - Test started: sortOrderAscending
2026-05-28 17:22:13 [main] INFO  com.swaglabtest.pages.BaseClass - Test Passed: sortOrderAscending
2026-05-28 17:22:13 [main] INFO  com.swaglabtest.pages.BaseClass - Test started: sortOrderDescending
2026-05-28 17:22:13 [main] INFO  com.swaglabtest.pages.BaseClass - Test Passed: sortOrderDescending
2026-05-28 17:22:13 [main] INFO  com.swaglabtest.pages.BaseClass - Browser closed for class
2026-05-28 17:22:13 [main] INFO  com.swaglabtest.pages.BaseClass - Initializing browser...
2026-05-28 17:22:13 [main] INFO  com.swaglabtest.pages.BaseClass - Browser selected: firefox
2026-05-28 17:22:14 [main] INFO  io.github.bonigarcia.wdm.WebDriverManager - Using geckodriver 0.36.0 (resolved driver for Firefox 150)
2026-05-28 17:22:14 [main] INFO  io.github.bonigarcia.wdm.WebDriverManager - Reading https://raw.githubusercontent.com/bonigarcia/webdrivermanager/master/docs/mirror/geckodriver to seek geckodriver
2026-05-28 17:22:15 [main] INFO  io.github.bonigarcia.wdm.online.Downloader - Downloading https://github.com/mozilla/geckodriver/releases/download/v0.36.0/geckodriver-v0.36.0-win64.zip
2026-05-28 17:22:17 [main] INFO  io.github.bonigarcia.wdm.online.Downloader - Extracting driver from compressed file geckodriver-v0.36.0-win64.zip
2026-05-28 17:22:17 [main] INFO  io.github.bonigarcia.wdm.WebDriverManager - Exporting webdriver.gecko.driver as C:\Users\STZ\.cache\selenium\geckodriver\win64\0.36.0\geckodriver.exe
2026-05-28 17:22:22 [main] INFO  com.swaglabtest.pages.BaseClass - Browser initialized successfully: firefox
2026-05-28 17:22:22 [main] INFO  com.swaglabtest.pages.BaseClass - Test started: UserLogingWithCredentials
2026-05-28 17:22:22 [main] INFO  com.swaglabtest.pages.BaseClass - Test Passed: UserLogingWithCredentials
2026-05-28 17:22:23 [main] INFO  com.swaglabtest.pages.BaseClass - Browser closed for class
2026-05-28 17:22:23 [main] INFO  com.swaglabtest.pages.BaseClass - Initializing browser...
2026-05-28 17:22:23 [main] INFO  com.swaglabtest.pages.BaseClass - Browser selected: firefox
2026-05-28 17:22:23 [main] INFO  io.github.bonigarcia.wdm.WebDriverManager - Using geckodriver 0.36.0 (resolved driver for Firefox 150)
2026-05-28 17:22:23 [main] INFO  io.github.bonigarcia.wdm.WebDriverManager - Exporting webdriver.gecko.driver as C:\Users\STZ\.cache\selenium\geckodriver\win64\0.36.0\geckodriver.exe
2026-05-28 17:22:29 [main] INFO  com.swaglabtest.pages.BaseClass - Browser initialized successfully: firefox
2026-05-28 17:22:29 [main] INFO  com.swaglabtest.pages.BaseClass - Test started: newPurchasing
2026-05-28 17:23:02 [main] INFO  com.swaglabtest.pages.BaseClass - Test Passed: newPurchasing
2026-05-28 17:23:02 [main] INFO  com.swaglabtest.pages.BaseClass - Test started: sortOrderAscending
2026-05-28 17:23:02 [main] INFO  com.swaglabtest.pages.BaseClass - Test Passed: sortOrderAscending
2026-05-28 17:23:02 [main] INFO  com.swaglabtest.pages.BaseClass - Test started: sortOrderDescending
2026-05-28 17:23:02 [main] INFO  com.swaglabtest.pages.BaseClass - Test Passed: sortOrderDescending
2026-05-28 17:23:03 [main] INFO  com.swaglabtest.pages.BaseClass - Browser closed for class
2026-05-28 17:23:04 [main] INFO  com.swaglabtest.pages.BaseClass - Extent Report flushed
2026-05-28 19:00:15 [main] WARN  org.testng.TestNG - Ignoring duplicate listener : io.qameta.allure.testng.AllureTestNg
2026-05-28 19:00:15 [main] WARN  org.testng.TestNG - Ignoring duplicate listener : io.qameta.allure.testng.AllureTestNg
2026-05-28 19:00:15 [main] WARN  org.testng.TestNG - Ignoring duplicate listener : io.qameta.allure.testng.AllureTestNg
2026-05-28 19:00:16 [main] INFO  org.testng.internal.Utils - [TestNG] Running:
  C:\Users\STZ\EclipsWorkspace\NewSwagLab_Project\XMLFiles\testng.xml

2026-05-28 19:00:16 [main] INFO  com.swaglabtest.pages.BaseClass - Starting Test Suite setup...
2026-05-28 19:00:17 [main] INFO  com.swaglabtest.pages.BaseClass - ExcelDataProvider initialized
2026-05-28 19:00:17 [main] INFO  com.swaglabtest.pages.BaseClass - ConfigProvider initialized
2026-05-28 19:00:17 [main] INFO  com.swaglabtest.pages.BaseClass - Extent Reports XML configuration loaded
2026-05-28 19:00:17 [main] INFO  com.swaglabtest.pages.BaseClass - Extent Report initialized at: C:\Users\STZ\EclipsWorkspace\NewSwagLab_Project/Reports/AutomationReport.html
2026-05-28 19:00:17 [main] INFO  com.swaglabtest.pages.BaseClass - Initializing browser...
2026-05-28 19:00:17 [main] INFO  com.swaglabtest.pages.BaseClass - Browser selected: chrome
2026-05-28 19:00:19 [main] INFO  io.github.bonigarcia.wdm.WebDriverManager - Using chromedriver 148.0.7778.178 (resolved driver for Chrome 148)
2026-05-28 19:00:20 [main] INFO  io.github.bonigarcia.wdm.online.Downloader - Downloading https://storage.googleapis.com/chrome-for-testing-public/148.0.7778.178/win64/chromedriver-win64.zip
2026-05-28 19:00:25 [main] INFO  io.github.bonigarcia.wdm.online.Downloader - Extracting driver from compressed file chromedriver-win64.zip
2026-05-28 19:00:25 [main] INFO  io.github.bonigarcia.wdm.WebDriverManager - Exporting webdriver.chrome.driver as C:\Users\STZ\.cache\selenium\chromedriver\win64\148.0.7778.178\chromedriver.exe
2026-05-28 19:00:28 [main] INFO  com.swaglabtest.pages.BaseClass - Browser initialized successfully: chrome
2026-05-28 19:00:28 [main] INFO  com.swaglabtest.pages.BaseClass - Test started: UserLogingWithCredentials
2026-05-28 19:00:29 [main] INFO  com.swaglabtest.pages.BaseClass - Test Passed: UserLogingWithCredentials
2026-05-28 19:00:29 [main] INFO  com.swaglabtest.pages.BaseClass - Browser closed for class
2026-05-28 19:00:29 [main] INFO  com.swaglabtest.pages.BaseClass - Initializing browser...
2026-05-28 19:00:29 [main] INFO  com.swaglabtest.pages.BaseClass - Browser selected: chrome
2026-05-28 19:00:30 [main] INFO  io.github.bonigarcia.wdm.WebDriverManager - Using chromedriver 148.0.7778.178 (resolved driver for Chrome 148)
2026-05-28 19:00:30 [main] INFO  io.github.bonigarcia.wdm.online.Downloader - Downloading https://storage.googleapis.com/chrome-for-testing-public/148.0.7778.178/win64/chromedriver-win64.zip
2026-05-28 19:00:33 [main] INFO  io.github.bonigarcia.wdm.online.Downloader - Extracting driver from compressed file chromedriver-win64.zip
2026-05-28 19:00:33 [main] INFO  io.github.bonigarcia.wdm.WebDriverManager - Exporting webdriver.chrome.driver as C:\Users\STZ\.cache\selenium\chromedriver\win64\148.0.7778.178\chromedriver.exe
2026-05-28 19:00:37 [main] INFO  com.swaglabtest.pages.BaseClass - Browser initialized successfully: chrome
2026-05-28 19:00:37 [main] INFO  com.swaglabtest.pages.BaseClass - Test started: newPurchasing
2026-05-28 19:01:10 [main] INFO  com.swaglabtest.pages.BaseClass - Test Passed: newPurchasing
2026-05-28 19:01:10 [main] INFO  com.swaglabtest.pages.BaseClass - Test started: sortOrderAscending
2026-05-28 19:01:10 [main] INFO  com.swaglabtest.pages.BaseClass - Test Passed: sortOrderAscending
2026-05-28 19:01:10 [main] INFO  com.swaglabtest.pages.BaseClass - Test started: sortOrderDescending
2026-05-28 19:01:10 [main] INFO  com.swaglabtest.pages.BaseClass - Test Passed: sortOrderDescending
2026-05-28 19:01:10 [main] INFO  com.swaglabtest.pages.BaseClass - Test started: lowerToHighPriceListDown
2026-05-28 19:01:10 [main] INFO  com.swaglabtest.pages.BaseClass - Test Passed: lowerToHighPriceListDown
2026-05-28 19:01:10 [main] INFO  com.swaglabtest.pages.BaseClass - Browser closed for class
2026-05-28 19:01:10 [main] INFO  com.swaglabtest.pages.BaseClass - Initializing browser...
2026-05-28 19:01:10 [main] INFO  com.swaglabtest.pages.BaseClass - Browser selected: firefox
2026-05-28 19:01:11 [main] INFO  io.github.bonigarcia.wdm.WebDriverManager - Using geckodriver 0.36.0 (resolved driver for Firefox 150)
2026-05-28 19:01:11 [main] INFO  io.github.bonigarcia.wdm.WebDriverManager - Reading https://raw.githubusercontent.com/bonigarcia/webdrivermanager/master/docs/mirror/geckodriver to seek geckodriver
2026-05-28 19:01:11 [main] INFO  io.github.bonigarcia.wdm.online.Downloader - Downloading https://github.com/mozilla/geckodriver/releases/download/v0.36.0/geckodriver-v0.36.0-win64.zip
2026-05-28 19:01:13 [main] INFO  io.github.bonigarcia.wdm.online.Downloader - Extracting driver from compressed file geckodriver-v0.36.0-win64.zip
2026-05-28 19:01:14 [main] INFO  io.github.bonigarcia.wdm.WebDriverManager - Exporting webdriver.gecko.driver as C:\Users\STZ\.cache\selenium\geckodriver\win64\0.36.0\geckodriver.exe
2026-05-28 19:01:18 [main] INFO  com.swaglabtest.pages.BaseClass - Browser initialized successfully: firefox
2026-05-28 19:01:18 [main] INFO  com.swaglabtest.pages.BaseClass - Test started: UserLogingWithCredentials
2026-05-28 19:01:18 [main] INFO  com.swaglabtest.pages.BaseClass - Test Passed: UserLogingWithCredentials
2026-05-28 19:01:19 [main] INFO  com.swaglabtest.pages.BaseClass - Browser closed for class
2026-05-28 19:01:19 [main] INFO  com.swaglabtest.pages.BaseClass - Initializing browser...
2026-05-28 19:01:19 [main] INFO  com.swaglabtest.pages.BaseClass - Browser selected: firefox
2026-05-28 19:01:20 [main] INFO  io.github.bonigarcia.wdm.WebDriverManager - Using geckodriver 0.36.0 (resolved driver for Firefox 150)
2026-05-28 19:01:20 [main] INFO  io.github.bonigarcia.wdm.WebDriverManager - Exporting webdriver.gecko.driver as C:\Users\STZ\.cache\selenium\geckodriver\win64\0.36.0\geckodriver.exe
2026-05-28 19:01:25 [main] INFO  com.swaglabtest.pages.BaseClass - Browser initialized successfully: firefox
2026-05-28 19:01:25 [main] INFO  com.swaglabtest.pages.BaseClass - Test started: newPurchasing
2026-05-28 19:01:58 [main] INFO  com.swaglabtest.pages.BaseClass - Test Passed: newPurchasing
2026-05-28 19:01:58 [main] INFO  com.swaglabtest.pages.BaseClass - Test started: sortOrderAscending
2026-05-28 19:01:58 [main] INFO  com.swaglabtest.pages.BaseClass - Test Passed: sortOrderAscending
2026-05-28 19:01:58 [main] INFO  com.swaglabtest.pages.BaseClass - Test started: sortOrderDescending
2026-05-28 19:01:58 [main] INFO  com.swaglabtest.pages.BaseClass - Test Passed: sortOrderDescending
2026-05-28 19:01:58 [main] INFO  com.swaglabtest.pages.BaseClass - Test started: lowerToHighPriceListDown
2026-05-28 19:01:58 [main] INFO  com.swaglabtest.pages.BaseClass - Test Passed: lowerToHighPriceListDown
2026-05-28 19:01:59 [main] INFO  com.swaglabtest.pages.BaseClass - Browser closed for class
2026-05-28 19:02:00 [main] INFO  com.swaglabtest.pages.BaseClass - Extent Report flushed
2026-05-29 10:38:40 [main] INFO  org.testng.internal.Utils - [Utils] MethodGroupsHelper.collectMethodsByGroup() took 7 ms.
2026-05-29 10:38:40 [main] INFO  org.testng.internal.Utils - [Utils] MethodGroupsHelper.sortMethods() took 8 ms.
2026-05-29 10:38:40 [main] INFO  org.testng.internal.Utils - [Utils] MethodGroupsHelper.collectMethodsByGroup() took 1 ms.
2026-05-29 10:38:40 [main] INFO  org.testng.internal.Utils - [Utils] MethodGroupsHelper.sortMethods() took 0 ms.
2026-05-29 10:38:40 [main] INFO  org.testng.internal.Utils - [Utils] MethodGroupsHelper.collectMethodsByGroup() took 0 ms.
2026-05-29 10:38:40 [main] INFO  org.testng.internal.Utils - [Utils] MethodGroupsHelper.sortMethods() took 0 ms.
2026-05-29 10:38:40 [main] INFO  org.testng.internal.Utils - [Utils] MethodGroupsHelper.collectMethodsByGroup() took 0 ms.
2026-05-29 10:38:40 [main] INFO  org.testng.internal.Utils - [Utils] MethodGroupsHelper.sortMethods() took 0 ms.
2026-05-29 10:38:40 [main] INFO  org.testng.internal.Utils - [Utils] MethodGroupsHelper.collectMethodsByGroup() took 0 ms.
2026-05-29 10:38:40 [main] INFO  org.testng.internal.Utils - [Utils] MethodGroupsHelper.sortMethods() took 1 ms.
2026-05-29 10:38:40 [main] INFO  org.testng.internal.Utils - [Utils] MethodGroupsHelper.collectMethodsByGroup() took 0 ms.
2026-05-29 10:38:40 [main] INFO  org.testng.internal.Utils - [Utils] MethodGroupsHelper.sortMethods() took 0 ms.
2026-05-29 10:38:40 [main] INFO  org.testng.internal.Utils - [Utils] MethodGroupsHelper.collectMethodsByGroup() took 0 ms.
2026-05-29 10:38:40 [main] INFO  org.testng.internal.Utils - [Utils] MethodGroupsHelper.sortMethods() took 0 ms.
2026-05-29 10:38:40 [main] INFO  org.testng.internal.Utils - [Utils] MethodGroupsHelper.collectMethodsByGroup() took 0 ms.
2026-05-29 10:38:40 [main] INFO  org.testng.internal.Utils - [Utils] MethodGroupsHelper.sortMethods() took 0 ms.
2026-05-29 10:38:40 [main] INFO  org.testng.internal.Utils - [Utils] MethodGroupsHelper.collectMethodsByGroup() took 1 ms.
2026-05-29 10:38:40 [main] INFO  org.testng.internal.Utils - [Utils] MethodGroupsHelper.sortMethods() took 8 ms.
2026-05-29 10:38:40 [main] INFO  org.testng.internal.Utils - [Utils] MethodGroupsHelper.collectMethodsByGroup() took 0 ms.
2026-05-29 10:38:40 [main] INFO  org.testng.internal.Utils - [Utils] MethodGroupsHelper.sortMethods() took 1 ms.
2026-05-29 10:38:40 [main] INFO  org.testng.internal.Utils - [Utils] MethodGroupsHelper.collectMethodsByGroup() took 0 ms.
2026-05-29 10:38:40 [main] INFO  org.testng.internal.Utils - [Utils] MethodGroupsHelper.sortMethods() took 0 ms.
2026-05-29 10:38:40 [main] INFO  org.testng.internal.Utils - [Utils] MethodGroupsHelper.collectMethodsByGroup() took 0 ms.
2026-05-29 10:38:40 [main] INFO  org.testng.internal.Utils - [Utils] MethodGroupsHelper.sortMethods() took 0 ms.
2026-05-29 10:38:40 [main] INFO  org.testng.internal.Utils - [Utils] MethodGroupsHelper.collectMethodsByGroup() took 0 ms.
2026-05-29 10:38:40 [main] INFO  org.testng.internal.Utils - [Utils] MethodGroupsHelper.sortMethods() took 0 ms.
2026-05-29 10:38:40 [main] INFO  org.testng.internal.Utils - [Utils] MethodGroupsHelper.collectMethodsByGroup() took 0 ms.
2026-05-29 10:38:40 [main] INFO  org.testng.internal.Utils - [Utils] MethodGroupsHelper.sortMethods() took 0 ms.
2026-05-29 10:38:40 [main] INFO  org.testng.internal.Utils - [Utils] MethodGroupsHelper.collectMethodsByGroup() took 0 ms.
2026-05-29 10:38:40 [main] INFO  org.testng.internal.Utils - [Utils] MethodGroupsHelper.sortMethods() took 1 ms.
2026-05-29 10:38:40 [main] INFO  org.testng.internal.Utils - [TestNG] Running:
  C:\Users\STZ\AppData\Local\Temp\testng-eclipse--1129427036\testng-customsuite.xml

2026-05-29 10:38:40 [main] INFO  com.swaglabtest.pages.BaseClass - Starting Test Suite setup...
2026-05-29 10:38:41 [main] INFO  com.swaglabtest.pages.BaseClass - ExcelDataProvider initialized
2026-05-29 10:38:41 [main] INFO  com.swaglabtest.pages.BaseClass - ConfigProvider initialized
2026-05-29 10:38:41 [main] INFO  com.swaglabtest.pages.BaseClass - Extent Reports XML configuration loaded
2026-05-29 10:38:41 [main] INFO  com.swaglabtest.pages.BaseClass - Extent Report initialized at: C:\Users\STZ\EclipsWorkspace\NewSwagLab_Project/Reports/AutomationReport.html
2026-05-29 10:38:41 [main] INFO  org.testng.internal.Utils - [Utils] DynamicGraphHelper.createDynamicGraph() took 4 ms.
2026-05-29 10:38:41 [main] INFO  com.swaglabtest.pages.BaseClass - Initializing browser...
2026-05-29 10:38:41 [main] INFO  com.swaglabtest.pages.BaseClass - Browser selected: chrome
2026-05-29 10:38:43 [main] INFO  io.github.bonigarcia.wdm.WebDriverManager - Using chromedriver 148.0.7778.178 (resolved driver for Chrome 148)
2026-05-29 10:38:44 [main] INFO  io.github.bonigarcia.wdm.online.Downloader - Downloading https://storage.googleapis.com/chrome-for-testing-public/148.0.7778.178/win64/chromedriver-win64.zip
2026-05-29 10:38:52 [main] INFO  io.github.bonigarcia.wdm.online.Downloader - Extracting driver from compressed file chromedriver-win64.zip
2026-05-29 10:38:52 [main] INFO  io.github.bonigarcia.wdm.WebDriverManager - Exporting webdriver.chrome.driver as C:\Users\STZ\.cache\selenium\chromedriver\win64\148.0.7778.178\chromedriver.exe
2026-05-29 10:38:55 [main] INFO  com.swaglabtest.pages.BaseClass - Browser initialized successfully: chrome
2026-05-29 10:38:55 [main] INFO  com.swaglabtest.pages.BaseClass - Test started: brokenLinkTest
2026-05-29 10:39:06 [main] INFO  com.swaglabtest.pages.BaseClass - Test Passed: brokenLinkTest
2026-05-29 10:39:06 [main] INFO  com.swaglabtest.pages.BaseClass - Browser closed for class
2026-05-29 10:39:06 [main] INFO  com.swaglabtest.pages.BaseClass - Extent Report flushed
2026-05-29 10:39:06 [main] INFO  org.testng.internal.Utils - [TestNG] Time taken by org.testng.reporters.jq.Main@1124910c: 85 ms
2026-05-29 10:39:06 [main] INFO  org.testng.internal.Utils - [TestNG] Time taken by org.testng.reporters.FailedReporter@f849027: 0 ms
2026-05-29 10:39:06 [main] INFO  org.testng.internal.Utils - [TestNG] Time taken by org.testng.reporters.XMLReporter@7893c715: 10 ms
2026-05-29 10:39:06 [main] INFO  org.testng.internal.Utils - [TestNG] Time taken by org.testng.reporters.EmailableReporter2@76af34b5: 8 ms
2026-05-29 10:39:06 [main] INFO  org.testng.internal.Utils - [TestNG] Time taken by org.testng.reporters.JUnitReportReporter@30d5e37c: 18 ms
2026-05-29 10:39:06 [main] INFO  org.testng.internal.Utils - [TestNG] Time taken by org.testng.internal.ExitCodeListener@1da745a2: 0 ms
2026-05-29 10:41:59 [main] INFO  org.testng.internal.Utils - [Utils] MethodGroupsHelper.collectMethodsByGroup() took 5 ms.
2026-05-29 10:41:59 [main] INFO  org.testng.internal.Utils - [Utils] MethodGroupsHelper.sortMethods() took 9 ms.
2026-05-29 10:41:59 [main] INFO  org.testng.internal.Utils - [Utils] MethodGroupsHelper.collectMethodsByGroup() took 0 ms.
2026-05-29 10:41:59 [main] INFO  org.testng.internal.Utils - [Utils] MethodGroupsHelper.sortMethods() took 1 ms.
2026-05-29 10:41:59 [main] INFO  org.testng.internal.Utils - [Utils] MethodGroupsHelper.collectMethodsByGroup() took 0 ms.
2026-05-29 10:41:59 [main] INFO  org.testng.internal.Utils - [Utils] MethodGroupsHelper.sortMethods() took 0 ms.
2026-05-29 10:41:59 [main] INFO  org.testng.internal.Utils - [Utils] MethodGroupsHelper.collectMethodsByGroup() took 0 ms.
2026-05-29 10:41:59 [main] INFO  org.testng.internal.Utils - [Utils] MethodGroupsHelper.sortMethods() took 0 ms.
2026-05-29 10:41:59 [main] INFO  org.testng.internal.Utils - [Utils] MethodGroupsHelper.collectMethodsByGroup() took 0 ms.
2026-05-29 10:41:59 [main] INFO  org.testng.internal.Utils - [Utils] MethodGroupsHelper.sortMethods() took 1 ms.
2026-05-29 10:41:59 [main] INFO  org.testng.internal.Utils - [Utils] MethodGroupsHelper.collectMethodsByGroup() took 0 ms.
2026-05-29 10:41:59 [main] INFO  org.testng.internal.Utils - [Utils] MethodGroupsHelper.sortMethods() took 0 ms.
2026-05-29 10:41:59 [main] INFO  org.testng.internal.Utils - [Utils] MethodGroupsHelper.collectMethodsByGroup() took 0 ms.
2026-05-29 10:41:59 [main] INFO  org.testng.internal.Utils - [Utils] MethodGroupsHelper.sortMethods() took 1 ms.
2026-05-29 10:41:59 [main] INFO  org.testng.internal.Utils - [Utils] MethodGroupsHelper.collectMethodsByGroup() took 0 ms.
2026-05-29 10:41:59 [main] INFO  org.testng.internal.Utils - [Utils] MethodGroupsHelper.sortMethods() took 0 ms.
2026-05-29 10:41:59 [main] INFO  org.testng.internal.Utils - [Utils] MethodGroupsHelper.collectMethodsByGroup() took 0 ms.
2026-05-29 10:41:59 [main] INFO  org.testng.internal.Utils - [Utils] MethodGroupsHelper.sortMethods() took 7 ms.
2026-05-29 10:41:59 [main] INFO  org.testng.internal.Utils - [Utils] MethodGroupsHelper.collectMethodsByGroup() took 0 ms.
2026-05-29 10:41:59 [main] INFO  org.testng.internal.Utils - [Utils] MethodGroupsHelper.sortMethods() took 0 ms.
2026-05-29 10:41:59 [main] INFO  org.testng.internal.Utils - [Utils] MethodGroupsHelper.collectMethodsByGroup() took 0 ms.
2026-05-29 10:41:59 [main] INFO  org.testng.internal.Utils - [Utils] MethodGroupsHelper.sortMethods() took 1 ms.
2026-05-29 10:41:59 [main] INFO  org.testng.internal.Utils - [Utils] MethodGroupsHelper.collectMethodsByGroup() took 0 ms.
2026-05-29 10:41:59 [main] INFO  org.testng.internal.Utils - [Utils] MethodGroupsHelper.sortMethods() took 0 ms.
2026-05-29 10:41:59 [main] INFO  org.testng.internal.Utils - [Utils] MethodGroupsHelper.collectMethodsByGroup() took 0 ms.
2026-05-29 10:41:59 [main] INFO  org.testng.internal.Utils - [Utils] MethodGroupsHelper.sortMethods() took 1 ms.
2026-05-29 10:41:59 [main] INFO  org.testng.internal.Utils - [Utils] MethodGroupsHelper.collectMethodsByGroup() took 0 ms.
2026-05-29 10:41:59 [main] INFO  org.testng.internal.Utils - [Utils] MethodGroupsHelper.sortMethods() took 0 ms.
2026-05-29 10:41:59 [main] INFO  org.testng.internal.Utils - [Utils] MethodGroupsHelper.collectMethodsByGroup() took 0 ms.
2026-05-29 10:41:59 [main] INFO  org.testng.internal.Utils - [Utils] MethodGroupsHelper.sortMethods() took 0 ms.
2026-05-29 10:41:59 [main] INFO  org.testng.internal.Utils - [TestNG] Running:
  C:\Users\STZ\AppData\Local\Temp\testng-eclipse--1939263819\testng-customsuite.xml

2026-05-29 10:41:59 [main] INFO  com.swaglabtest.pages.BaseClass - Starting Test Suite setup...
2026-05-29 10:42:00 [main] INFO  com.swaglabtest.pages.BaseClass - ExcelDataProvider initialized
2026-05-29 10:42:00 [main] INFO  com.swaglabtest.pages.BaseClass - ConfigProvider initialized
2026-05-29 10:42:00 [main] INFO  com.swaglabtest.pages.BaseClass - Extent Reports XML configuration loaded
2026-05-29 10:42:00 [main] INFO  com.swaglabtest.pages.BaseClass - Extent Report initialized at: C:\Users\STZ\EclipsWorkspace\NewSwagLab_Project/Reports/AutomationReport.html
2026-05-29 10:42:00 [main] INFO  org.testng.internal.Utils - [Utils] DynamicGraphHelper.createDynamicGraph() took 3 ms.
2026-05-29 10:42:00 [main] INFO  com.swaglabtest.pages.BaseClass - Initializing browser...
2026-05-29 10:42:00 [main] INFO  com.swaglabtest.pages.BaseClass - Browser selected: chrome
2026-05-29 10:42:02 [main] INFO  io.github.bonigarcia.wdm.WebDriverManager - Using chromedriver 148.0.7778.178 (resolved driver for Chrome 148)
2026-05-29 10:42:02 [main] INFO  io.github.bonigarcia.wdm.online.Downloader - Downloading https://storage.googleapis.com/chrome-for-testing-public/148.0.7778.178/win64/chromedriver-win64.zip
2026-05-29 10:42:07 [main] INFO  io.github.bonigarcia.wdm.online.Downloader - Extracting driver from compressed file chromedriver-win64.zip
2026-05-29 10:42:07 [main] INFO  io.github.bonigarcia.wdm.WebDriverManager - Exporting webdriver.chrome.driver as C:\Users\STZ\.cache\selenium\chromedriver\win64\148.0.7778.178\chromedriver.exe
2026-05-29 10:42:10 [main] INFO  com.swaglabtest.pages.BaseClass - Browser initialized successfully: chrome
2026-05-29 10:42:10 [main] INFO  com.swaglabtest.pages.BaseClass - Test started: brokenLinkTest
2026-05-29 10:42:10 [main] INFO  com.swaglabtest.pages.BaseClass - Test Passed: brokenLinkTest
2026-05-29 10:42:10 [main] INFO  com.swaglabtest.pages.BaseClass - Browser closed for class
2026-05-29 10:42:11 [main] INFO  com.swaglabtest.pages.BaseClass - Extent Report flushed
2026-05-29 10:42:11 [main] INFO  org.testng.internal.Utils - [TestNG] Time taken by org.testng.reporters.jq.Main@f849027: 88 ms
2026-05-29 10:42:11 [main] INFO  org.testng.internal.Utils - [TestNG] Time taken by org.testng.reporters.FailedReporter@4a9869a8: 0 ms
2026-05-29 10:42:11 [main] INFO  org.testng.internal.Utils - [TestNG] Time taken by org.testng.reporters.XMLReporter@36f6d25c: 12 ms
2026-05-29 10:42:11 [main] INFO  org.testng.internal.Utils - [TestNG] Time taken by org.testng.reporters.EmailableReporter2@3313463c: 22 ms
2026-05-29 10:42:11 [main] INFO  org.testng.internal.Utils - [TestNG] Time taken by org.testng.reporters.JUnitReportReporter@1da745a2: 8 ms
2026-05-29 10:42:11 [main] INFO  org.testng.internal.Utils - [TestNG] Time taken by org.testng.internal.ExitCodeListener@4597e6e3: 0 ms
2026-05-29 10:44:38 [main] INFO  org.testng.internal.Utils - [Utils] MethodGroupsHelper.collectMethodsByGroup() took 5 ms.
2026-05-29 10:44:38 [main] INFO  org.testng.internal.Utils - [Utils] MethodGroupsHelper.sortMethods() took 30 ms.
2026-05-29 10:44:38 [main] INFO  org.testng.internal.Utils - [Utils] MethodGroupsHelper.collectMethodsByGroup() took 1 ms.
2026-05-29 10:44:38 [main] INFO  org.testng.internal.Utils - [Utils] MethodGroupsHelper.sortMethods() took 1 ms.
2026-05-29 10:44:38 [main] INFO  org.testng.internal.Utils - [Utils] MethodGroupsHelper.collectMethodsByGroup() took 0 ms.
2026-05-29 10:44:38 [main] INFO  org.testng.internal.Utils - [Utils] MethodGroupsHelper.sortMethods() took 0 ms.
2026-05-29 10:44:38 [main] INFO  org.testng.internal.Utils - [Utils] MethodGroupsHelper.collectMethodsByGroup() took 0 ms.
2026-05-29 10:44:38 [main] INFO  org.testng.internal.Utils - [Utils] MethodGroupsHelper.sortMethods() took 0 ms.
2026-05-29 10:44:38 [main] INFO  org.testng.internal.Utils - [Utils] MethodGroupsHelper.collectMethodsByGroup() took 1 ms.
2026-05-29 10:44:38 [main] INFO  org.testng.internal.Utils - [Utils] MethodGroupsHelper.sortMethods() took 1 ms.
2026-05-29 10:44:38 [main] INFO  org.testng.internal.Utils - [Utils] MethodGroupsHelper.collectMethodsByGroup() took 1 ms.
2026-05-29 10:44:38 [main] INFO  org.testng.internal.Utils - [Utils] MethodGroupsHelper.sortMethods() took 1 ms.
2026-05-29 10:44:38 [main] INFO  org.testng.internal.Utils - [Utils] MethodGroupsHelper.collectMethodsByGroup() took 0 ms.
2026-05-29 10:44:38 [main] INFO  org.testng.internal.Utils - [Utils] MethodGroupsHelper.sortMethods() took 0 ms.
2026-05-29 10:44:38 [main] INFO  org.testng.internal.Utils - [Utils] MethodGroupsHelper.collectMethodsByGroup() took 0 ms.
2026-05-29 10:44:38 [main] INFO  org.testng.internal.Utils - [Utils] MethodGroupsHelper.sortMethods() took 0 ms.
2026-05-29 10:44:38 [main] INFO  org.testng.internal.Utils - [Utils] MethodGroupsHelper.collectMethodsByGroup() took 0 ms.
2026-05-29 10:44:38 [main] INFO  org.testng.internal.Utils - [Utils] MethodGroupsHelper.sortMethods() took 14 ms.
2026-05-29 10:44:38 [main] INFO  org.testng.internal.Utils - [Utils] MethodGroupsHelper.collectMethodsByGroup() took 0 ms.
2026-05-29 10:44:38 [main] INFO  org.testng.internal.Utils - [Utils] MethodGroupsHelper.sortMethods() took 0 ms.
2026-05-29 10:44:38 [main] INFO  org.testng.internal.Utils - [Utils] MethodGroupsHelper.collectMethodsByGroup() took 0 ms.
2026-05-29 10:44:38 [main] INFO  org.testng.internal.Utils - [Utils] MethodGroupsHelper.sortMethods() took 0 ms.
2026-05-29 10:44:38 [main] INFO  org.testng.internal.Utils - [Utils] MethodGroupsHelper.collectMethodsByGroup() took 0 ms.
2026-05-29 10:44:38 [main] INFO  org.testng.internal.Utils - [Utils] MethodGroupsHelper.sortMethods() took 0 ms.
2026-05-29 10:44:38 [main] INFO  org.testng.internal.Utils - [Utils] MethodGroupsHelper.collectMethodsByGroup() took 0 ms.
2026-05-29 10:44:38 [main] INFO  org.testng.internal.Utils - [Utils] MethodGroupsHelper.sortMethods() took 0 ms.
2026-05-29 10:44:38 [main] INFO  org.testng.internal.Utils - [Utils] MethodGroupsHelper.collectMethodsByGroup() took 0 ms.
2026-05-29 10:44:38 [main] INFO  org.testng.internal.Utils - [Utils] MethodGroupsHelper.sortMethods() took 0 ms.
2026-05-29 10:44:38 [main] INFO  org.testng.internal.Utils - [Utils] MethodGroupsHelper.collectMethodsByGroup() took 0 ms.
2026-05-29 10:44:38 [main] INFO  org.testng.internal.Utils - [Utils] MethodGroupsHelper.sortMethods() took 0 ms.
2026-05-29 10:44:38 [main] INFO  org.testng.internal.Utils - [TestNG] Running:
  C:\Users\STZ\AppData\Local\Temp\testng-eclipse-95165772\testng-customsuite.xml

2026-05-29 10:44:38 [main] INFO  com.swaglabtest.pages.BaseClass - Starting Test Suite setup...
2026-05-29 10:44:39 [main] INFO  com.swaglabtest.pages.BaseClass - ExcelDataProvider initialized
2026-05-29 10:44:39 [main] INFO  com.swaglabtest.pages.BaseClass - ConfigProvider initialized
2026-05-29 10:44:39 [main] INFO  com.swaglabtest.pages.BaseClass - Extent Reports XML configuration loaded
2026-05-29 10:44:39 [main] INFO  com.swaglabtest.pages.BaseClass - Extent Report initialized at: C:\Users\STZ\EclipsWorkspace\NewSwagLab_Project/Reports/AutomationReport.html
2026-05-29 10:44:39 [main] INFO  org.testng.internal.Utils - [Utils] DynamicGraphHelper.createDynamicGraph() took 3 ms.
2026-05-29 10:44:39 [main] INFO  com.swaglabtest.pages.BaseClass - Initializing browser...
2026-05-29 10:44:39 [main] INFO  com.swaglabtest.pages.BaseClass - Browser selected: chrome
2026-05-29 10:44:41 [main] INFO  io.github.bonigarcia.wdm.WebDriverManager - Using chromedriver 148.0.7778.178 (resolved driver for Chrome 148)
2026-05-29 10:44:41 [main] INFO  io.github.bonigarcia.wdm.online.Downloader - Downloading https://storage.googleapis.com/chrome-for-testing-public/148.0.7778.178/win64/chromedriver-win64.zip
2026-05-29 10:44:45 [main] INFO  io.github.bonigarcia.wdm.online.Downloader - Extracting driver from compressed file chromedriver-win64.zip
2026-05-29 10:44:45 [main] INFO  io.github.bonigarcia.wdm.WebDriverManager - Exporting webdriver.chrome.driver as C:\Users\STZ\.cache\selenium\chromedriver\win64\148.0.7778.178\chromedriver.exe
2026-05-29 10:44:48 [main] INFO  com.swaglabtest.pages.BaseClass - Browser initialized successfully: chrome
2026-05-29 10:44:49 [main] INFO  com.swaglabtest.pages.BaseClass - Test started: brokenLinkTest
2026-05-29 10:44:49 [main] INFO  com.swaglabtest.pages.BaseClass - Test Passed: brokenLinkTest
2026-05-29 10:44:49 [main] INFO  com.swaglabtest.pages.BaseClass - Browser closed for class
2026-05-29 10:44:49 [main] INFO  com.swaglabtest.pages.BaseClass - Extent Report flushed
2026-05-29 10:44:49 [main] INFO  org.testng.internal.Utils - [TestNG] Time taken by org.testng.reporters.jq.Main@54b44879: 83 ms
2026-05-29 10:44:49 [main] INFO  org.testng.internal.Utils - [TestNG] Time taken by org.testng.reporters.FailedReporter@78288f83: 0 ms
2026-05-29 10:44:49 [main] INFO  org.testng.internal.Utils - [TestNG] Time taken by org.testng.reporters.XMLReporter@4f8659d0: 8 ms
2026-05-29 10:44:49 [main] INFO  org.testng.internal.Utils - [TestNG] Time taken by org.testng.reporters.EmailableReporter2@2ad2b274: 7 ms
2026-05-29 10:44:49 [main] INFO  org.testng.internal.Utils - [TestNG] Time taken by org.testng.reporters.JUnitReportReporter@f9b8129: 23 ms
2026-05-29 10:44:49 [main] INFO  org.testng.internal.Utils - [TestNG] Time taken by org.testng.internal.ExitCodeListener@7530090a: 0 ms
2026-05-29 10:53:46 [main] INFO  org.testng.internal.Utils - [Utils] MethodGroupsHelper.collectMethodsByGroup() took 5 ms.
2026-05-29 10:53:46 [main] INFO  org.testng.internal.Utils - [Utils] MethodGroupsHelper.sortMethods() took 17 ms.
2026-05-29 10:53:46 [main] INFO  org.testng.internal.Utils - [Utils] MethodGroupsHelper.collectMethodsByGroup() took 1 ms.
2026-05-29 10:53:46 [main] INFO  org.testng.internal.Utils - [Utils] MethodGroupsHelper.sortMethods() took 1 ms.
2026-05-29 10:53:46 [main] INFO  org.testng.internal.Utils - [Utils] MethodGroupsHelper.collectMethodsByGroup() took 0 ms.
2026-05-29 10:53:46 [main] INFO  org.testng.internal.Utils - [Utils] MethodGroupsHelper.sortMethods() took 0 ms.
2026-05-29 10:53:46 [main] INFO  org.testng.internal.Utils - [Utils] MethodGroupsHelper.collectMethodsByGroup() took 0 ms.
2026-05-29 10:53:46 [main] INFO  org.testng.internal.Utils - [Utils] MethodGroupsHelper.sortMethods() took 0 ms.
2026-05-29 10:53:46 [main] INFO  org.testng.internal.Utils - [Utils] MethodGroupsHelper.collectMethodsByGroup() took 0 ms.
2026-05-29 10:53:46 [main] INFO  org.testng.internal.Utils - [Utils] MethodGroupsHelper.sortMethods() took 0 ms.
2026-05-29 10:53:46 [main] INFO  org.testng.internal.Utils - [Utils] MethodGroupsHelper.collectMethodsByGroup() took 0 ms.
2026-05-29 10:53:46 [main] INFO  org.testng.internal.Utils - [Utils] MethodGroupsHelper.sortMethods() took 0 ms.
2026-05-29 10:53:46 [main] INFO  org.testng.internal.Utils - [Utils] MethodGroupsHelper.collectMethodsByGroup() took 0 ms.
2026-05-29 10:53:46 [main] INFO  org.testng.internal.Utils - [Utils] MethodGroupsHelper.sortMethods() took 0 ms.
2026-05-29 10:53:46 [main] INFO  org.testng.internal.Utils - [Utils] MethodGroupsHelper.collectMethodsByGroup() took 0 ms.
2026-05-29 10:53:46 [main] INFO  org.testng.internal.Utils - [Utils] MethodGroupsHelper.sortMethods() took 0 ms.
2026-05-29 10:53:46 [main] INFO  org.testng.internal.Utils - [Utils] MethodGroupsHelper.collectMethodsByGroup() took 1 ms.
2026-05-29 10:53:46 [main] INFO  org.testng.internal.Utils - [Utils] MethodGroupsHelper.sortMethods() took 9 ms.
2026-05-29 10:53:46 [main] INFO  org.testng.internal.Utils - [Utils] MethodGroupsHelper.collectMethodsByGroup() took 0 ms.
2026-05-29 10:53:46 [main] INFO  org.testng.internal.Utils - [Utils] MethodGroupsHelper.sortMethods() took 1 ms.
2026-05-29 10:53:46 [main] INFO  org.testng.internal.Utils - [Utils] MethodGroupsHelper.collectMethodsByGroup() took 0 ms.
2026-05-29 10:53:46 [main] INFO  org.testng.internal.Utils - [Utils] MethodGroupsHelper.sortMethods() took 0 ms.
2026-05-29 10:53:46 [main] INFO  org.testng.internal.Utils - [Utils] MethodGroupsHelper.collectMethodsByGroup() took 0 ms.
2026-05-29 10:53:46 [main] INFO  org.testng.internal.Utils - [Utils] MethodGroupsHelper.sortMethods() took 0 ms.
2026-05-29 10:53:46 [main] INFO  org.testng.internal.Utils - [Utils] MethodGroupsHelper.collectMethodsByGroup() took 0 ms.
2026-05-29 10:53:46 [main] INFO  org.testng.internal.Utils - [Utils] MethodGroupsHelper.sortMethods() took 0 ms.
2026-05-29 10:53:46 [main] INFO  org.testng.internal.Utils - [Utils] MethodGroupsHelper.collectMethodsByGroup() took 0 ms.
2026-05-29 10:53:46 [main] INFO  org.testng.internal.Utils - [Utils] MethodGroupsHelper.sortMethods() took 0 ms.
2026-05-29 10:53:46 [main] INFO  org.testng.internal.Utils - [Utils] MethodGroupsHelper.collectMethodsByGroup() took 0 ms.
2026-05-29 10:53:46 [main] INFO  org.testng.internal.Utils - [Utils] MethodGroupsHelper.sortMethods() took 1 ms.
2026-05-29 10:53:47 [main] INFO  org.testng.internal.Utils - [TestNG] Running:
  C:\Users\STZ\AppData\Local\Temp\testng-eclipse--1406963977\testng-customsuite.xml

2026-05-29 10:53:47 [main] INFO  com.swaglabtest.pages.BaseClass - Starting Test Suite setup...
2026-05-29 10:53:47 [main] INFO  com.swaglabtest.pages.BaseClass - ExcelDataProvider initialized
2026-05-29 10:53:47 [main] INFO  com.swaglabtest.pages.BaseClass - ConfigProvider initialized
2026-05-29 10:53:47 [main] INFO  com.swaglabtest.pages.BaseClass - Extent Reports XML configuration loaded
2026-05-29 10:53:47 [main] INFO  com.swaglabtest.pages.BaseClass - Extent Report initialized at: C:\Users\STZ\EclipsWorkspace\NewSwagLab_Project/Reports/AutomationReport.html
2026-05-29 10:53:47 [main] INFO  org.testng.internal.Utils - [Utils] DynamicGraphHelper.createDynamicGraph() took 4 ms.
2026-05-29 10:53:47 [main] INFO  com.swaglabtest.pages.BaseClass - Initializing browser...
2026-05-29 10:53:47 [main] INFO  com.swaglabtest.pages.BaseClass - Browser selected: chrome
2026-05-29 10:53:50 [main] INFO  io.github.bonigarcia.wdm.WebDriverManager - Using chromedriver 148.0.7778.178 (resolved driver for Chrome 148)
2026-05-29 10:53:50 [main] INFO  io.github.bonigarcia.wdm.online.Downloader - Downloading https://storage.googleapis.com/chrome-for-testing-public/148.0.7778.178/win64/chromedriver-win64.zip
2026-05-29 10:53:54 [main] INFO  io.github.bonigarcia.wdm.online.Downloader - Extracting driver from compressed file chromedriver-win64.zip
2026-05-29 10:53:54 [main] INFO  io.github.bonigarcia.wdm.WebDriverManager - Exporting webdriver.chrome.driver as C:\Users\STZ\.cache\selenium\chromedriver\win64\148.0.7778.178\chromedriver.exe
2026-05-29 10:53:58 [main] INFO  com.swaglabtest.pages.BaseClass - Browser initialized successfully: chrome
2026-05-29 10:53:58 [main] INFO  com.swaglabtest.pages.BaseClass - Test started: brokenLinkTest
2026-05-29 10:54:01 [main] INFO  com.swaglabtest.pages.BaseClass - Test Passed: brokenLinkTest
2026-05-29 10:54:01 [main] INFO  com.swaglabtest.pages.BaseClass - Browser closed for class
2026-05-29 10:54:02 [main] INFO  com.swaglabtest.pages.BaseClass - Extent Report flushed
2026-05-29 10:54:02 [main] INFO  org.testng.internal.Utils - [TestNG] Time taken by org.testng.reporters.jq.Main@1008df1e: 79 ms
2026-05-29 10:54:02 [main] INFO  org.testng.internal.Utils - [TestNG] Time taken by org.testng.reporters.FailedReporter@7ee12d58: 1 ms
2026-05-29 10:54:02 [main] INFO  org.testng.internal.Utils - [TestNG] Time taken by org.testng.reporters.XMLReporter@26f75d9c: 17 ms
2026-05-29 10:54:02 [main] INFO  org.testng.internal.Utils - [TestNG] Time taken by org.testng.reporters.EmailableReporter2@13dc6649: 10 ms
2026-05-29 10:54:02 [main] INFO  org.testng.internal.Utils - [TestNG] Time taken by org.testng.reporters.JUnitReportReporter@4f3fec43: 6 ms
2026-05-29 10:54:02 [main] INFO  org.testng.internal.Utils - [TestNG] Time taken by org.testng.internal.ExitCodeListener@38dbeb39: 1 ms
2026-05-29 10:57:35 [main] INFO  org.testng.internal.Utils - [Utils] MethodGroupsHelper.collectMethodsByGroup() took 6 ms.
2026-05-29 10:57:35 [main] INFO  org.testng.internal.Utils - [Utils] MethodGroupsHelper.sortMethods() took 9 ms.
2026-05-29 10:57:35 [main] INFO  org.testng.internal.Utils - [Utils] MethodGroupsHelper.collectMethodsByGroup() took 0 ms.
2026-05-29 10:57:35 [main] INFO  org.testng.internal.Utils - [Utils] MethodGroupsHelper.sortMethods() took 0 ms.
2026-05-29 10:57:35 [main] INFO  org.testng.internal.Utils - [Utils] MethodGroupsHelper.collectMethodsByGroup() took 0 ms.
2026-05-29 10:57:35 [main] INFO  org.testng.internal.Utils - [Utils] MethodGroupsHelper.sortMethods() took 0 ms.
2026-05-29 10:57:35 [main] INFO  org.testng.internal.Utils - [Utils] MethodGroupsHelper.collectMethodsByGroup() took 0 ms.
2026-05-29 10:57:35 [main] INFO  org.testng.internal.Utils - [Utils] MethodGroupsHelper.sortMethods() took 0 ms.
2026-05-29 10:57:35 [main] INFO  org.testng.internal.Utils - [Utils] MethodGroupsHelper.collectMethodsByGroup() took 0 ms.
2026-05-29 10:57:35 [main] INFO  org.testng.internal.Utils - [Utils] MethodGroupsHelper.sortMethods() took 1 ms.
2026-05-29 10:57:35 [main] INFO  org.testng.internal.Utils - [Utils] MethodGroupsHelper.collectMethodsByGroup() took 0 ms.
2026-05-29 10:57:35 [main] INFO  org.testng.internal.Utils - [Utils] MethodGroupsHelper.sortMethods() took 1 ms.
2026-05-29 10:57:35 [main] INFO  org.testng.internal.Utils - [Utils] MethodGroupsHelper.collectMethodsByGroup() took 0 ms.
2026-05-29 10:57:35 [main] INFO  org.testng.internal.Utils - [Utils] MethodGroupsHelper.sortMethods() took 0 ms.
2026-05-29 10:57:35 [main] INFO  org.testng.internal.Utils - [Utils] MethodGroupsHelper.collectMethodsByGroup() took 0 ms.
2026-05-29 10:57:35 [main] INFO  org.testng.internal.Utils - [Utils] MethodGroupsHelper.sortMethods() took 0 ms.
2026-05-29 10:57:35 [main] INFO  org.testng.internal.Utils - [Utils] MethodGroupsHelper.collectMethodsByGroup() took 0 ms.
2026-05-29 10:57:35 [main] INFO  org.testng.internal.Utils - [Utils] MethodGroupsHelper.sortMethods() took 8 ms.
2026-05-29 10:57:35 [main] INFO  org.testng.internal.Utils - [Utils] MethodGroupsHelper.collectMethodsByGroup() took 0 ms.
2026-05-29 10:57:35 [main] INFO  org.testng.internal.Utils - [Utils] MethodGroupsHelper.sortMethods() took 0 ms.
2026-05-29 10:57:35 [main] INFO  org.testng.internal.Utils - [Utils] MethodGroupsHelper.collectMethodsByGroup() took 0 ms.
2026-05-29 10:57:35 [main] INFO  org.testng.internal.Utils - [Utils] MethodGroupsHelper.sortMethods() took 0 ms.
2026-05-29 10:57:35 [main] INFO  org.testng.internal.Utils - [Utils] MethodGroupsHelper.collectMethodsByGroup() took 0 ms.
2026-05-29 10:57:35 [main] INFO  org.testng.internal.Utils - [Utils] MethodGroupsHelper.sortMethods() took 0 ms.
2026-05-29 10:57:35 [main] INFO  org.testng.internal.Utils - [Utils] MethodGroupsHelper.collectMethodsByGroup() took 0 ms.
2026-05-29 10:57:35 [main] INFO  org.testng.internal.Utils - [Utils] MethodGroupsHelper.sortMethods() took 0 ms.
2026-05-29 10:57:35 [main] INFO  org.testng.internal.Utils - [Utils] MethodGroupsHelper.collectMethodsByGroup() took 0 ms.
2026-05-29 10:57:35 [main] INFO  org.testng.internal.Utils - [Utils] MethodGroupsHelper.sortMethods() took 0 ms.
2026-05-29 10:57:35 [main] INFO  org.testng.internal.Utils - [Utils] MethodGroupsHelper.collectMethodsByGroup() took 0 ms.
2026-05-29 10:57:35 [main] INFO  org.testng.internal.Utils - [Utils] MethodGroupsHelper.sortMethods() took 0 ms.
2026-05-29 10:57:35 [main] INFO  org.testng.internal.Utils - [TestNG] Running:
  C:\Users\STZ\AppData\Local\Temp\testng-eclipse-1593478156\testng-customsuite.xml

2026-05-29 10:57:35 [main] INFO  com.swaglabtest.pages.BaseClass - Starting Test Suite setup...
2026-05-29 10:57:36 [main] INFO  com.swaglabtest.pages.BaseClass - ExcelDataProvider initialized
2026-05-29 10:57:36 [main] INFO  com.swaglabtest.pages.BaseClass - ConfigProvider initialized
2026-05-29 10:57:36 [main] INFO  com.swaglabtest.pages.BaseClass - Extent Reports XML configuration loaded
2026-05-29 10:57:36 [main] INFO  com.swaglabtest.pages.BaseClass - Extent Report initialized at: C:\Users\STZ\EclipsWorkspace\NewSwagLab_Project/Reports/AutomationReport.html
2026-05-29 10:57:36 [main] INFO  org.testng.internal.Utils - [Utils] DynamicGraphHelper.createDynamicGraph() took 3 ms.
2026-05-29 10:57:36 [main] INFO  com.swaglabtest.pages.BaseClass - Initializing browser...
2026-05-29 10:57:36 [main] INFO  com.swaglabtest.pages.BaseClass - Browser selected: chrome
2026-05-29 10:57:38 [main] INFO  io.github.bonigarcia.wdm.WebDriverManager - Using chromedriver 148.0.7778.178 (resolved driver for Chrome 148)
2026-05-29 10:57:38 [main] INFO  io.github.bonigarcia.wdm.online.Downloader - Downloading https://storage.googleapis.com/chrome-for-testing-public/148.0.7778.178/win64/chromedriver-win64.zip
2026-05-29 10:57:42 [main] INFO  io.github.bonigarcia.wdm.online.Downloader - Extracting driver from compressed file chromedriver-win64.zip
2026-05-29 10:57:42 [main] INFO  io.github.bonigarcia.wdm.WebDriverManager - Exporting webdriver.chrome.driver as C:\Users\STZ\.cache\selenium\chromedriver\win64\148.0.7778.178\chromedriver.exe
2026-05-29 10:57:45 [main] INFO  com.swaglabtest.pages.BaseClass - Browser initialized successfully: chrome
2026-05-29 10:57:45 [main] INFO  com.swaglabtest.pages.BaseClass - Test started: brokenLinkTestLoginPage
2026-05-29 10:57:46 [main] ERROR com.swaglabtest.pages.BaseClass - Test Failed: brokenLinkTestLoginPage
java.lang.Error: Unresolved compilation problem: 
	Syntax error on token "url", delete this token

	at com.swaglabtest.testcases.BrokenLinkTest.brokenLinkTestLoginPage(BrokenLinkTest.java:48) ~[test-classes/:?]
	at java.base/jdk.internal.reflect.DirectMethodHandleAccessor.invoke(DirectMethodHandleAccessor.java:103) ~[?:?]
	at java.base/java.lang.reflect.Method.invoke(Method.java:580) ~[?:?]
	at org.testng.internal.invokers.MethodInvocationHelper.invokeMethod(MethodInvocationHelper.java:141) ~[testng-7.10.1.jar:7.10.1]
	at org.testng.internal.invokers.TestInvoker.invokeMethod(TestInvoker.java:686) ~[testng-7.10.1.jar:7.10.1]
	at org.testng.internal.invokers.TestInvoker.invokeTestMethod(TestInvoker.java:230) ~[testng-7.10.1.jar:7.10.1]
	at org.testng.internal.invokers.MethodRunner.runInSequence(MethodRunner.java:63) ~[testng-7.10.1.jar:7.10.1]
	at org.testng.internal.invokers.TestInvoker$MethodInvocationAgent.invoke(TestInvoker.java:992) ~[testng-7.10.1.jar:7.10.1]
	at org.testng.internal.invokers.TestInvoker.invokeTestMethods(TestInvoker.java:203) ~[testng-7.10.1.jar:7.10.1]
	at org.testng.internal.invokers.TestMethodWorker.invokeTestMethods(TestMethodWorker.java:154) ~[testng-7.10.1.jar:7.10.1]
	at org.testng.internal.invokers.TestMethodWorker.run(TestMethodWorker.java:134) ~[testng-7.10.1.jar:7.10.1]
	at java.base/java.util.ArrayList.forEach(ArrayList.java:1596) [?:?]
	at org.testng.TestRunner.privateRun(TestRunner.java:739) [testng-7.10.1.jar:7.10.1]
	at org.testng.TestRunner.run(TestRunner.java:614) [testng-7.10.1.jar:7.10.1]
	at org.testng.SuiteRunner.runTest(SuiteRunner.java:421) [testng-7.10.1.jar:7.10.1]
	at org.testng.SuiteRunner.runSequentially(SuiteRunner.java:413) [testng-7.10.1.jar:7.10.1]
	at org.testng.SuiteRunner.privateRun(SuiteRunner.java:373) [testng-7.10.1.jar:7.10.1]
	at org.testng.SuiteRunner.run(SuiteRunner.java:312) [testng-7.10.1.jar:7.10.1]
	at org.testng.SuiteRunnerWorker.runSuite(SuiteRunnerWorker.java:52) [testng-7.10.1.jar:7.10.1]
	at org.testng.SuiteRunnerWorker.run(SuiteRunnerWorker.java:95) [testng-7.10.1.jar:7.10.1]
	at org.testng.TestNG.runSuitesSequentially(TestNG.java:1274) [testng-7.10.1.jar:7.10.1]
	at org.testng.TestNG.runSuitesLocally(TestNG.java:1208) [testng-7.10.1.jar:7.10.1]
	at org.testng.TestNG.runSuites(TestNG.java:1112) [testng-7.10.1.jar:7.10.1]
	at org.testng.TestNG.run(TestNG.java:1079) [testng-7.10.1.jar:7.10.1]
	at org.testng.remote.AbstractRemoteTestNG.run(AbstractRemoteTestNG.java:115) [testng-remote.jar:?]
	at org.testng.remote.RemoteTestNG.initAndRun(RemoteTestNG.java:293) [testng-remote.jar:?]
	at org.testng.remote.RemoteTestNG.main(RemoteTestNG.java:91) [testng-remote.jar:?]
2026-05-29 10:57:46 [main] INFO  com.swaglabtest.pages.BaseClass - Browser closed for class
2026-05-29 10:57:46 [main] INFO  com.swaglabtest.pages.BaseClass - Extent Report flushed
2026-05-29 10:57:46 [main] INFO  org.testng.internal.Utils - [TestNG] Time taken by org.testng.reporters.jq.Main@5835e24a: 95 ms
2026-05-29 10:57:46 [main] INFO  org.testng.internal.Utils - [TestNG] Time taken by org.testng.reporters.FailedReporter@278fe428: 35 ms
2026-05-29 10:57:46 [main] INFO  org.testng.internal.Utils - [TestNG] Time taken by org.testng.reporters.XMLReporter@7114e780: 18 ms
2026-05-29 10:57:46 [main] INFO  org.testng.internal.Utils - [TestNG] Time taken by org.testng.reporters.EmailableReporter2@192b472d: 10 ms
2026-05-29 10:57:47 [main] INFO  org.testng.internal.Utils - [TestNG] Time taken by org.testng.reporters.JUnitReportReporter@7e3ee128: 8 ms
2026-05-29 10:57:47 [main] INFO  org.testng.internal.Utils - [TestNG] Time taken by org.testng.internal.ExitCodeListener@7d64a960: 0 ms
2026-05-29 10:58:05 [main] INFO  org.testng.internal.Utils - [Utils] MethodGroupsHelper.collectMethodsByGroup() took 5 ms.
2026-05-29 10:58:05 [main] INFO  org.testng.internal.Utils - [Utils] MethodGroupsHelper.sortMethods() took 9 ms.
2026-05-29 10:58:05 [main] INFO  org.testng.internal.Utils - [Utils] MethodGroupsHelper.collectMethodsByGroup() took 0 ms.
2026-05-29 10:58:05 [main] INFO  org.testng.internal.Utils - [Utils] MethodGroupsHelper.sortMethods() took 0 ms.
2026-05-29 10:58:05 [main] INFO  org.testng.internal.Utils - [Utils] MethodGroupsHelper.collectMethodsByGroup() took 0 ms.
2026-05-29 10:58:05 [main] INFO  org.testng.internal.Utils - [Utils] MethodGroupsHelper.sortMethods() took 0 ms.
2026-05-29 10:58:05 [main] INFO  org.testng.internal.Utils - [Utils] MethodGroupsHelper.collectMethodsByGroup() took 0 ms.
2026-05-29 10:58:05 [main] INFO  org.testng.internal.Utils - [Utils] MethodGroupsHelper.sortMethods() took 0 ms.
2026-05-29 10:58:05 [main] INFO  org.testng.internal.Utils - [Utils] MethodGroupsHelper.collectMethodsByGroup() took 0 ms.
2026-05-29 10:58:05 [main] INFO  org.testng.internal.Utils - [Utils] MethodGroupsHelper.sortMethods() took 0 ms.
2026-05-29 10:58:05 [main] INFO  org.testng.internal.Utils - [Utils] MethodGroupsHelper.collectMethodsByGroup() took 0 ms.
2026-05-29 10:58:05 [main] INFO  org.testng.internal.Utils - [Utils] MethodGroupsHelper.sortMethods() took 1 ms.
2026-05-29 10:58:05 [main] INFO  org.testng.internal.Utils - [Utils] MethodGroupsHelper.collectMethodsByGroup() took 0 ms.
2026-05-29 10:58:05 [main] INFO  org.testng.internal.Utils - [Utils] MethodGroupsHelper.sortMethods() took 0 ms.
2026-05-29 10:58:05 [main] INFO  org.testng.internal.Utils - [Utils] MethodGroupsHelper.collectMethodsByGroup() took 0 ms.
2026-05-29 10:58:05 [main] INFO  org.testng.internal.Utils - [Utils] MethodGroupsHelper.sortMethods() took 0 ms.
2026-05-29 10:58:05 [main] INFO  org.testng.internal.Utils - [Utils] MethodGroupsHelper.collectMethodsByGroup() took 0 ms.
2026-05-29 10:58:05 [main] INFO  org.testng.internal.Utils - [Utils] MethodGroupsHelper.sortMethods() took 7 ms.
2026-05-29 10:58:05 [main] INFO  org.testng.internal.Utils - [Utils] MethodGroupsHelper.collectMethodsByGroup() took 0 ms.
2026-05-29 10:58:05 [main] INFO  org.testng.internal.Utils - [Utils] MethodGroupsHelper.sortMethods() took 1 ms.
2026-05-29 10:58:05 [main] INFO  org.testng.internal.Utils - [Utils] MethodGroupsHelper.collectMethodsByGroup() took 0 ms.
2026-05-29 10:58:05 [main] INFO  org.testng.internal.Utils - [Utils] MethodGroupsHelper.sortMethods() took 1 ms.
2026-05-29 10:58:05 [main] INFO  org.testng.internal.Utils - [Utils] MethodGroupsHelper.collectMethodsByGroup() took 0 ms.
2026-05-29 10:58:05 [main] INFO  org.testng.internal.Utils - [Utils] MethodGroupsHelper.sortMethods() took 0 ms.
2026-05-29 10:58:05 [main] INFO  org.testng.internal.Utils - [Utils] MethodGroupsHelper.collectMethodsByGroup() took 1 ms.
2026-05-29 10:58:05 [main] INFO  org.testng.internal.Utils - [Utils] MethodGroupsHelper.sortMethods() took 0 ms.
2026-05-29 10:58:05 [main] INFO  org.testng.internal.Utils - [Utils] MethodGroupsHelper.collectMethodsByGroup() took 0 ms.
2026-05-29 10:58:05 [main] INFO  org.testng.internal.Utils - [Utils] MethodGroupsHelper.sortMethods() took 0 ms.
2026-05-29 10:58:05 [main] INFO  org.testng.internal.Utils - [Utils] MethodGroupsHelper.collectMethodsByGroup() took 0 ms.
2026-05-29 10:58:05 [main] INFO  org.testng.internal.Utils - [Utils] MethodGroupsHelper.sortMethods() took 0 ms.
2026-05-29 10:58:05 [main] INFO  org.testng.internal.Utils - [TestNG] Running:
  C:\Users\STZ\AppData\Local\Temp\testng-eclipse--739826353\testng-customsuite.xml

2026-05-29 10:58:05 [main] INFO  com.swaglabtest.pages.BaseClass - Starting Test Suite setup...
2026-05-29 10:58:05 [main] INFO  com.swaglabtest.pages.BaseClass - ExcelDataProvider initialized
2026-05-29 10:58:05 [main] INFO  com.swaglabtest.pages.BaseClass - ConfigProvider initialized
2026-05-29 10:58:05 [main] INFO  com.swaglabtest.pages.BaseClass - Extent Reports XML configuration loaded
2026-05-29 10:58:06 [main] INFO  com.swaglabtest.pages.BaseClass - Extent Report initialized at: C:\Users\STZ\EclipsWorkspace\NewSwagLab_Project/Reports/AutomationReport.html
2026-05-29 10:58:06 [main] INFO  org.testng.internal.Utils - [Utils] DynamicGraphHelper.createDynamicGraph() took 3 ms.
2026-05-29 10:58:06 [main] INFO  com.swaglabtest.pages.BaseClass - Initializing browser...
2026-05-29 10:58:06 [main] INFO  com.swaglabtest.pages.BaseClass - Browser selected: chrome
2026-05-29 10:58:07 [main] INFO  io.github.bonigarcia.wdm.WebDriverManager - Using chromedriver 148.0.7778.178 (resolved driver for Chrome 148)
2026-05-29 10:58:08 [main] INFO  io.github.bonigarcia.wdm.online.Downloader - Downloading https://storage.googleapis.com/chrome-for-testing-public/148.0.7778.178/win64/chromedriver-win64.zip
2026-05-29 10:58:11 [main] INFO  io.github.bonigarcia.wdm.online.Downloader - Extracting driver from compressed file chromedriver-win64.zip
2026-05-29 10:58:11 [main] INFO  io.github.bonigarcia.wdm.WebDriverManager - Exporting webdriver.chrome.driver as C:\Users\STZ\.cache\selenium\chromedriver\win64\148.0.7778.178\chromedriver.exe
2026-05-29 10:58:14 [main] INFO  com.swaglabtest.pages.BaseClass - Browser initialized successfully: chrome
2026-05-29 10:58:14 [main] INFO  com.swaglabtest.pages.BaseClass - Test started: brokenLinkTestLoginPage
2026-05-29 10:58:16 [main] INFO  com.swaglabtest.pages.BaseClass - Test Passed: brokenLinkTestLoginPage
2026-05-29 10:58:16 [main] INFO  com.swaglabtest.pages.BaseClass - Browser closed for class
2026-05-29 10:58:16 [main] INFO  com.swaglabtest.pages.BaseClass - Extent Report flushed
2026-05-29 10:58:16 [main] INFO  org.testng.internal.Utils - [TestNG] Time taken by org.testng.reporters.jq.Main@1008df1e: 114 ms
2026-05-29 10:58:16 [main] INFO  org.testng.internal.Utils - [TestNG] Time taken by org.testng.reporters.FailedReporter@7ee12d58: 1 ms
2026-05-29 10:58:16 [main] INFO  org.testng.internal.Utils - [TestNG] Time taken by org.testng.reporters.XMLReporter@26f75d9c: 19 ms
2026-05-29 10:58:16 [main] INFO  org.testng.internal.Utils - [TestNG] Time taken by org.testng.reporters.EmailableReporter2@13dc6649: 7 ms
2026-05-29 10:58:16 [main] INFO  org.testng.internal.Utils - [TestNG] Time taken by org.testng.reporters.JUnitReportReporter@4f3fec43: 8 ms
2026-05-29 10:58:16 [main] INFO  org.testng.internal.Utils - [TestNG] Time taken by org.testng.internal.ExitCodeListener@38dbeb39: 0 ms
2026-05-29 11:05:31 [main] INFO  org.testng.internal.Utils - [Utils] MethodGroupsHelper.collectMethodsByGroup() took 10 ms.
2026-05-29 11:05:31 [main] INFO  org.testng.internal.Utils - [Utils] MethodGroupsHelper.sortMethods() took 32 ms.
2026-05-29 11:05:31 [main] INFO  org.testng.internal.Utils - [Utils] MethodGroupsHelper.collectMethodsByGroup() took 0 ms.
2026-05-29 11:05:31 [main] INFO  org.testng.internal.Utils - [Utils] MethodGroupsHelper.sortMethods() took 1 ms.
2026-05-29 11:05:31 [main] INFO  org.testng.internal.Utils - [Utils] MethodGroupsHelper.collectMethodsByGroup() took 0 ms.
2026-05-29 11:05:31 [main] INFO  org.testng.internal.Utils - [Utils] MethodGroupsHelper.sortMethods() took 0 ms.
2026-05-29 11:05:31 [main] INFO  org.testng.internal.Utils - [Utils] MethodGroupsHelper.collectMethodsByGroup() took 0 ms.
2026-05-29 11:05:31 [main] INFO  org.testng.internal.Utils - [Utils] MethodGroupsHelper.sortMethods() took 0 ms.
2026-05-29 11:05:31 [main] INFO  org.testng.internal.Utils - [Utils] MethodGroupsHelper.collectMethodsByGroup() took 0 ms.
2026-05-29 11:05:31 [main] INFO  org.testng.internal.Utils - [Utils] MethodGroupsHelper.sortMethods() took 1 ms.
2026-05-29 11:05:31 [main] INFO  org.testng.internal.Utils - [Utils] MethodGroupsHelper.collectMethodsByGroup() took 0 ms.
2026-05-29 11:05:31 [main] INFO  org.testng.internal.Utils - [Utils] MethodGroupsHelper.sortMethods() took 0 ms.
2026-05-29 11:05:31 [main] INFO  org.testng.internal.Utils - [Utils] MethodGroupsHelper.collectMethodsByGroup() took 0 ms.
2026-05-29 11:05:31 [main] INFO  org.testng.internal.Utils - [Utils] MethodGroupsHelper.sortMethods() took 0 ms.
2026-05-29 11:05:31 [main] INFO  org.testng.internal.Utils - [Utils] MethodGroupsHelper.collectMethodsByGroup() took 0 ms.
2026-05-29 11:05:31 [main] INFO  org.testng.internal.Utils - [Utils] MethodGroupsHelper.sortMethods() took 0 ms.
2026-05-29 11:05:31 [main] INFO  org.testng.internal.Utils - [Utils] MethodGroupsHelper.collectMethodsByGroup() took 1 ms.
2026-05-29 11:05:31 [main] INFO  org.testng.internal.Utils - [Utils] MethodGroupsHelper.sortMethods() took 9 ms.
2026-05-29 11:05:31 [main] INFO  org.testng.internal.Utils - [Utils] MethodGroupsHelper.collectMethodsByGroup() took 0 ms.
2026-05-29 11:05:31 [main] INFO  org.testng.internal.Utils - [Utils] MethodGroupsHelper.sortMethods() took 0 ms.
2026-05-29 11:05:31 [main] INFO  org.testng.internal.Utils - [Utils] MethodGroupsHelper.collectMethodsByGroup() took 1 ms.
2026-05-29 11:05:31 [main] INFO  org.testng.internal.Utils - [Utils] MethodGroupsHelper.sortMethods() took 0 ms.
2026-05-29 11:05:31 [main] INFO  org.testng.internal.Utils - [Utils] MethodGroupsHelper.collectMethodsByGroup() took 0 ms.
2026-05-29 11:05:31 [main] INFO  org.testng.internal.Utils - [Utils] MethodGroupsHelper.sortMethods() took 0 ms.
2026-05-29 11:05:31 [main] INFO  org.testng.internal.Utils - [Utils] MethodGroupsHelper.collectMethodsByGroup() took 2 ms.
2026-05-29 11:05:31 [main] INFO  org.testng.internal.Utils - [Utils] MethodGroupsHelper.sortMethods() took 0 ms.
2026-05-29 11:05:31 [main] INFO  org.testng.internal.Utils - [Utils] MethodGroupsHelper.collectMethodsByGroup() took 0 ms.
2026-05-29 11:05:31 [main] INFO  org.testng.internal.Utils - [Utils] MethodGroupsHelper.sortMethods() took 0 ms.
2026-05-29 11:05:31 [main] INFO  org.testng.internal.Utils - [Utils] MethodGroupsHelper.collectMethodsByGroup() took 0 ms.
2026-05-29 11:05:31 [main] INFO  org.testng.internal.Utils - [Utils] MethodGroupsHelper.sortMethods() took 0 ms.
2026-05-29 11:05:31 [main] INFO  org.testng.internal.Utils - [TestNG] Running:
  C:\Users\STZ\AppData\Local\Temp\testng-eclipse-86859471\testng-customsuite.xml

2026-05-29 11:05:31 [main] INFO  com.swaglabtest.pages.BaseClass - Starting Test Suite setup...
2026-05-29 11:05:32 [main] INFO  com.swaglabtest.pages.BaseClass - ExcelDataProvider initialized
2026-05-29 11:05:32 [main] INFO  com.swaglabtest.pages.BaseClass - ConfigProvider initialized
2026-05-29 11:05:32 [main] INFO  com.swaglabtest.pages.BaseClass - Extent Reports XML configuration loaded
2026-05-29 11:05:32 [main] INFO  com.swaglabtest.pages.BaseClass - Extent Report initialized at: C:\Users\STZ\EclipsWorkspace\NewSwagLab_Project/Reports/AutomationReport.html
2026-05-29 11:05:32 [main] INFO  org.testng.internal.Utils - [Utils] DynamicGraphHelper.createDynamicGraph() took 7 ms.
2026-05-29 11:05:32 [main] INFO  com.swaglabtest.pages.BaseClass - Initializing browser...
2026-05-29 11:05:32 [main] INFO  com.swaglabtest.pages.BaseClass - Browser selected: chrome
2026-05-29 11:05:34 [main] INFO  io.github.bonigarcia.wdm.WebDriverManager - Using chromedriver 148.0.7778.178 (resolved driver for Chrome 148)
2026-05-29 11:05:34 [main] INFO  io.github.bonigarcia.wdm.online.Downloader - Downloading https://storage.googleapis.com/chrome-for-testing-public/148.0.7778.178/win64/chromedriver-win64.zip
2026-05-29 11:05:37 [main] INFO  io.github.bonigarcia.wdm.online.Downloader - Extracting driver from compressed file chromedriver-win64.zip
2026-05-29 11:05:37 [main] INFO  io.github.bonigarcia.wdm.WebDriverManager - Exporting webdriver.chrome.driver as C:\Users\STZ\.cache\selenium\chromedriver\win64\148.0.7778.178\chromedriver.exe
2026-05-29 11:05:39 [main] INFO  com.swaglabtest.pages.BaseClass - Browser initialized successfully: chrome
2026-05-29 11:05:40 [main] INFO  com.swaglabtest.pages.BaseClass - Test started: brokenLinkTestPurchasePage
2026-05-29 11:05:42 [main] INFO  com.swaglabtest.pages.BaseClass - Test Passed: brokenLinkTestPurchasePage
2026-05-29 11:05:42 [main] INFO  com.swaglabtest.pages.BaseClass - Browser closed for class
2026-05-29 11:05:42 [main] INFO  com.swaglabtest.pages.BaseClass - Extent Report flushed
2026-05-29 11:05:42 [main] INFO  org.testng.internal.Utils - [TestNG] Time taken by org.testng.reporters.jq.Main@69b37f5c: 63 ms
2026-05-29 11:05:42 [main] INFO  org.testng.internal.Utils - [TestNG] Time taken by org.testng.reporters.FailedReporter@28b5662d: 1 ms
2026-05-29 11:05:42 [main] INFO  org.testng.internal.Utils - [TestNG] Time taken by org.testng.reporters.XMLReporter@250a946: 12 ms
2026-05-29 11:05:42 [main] INFO  org.testng.internal.Utils - [TestNG] Time taken by org.testng.reporters.EmailableReporter2@433d93e7: 6 ms
2026-05-29 11:05:42 [main] INFO  org.testng.internal.Utils - [TestNG] Time taken by org.testng.reporters.JUnitReportReporter@7db47323: 6 ms
2026-05-29 11:05:42 [main] INFO  org.testng.internal.Utils - [TestNG] Time taken by org.testng.internal.ExitCodeListener@5529522f: 0 ms
2026-05-29 11:07:29 [main] INFO  org.testng.internal.Utils - [Utils] MethodGroupsHelper.collectMethodsByGroup() took 5 ms.
2026-05-29 11:07:29 [main] INFO  org.testng.internal.Utils - [Utils] MethodGroupsHelper.sortMethods() took 10 ms.
2026-05-29 11:07:29 [main] INFO  org.testng.internal.Utils - [Utils] MethodGroupsHelper.collectMethodsByGroup() took 0 ms.
2026-05-29 11:07:29 [main] INFO  org.testng.internal.Utils - [Utils] MethodGroupsHelper.sortMethods() took 0 ms.
2026-05-29 11:07:29 [main] INFO  org.testng.internal.Utils - [Utils] MethodGroupsHelper.collectMethodsByGroup() took 0 ms.
2026-05-29 11:07:29 [main] INFO  org.testng.internal.Utils - [Utils] MethodGroupsHelper.sortMethods() took 0 ms.
2026-05-29 11:07:29 [main] INFO  org.testng.internal.Utils - [Utils] MethodGroupsHelper.collectMethodsByGroup() took 0 ms.
2026-05-29 11:07:29 [main] INFO  org.testng.internal.Utils - [Utils] MethodGroupsHelper.sortMethods() took 0 ms.
2026-05-29 11:07:29 [main] INFO  org.testng.internal.Utils - [Utils] MethodGroupsHelper.collectMethodsByGroup() took 0 ms.
2026-05-29 11:07:29 [main] INFO  org.testng.internal.Utils - [Utils] MethodGroupsHelper.sortMethods() took 1 ms.
2026-05-29 11:07:29 [main] INFO  org.testng.internal.Utils - [Utils] MethodGroupsHelper.collectMethodsByGroup() took 0 ms.
2026-05-29 11:07:29 [main] INFO  org.testng.internal.Utils - [Utils] MethodGroupsHelper.sortMethods() took 1 ms.
2026-05-29 11:07:29 [main] INFO  org.testng.internal.Utils - [Utils] MethodGroupsHelper.collectMethodsByGroup() took 0 ms.
2026-05-29 11:07:29 [main] INFO  org.testng.internal.Utils - [Utils] MethodGroupsHelper.sortMethods() took 0 ms.
2026-05-29 11:07:29 [main] INFO  org.testng.internal.Utils - [Utils] MethodGroupsHelper.collectMethodsByGroup() took 0 ms.
2026-05-29 11:07:29 [main] INFO  org.testng.internal.Utils - [Utils] MethodGroupsHelper.sortMethods() took 0 ms.
2026-05-29 11:07:29 [main] INFO  org.testng.internal.Utils - [Utils] MethodGroupsHelper.collectMethodsByGroup() took 0 ms.
2026-05-29 11:07:29 [main] INFO  org.testng.internal.Utils - [Utils] MethodGroupsHelper.sortMethods() took 8 ms.
2026-05-29 11:07:29 [main] INFO  org.testng.internal.Utils - [Utils] MethodGroupsHelper.collectMethodsByGroup() took 0 ms.
2026-05-29 11:07:29 [main] INFO  org.testng.internal.Utils - [Utils] MethodGroupsHelper.sortMethods() took 0 ms.
2026-05-29 11:07:29 [main] INFO  org.testng.internal.Utils - [Utils] MethodGroupsHelper.collectMethodsByGroup() took 1 ms.
2026-05-29 11:07:29 [main] INFO  org.testng.internal.Utils - [Utils] MethodGroupsHelper.sortMethods() took 0 ms.
2026-05-29 11:07:29 [main] INFO  org.testng.internal.Utils - [Utils] MethodGroupsHelper.collectMethodsByGroup() took 0 ms.
2026-05-29 11:07:29 [main] INFO  org.testng.internal.Utils - [Utils] MethodGroupsHelper.sortMethods() took 0 ms.
2026-05-29 11:07:29 [main] INFO  org.testng.internal.Utils - [Utils] MethodGroupsHelper.collectMethodsByGroup() took 1 ms.
2026-05-29 11:07:29 [main] INFO  org.testng.internal.Utils - [Utils] MethodGroupsHelper.sortMethods() took 0 ms.
2026-05-29 11:07:29 [main] INFO  org.testng.internal.Utils - [Utils] MethodGroupsHelper.collectMethodsByGroup() took 0 ms.
2026-05-29 11:07:29 [main] INFO  org.testng.internal.Utils - [Utils] MethodGroupsHelper.sortMethods() took 0 ms.
2026-05-29 11:07:29 [main] INFO  org.testng.internal.Utils - [Utils] MethodGroupsHelper.collectMethodsByGroup() took 0 ms.
2026-05-29 11:07:29 [main] INFO  org.testng.internal.Utils - [Utils] MethodGroupsHelper.sortMethods() took 1 ms.
2026-05-29 11:07:29 [main] INFO  org.testng.internal.Utils - [TestNG] Running:
  C:\Users\STZ\AppData\Local\Temp\testng-eclipse-916914446\testng-customsuite.xml

2026-05-29 11:07:29 [main] INFO  com.swaglabtest.pages.BaseClass - Starting Test Suite setup...
2026-05-29 11:07:30 [main] INFO  com.swaglabtest.pages.BaseClass - ExcelDataProvider initialized
2026-05-29 11:07:30 [main] INFO  com.swaglabtest.pages.BaseClass - ConfigProvider initialized
2026-05-29 11:07:30 [main] INFO  com.swaglabtest.pages.BaseClass - Extent Reports XML configuration loaded
2026-05-29 11:07:30 [main] INFO  com.swaglabtest.pages.BaseClass - Extent Report initialized at: C:\Users\STZ\EclipsWorkspace\NewSwagLab_Project/Reports/AutomationReport.html
2026-05-29 11:07:30 [main] INFO  org.testng.internal.Utils - [Utils] DynamicGraphHelper.createDynamicGraph() took 4 ms.
2026-05-29 11:07:30 [main] INFO  com.swaglabtest.pages.BaseClass - Initializing browser...
2026-05-29 11:07:30 [main] INFO  com.swaglabtest.pages.BaseClass - Browser selected: chrome
2026-05-29 11:07:32 [main] INFO  io.github.bonigarcia.wdm.WebDriverManager - Using chromedriver 148.0.7778.178 (resolved driver for Chrome 148)
2026-05-29 11:07:32 [main] INFO  io.github.bonigarcia.wdm.online.Downloader - Downloading https://storage.googleapis.com/chrome-for-testing-public/148.0.7778.178/win64/chromedriver-win64.zip
2026-05-29 11:07:36 [main] INFO  io.github.bonigarcia.wdm.online.Downloader - Extracting driver from compressed file chromedriver-win64.zip
2026-05-29 11:07:36 [main] INFO  io.github.bonigarcia.wdm.WebDriverManager - Exporting webdriver.chrome.driver as C:\Users\STZ\.cache\selenium\chromedriver\win64\148.0.7778.178\chromedriver.exe
2026-05-29 11:07:39 [main] INFO  com.swaglabtest.pages.BaseClass - Browser initialized successfully: chrome
2026-05-29 11:07:39 [main] INFO  com.swaglabtest.pages.BaseClass - Test started: brokenLinkTestPurchasePage
2026-05-29 11:07:40 [main] INFO  com.swaglabtest.pages.BaseClass - Test Passed: brokenLinkTestPurchasePage
2026-05-29 11:07:41 [main] INFO  com.swaglabtest.pages.BaseClass - Browser closed for class
2026-05-29 11:07:41 [main] INFO  com.swaglabtest.pages.BaseClass - Extent Report flushed
2026-05-29 11:07:41 [main] INFO  org.testng.internal.Utils - [TestNG] Time taken by org.testng.reporters.jq.Main@598778cc: 82 ms
2026-05-29 11:07:41 [main] INFO  org.testng.internal.Utils - [TestNG] Time taken by org.testng.reporters.FailedReporter@3386ed8: 0 ms
2026-05-29 11:07:41 [main] INFO  org.testng.internal.Utils - [TestNG] Time taken by org.testng.reporters.XMLReporter@1fa9692b: 15 ms
2026-05-29 11:07:41 [main] INFO  org.testng.internal.Utils - [TestNG] Time taken by org.testng.reporters.EmailableReporter2@7221539: 9 ms
2026-05-29 11:07:41 [main] INFO  org.testng.internal.Utils - [TestNG] Time taken by org.testng.reporters.JUnitReportReporter@7283877: 7 ms
2026-05-29 11:07:41 [main] INFO  org.testng.internal.Utils - [TestNG] Time taken by org.testng.internal.ExitCodeListener@286a4c52: 0 ms
2026-05-29 11:09:50 [main] INFO  org.testng.internal.Utils - [Utils] MethodGroupsHelper.collectMethodsByGroup() took 5 ms.
2026-05-29 11:09:50 [main] INFO  org.testng.internal.Utils - [Utils] MethodGroupsHelper.sortMethods() took 8 ms.
2026-05-29 11:09:50 [main] INFO  org.testng.internal.Utils - [Utils] MethodGroupsHelper.collectMethodsByGroup() took 0 ms.
2026-05-29 11:09:50 [main] INFO  org.testng.internal.Utils - [Utils] MethodGroupsHelper.sortMethods() took 0 ms.
2026-05-29 11:09:50 [main] INFO  org.testng.internal.Utils - [Utils] MethodGroupsHelper.collectMethodsByGroup() took 0 ms.
2026-05-29 11:09:50 [main] INFO  org.testng.internal.Utils - [Utils] MethodGroupsHelper.sortMethods() took 0 ms.
2026-05-29 11:09:50 [main] INFO  org.testng.internal.Utils - [Utils] MethodGroupsHelper.collectMethodsByGroup() took 0 ms.
2026-05-29 11:09:50 [main] INFO  org.testng.internal.Utils - [Utils] MethodGroupsHelper.sortMethods() took 0 ms.
2026-05-29 11:09:50 [main] INFO  org.testng.internal.Utils - [Utils] MethodGroupsHelper.collectMethodsByGroup() took 0 ms.
2026-05-29 11:09:50 [main] INFO  org.testng.internal.Utils - [Utils] MethodGroupsHelper.sortMethods() took 0 ms.
2026-05-29 11:09:50 [main] INFO  org.testng.internal.Utils - [Utils] MethodGroupsHelper.collectMethodsByGroup() took 0 ms.
2026-05-29 11:09:50 [main] INFO  org.testng.internal.Utils - [Utils] MethodGroupsHelper.sortMethods() took 0 ms.
2026-05-29 11:09:50 [main] INFO  org.testng.internal.Utils - [Utils] MethodGroupsHelper.collectMethodsByGroup() took 0 ms.
2026-05-29 11:09:50 [main] INFO  org.testng.internal.Utils - [Utils] MethodGroupsHelper.sortMethods() took 0 ms.
2026-05-29 11:09:50 [main] INFO  org.testng.internal.Utils - [Utils] MethodGroupsHelper.collectMethodsByGroup() took 0 ms.
2026-05-29 11:09:50 [main] INFO  org.testng.internal.Utils - [Utils] MethodGroupsHelper.sortMethods() took 0 ms.
2026-05-29 11:09:50 [main] INFO  org.testng.internal.Utils - [Utils] MethodGroupsHelper.collectMethodsByGroup() took 0 ms.
2026-05-29 11:09:50 [main] INFO  org.testng.internal.Utils - [Utils] MethodGroupsHelper.sortMethods() took 7 ms.
2026-05-29 11:09:50 [main] INFO  org.testng.internal.Utils - [Utils] MethodGroupsHelper.collectMethodsByGroup() took 1 ms.
2026-05-29 11:09:50 [main] INFO  org.testng.internal.Utils - [Utils] MethodGroupsHelper.sortMethods() took 0 ms.
2026-05-29 11:09:50 [main] INFO  org.testng.internal.Utils - [Utils] MethodGroupsHelper.collectMethodsByGroup() took 0 ms.
2026-05-29 11:09:50 [main] INFO  org.testng.internal.Utils - [Utils] MethodGroupsHelper.sortMethods() took 1 ms.
2026-05-29 11:09:50 [main] INFO  org.testng.internal.Utils - [Utils] MethodGroupsHelper.collectMethodsByGroup() took 0 ms.
2026-05-29 11:09:50 [main] INFO  org.testng.internal.Utils - [Utils] MethodGroupsHelper.sortMethods() took 0 ms.
2026-05-29 11:09:50 [main] INFO  org.testng.internal.Utils - [Utils] MethodGroupsHelper.collectMethodsByGroup() took 0 ms.
2026-05-29 11:09:50 [main] INFO  org.testng.internal.Utils - [Utils] MethodGroupsHelper.sortMethods() took 0 ms.
2026-05-29 11:09:50 [main] INFO  org.testng.internal.Utils - [Utils] MethodGroupsHelper.collectMethodsByGroup() took 0 ms.
2026-05-29 11:09:50 [main] INFO  org.testng.internal.Utils - [Utils] MethodGroupsHelper.sortMethods() took 0 ms.
2026-05-29 11:09:50 [main] INFO  org.testng.internal.Utils - [Utils] MethodGroupsHelper.collectMethodsByGroup() took 0 ms.
2026-05-29 11:09:50 [main] INFO  org.testng.internal.Utils - [Utils] MethodGroupsHelper.sortMethods() took 0 ms.
2026-05-29 11:09:50 [main] INFO  org.testng.internal.Utils - [TestNG] Running:
  C:\Users\STZ\AppData\Local\Temp\testng-eclipse--2145485940\testng-customsuite.xml

2026-05-29 11:09:50 [main] INFO  com.swaglabtest.pages.BaseClass - Starting Test Suite setup...
2026-05-29 11:09:50 [main] INFO  com.swaglabtest.pages.BaseClass - ExcelDataProvider initialized
2026-05-29 11:09:50 [main] INFO  com.swaglabtest.pages.BaseClass - ConfigProvider initialized
2026-05-29 11:09:51 [main] INFO  com.swaglabtest.pages.BaseClass - Extent Reports XML configuration loaded
2026-05-29 11:09:51 [main] INFO  com.swaglabtest.pages.BaseClass - Extent Report initialized at: C:\Users\STZ\EclipsWorkspace\NewSwagLab_Project/Reports/AutomationReport.html
2026-05-29 11:09:51 [main] INFO  org.testng.internal.Utils - [Utils] DynamicGraphHelper.createDynamicGraph() took 5 ms.
2026-05-29 11:09:51 [main] INFO  com.swaglabtest.pages.BaseClass - Initializing browser...
2026-05-29 11:09:51 [main] INFO  com.swaglabtest.pages.BaseClass - Browser selected: chrome
2026-05-29 11:09:53 [main] INFO  io.github.bonigarcia.wdm.WebDriverManager - Using chromedriver 148.0.7778.178 (resolved driver for Chrome 148)
2026-05-29 11:09:53 [main] INFO  io.github.bonigarcia.wdm.online.Downloader - Downloading https://storage.googleapis.com/chrome-for-testing-public/148.0.7778.178/win64/chromedriver-win64.zip
2026-05-29 11:10:00 [main] INFO  io.github.bonigarcia.wdm.online.Downloader - Extracting driver from compressed file chromedriver-win64.zip
2026-05-29 11:10:01 [main] INFO  io.github.bonigarcia.wdm.WebDriverManager - Exporting webdriver.chrome.driver as C:\Users\STZ\.cache\selenium\chromedriver\win64\148.0.7778.178\chromedriver.exe
2026-05-29 11:10:03 [main] INFO  com.swaglabtest.pages.BaseClass - Browser initialized successfully: chrome
2026-05-29 11:10:03 [main] INFO  com.swaglabtest.pages.BaseClass - Test started: brokenLinkTestLoginPage
2026-05-29 11:10:05 [main] INFO  com.swaglabtest.pages.BaseClass - Test Passed: brokenLinkTestLoginPage
2026-05-29 11:10:05 [main] INFO  com.swaglabtest.pages.BaseClass - Test started: brokenLinkTestPurchasePage
2026-05-29 11:10:05 [main] INFO  com.swaglabtest.pages.BaseClass - Test Passed: brokenLinkTestPurchasePage
2026-05-29 11:10:06 [main] INFO  com.swaglabtest.pages.BaseClass - Browser closed for class
2026-05-29 11:10:06 [main] INFO  com.swaglabtest.pages.BaseClass - Extent Report flushed
2026-05-29 11:10:06 [main] INFO  org.testng.internal.Utils - [TestNG] Time taken by org.testng.reporters.jq.Main@2e4ecdf8: 74 ms
2026-05-29 11:10:06 [main] INFO  org.testng.internal.Utils - [TestNG] Time taken by org.testng.reporters.FailedReporter@503a7990: 0 ms
2026-05-29 11:10:06 [main] INFO  org.testng.internal.Utils - [TestNG] Time taken by org.testng.reporters.XMLReporter@64c95480: 13 ms
2026-05-29 11:10:06 [main] INFO  org.testng.internal.Utils - [TestNG] Time taken by org.testng.reporters.EmailableReporter2@2f9addd4: 8 ms
2026-05-29 11:10:06 [main] INFO  org.testng.internal.Utils - [TestNG] Time taken by org.testng.reporters.JUnitReportReporter@7856f41a: 17 ms
2026-05-29 11:10:06 [main] INFO  org.testng.internal.Utils - [TestNG] Time taken by org.testng.internal.ExitCodeListener@5fbae40: 0 ms
2026-05-29 11:11:53 [main] INFO  org.testng.internal.Utils - [Utils] MethodGroupsHelper.collectMethodsByGroup() took 6 ms.
2026-05-29 11:11:53 [main] INFO  org.testng.internal.Utils - [Utils] MethodGroupsHelper.sortMethods() took 8 ms.
2026-05-29 11:11:53 [main] INFO  org.testng.internal.Utils - [Utils] MethodGroupsHelper.collectMethodsByGroup() took 0 ms.
2026-05-29 11:11:53 [main] INFO  org.testng.internal.Utils - [Utils] MethodGroupsHelper.sortMethods() took 0 ms.
2026-05-29 11:11:53 [main] INFO  org.testng.internal.Utils - [Utils] MethodGroupsHelper.collectMethodsByGroup() took 0 ms.
2026-05-29 11:11:53 [main] INFO  org.testng.internal.Utils - [Utils] MethodGroupsHelper.sortMethods() took 0 ms.
2026-05-29 11:11:53 [main] INFO  org.testng.internal.Utils - [Utils] MethodGroupsHelper.collectMethodsByGroup() took 0 ms.
2026-05-29 11:11:53 [main] INFO  org.testng.internal.Utils - [Utils] MethodGroupsHelper.sortMethods() took 0 ms.
2026-05-29 11:11:53 [main] INFO  org.testng.internal.Utils - [Utils] MethodGroupsHelper.collectMethodsByGroup() took 0 ms.
2026-05-29 11:11:53 [main] INFO  org.testng.internal.Utils - [Utils] MethodGroupsHelper.sortMethods() took 0 ms.
2026-05-29 11:11:53 [main] INFO  org.testng.internal.Utils - [Utils] MethodGroupsHelper.collectMethodsByGroup() took 0 ms.
2026-05-29 11:11:53 [main] INFO  org.testng.internal.Utils - [Utils] MethodGroupsHelper.sortMethods() took 0 ms.
2026-05-29 11:11:53 [main] INFO  org.testng.internal.Utils - [Utils] MethodGroupsHelper.collectMethodsByGroup() took 0 ms.
2026-05-29 11:11:53 [main] INFO  org.testng.internal.Utils - [Utils] MethodGroupsHelper.sortMethods() took 0 ms.
2026-05-29 11:11:53 [main] INFO  org.testng.internal.Utils - [Utils] MethodGroupsHelper.collectMethodsByGroup() took 0 ms.
2026-05-29 11:11:53 [main] INFO  org.testng.internal.Utils - [Utils] MethodGroupsHelper.sortMethods() took 0 ms.
2026-05-29 11:11:53 [main] INFO  org.testng.internal.Utils - [Utils] MethodGroupsHelper.collectMethodsByGroup() took 0 ms.
2026-05-29 11:11:53 [main] INFO  org.testng.internal.Utils - [Utils] MethodGroupsHelper.sortMethods() took 10 ms.
2026-05-29 11:11:53 [main] INFO  org.testng.internal.Utils - [Utils] MethodGroupsHelper.collectMethodsByGroup() took 0 ms.
2026-05-29 11:11:53 [main] INFO  org.testng.internal.Utils - [Utils] MethodGroupsHelper.sortMethods() took 0 ms.
2026-05-29 11:11:53 [main] INFO  org.testng.internal.Utils - [Utils] MethodGroupsHelper.collectMethodsByGroup() took 0 ms.
2026-05-29 11:11:53 [main] INFO  org.testng.internal.Utils - [Utils] MethodGroupsHelper.sortMethods() took 0 ms.
2026-05-29 11:11:53 [main] INFO  org.testng.internal.Utils - [Utils] MethodGroupsHelper.collectMethodsByGroup() took 0 ms.
2026-05-29 11:11:53 [main] INFO  org.testng.internal.Utils - [Utils] MethodGroupsHelper.sortMethods() took 0 ms.
2026-05-29 11:11:53 [main] INFO  org.testng.internal.Utils - [Utils] MethodGroupsHelper.collectMethodsByGroup() took 0 ms.
2026-05-29 11:11:53 [main] INFO  org.testng.internal.Utils - [Utils] MethodGroupsHelper.sortMethods() took 0 ms.
2026-05-29 11:11:53 [main] INFO  org.testng.internal.Utils - [Utils] MethodGroupsHelper.collectMethodsByGroup() took 0 ms.
2026-05-29 11:11:53 [main] INFO  org.testng.internal.Utils - [Utils] MethodGroupsHelper.sortMethods() took 0 ms.
2026-05-29 11:11:53 [main] INFO  org.testng.internal.Utils - [Utils] MethodGroupsHelper.collectMethodsByGroup() took 0 ms.
2026-05-29 11:11:53 [main] INFO  org.testng.internal.Utils - [Utils] MethodGroupsHelper.sortMethods() took 1 ms.
2026-05-29 11:11:53 [main] INFO  org.testng.internal.Utils - [TestNG] Running:
  C:\Users\STZ\AppData\Local\Temp\testng-eclipse-349180479\testng-customsuite.xml

2026-05-29 11:11:53 [main] INFO  com.swaglabtest.pages.BaseClass - Starting Test Suite setup...
2026-05-29 11:11:54 [main] INFO  com.swaglabtest.pages.BaseClass - ExcelDataProvider initialized
2026-05-29 11:11:54 [main] INFO  com.swaglabtest.pages.BaseClass - ConfigProvider initialized
2026-05-29 11:11:54 [main] INFO  com.swaglabtest.pages.BaseClass - Extent Reports XML configuration loaded
2026-05-29 11:11:54 [main] INFO  com.swaglabtest.pages.BaseClass - Extent Report initialized at: C:\Users\STZ\EclipsWorkspace\NewSwagLab_Project/Reports/AutomationReport.html
2026-05-29 11:11:54 [main] INFO  org.testng.internal.Utils - [Utils] DynamicGraphHelper.createDynamicGraph() took 3 ms.
2026-05-29 11:11:54 [main] INFO  com.swaglabtest.pages.BaseClass - Initializing browser...
2026-05-29 11:11:54 [main] INFO  com.swaglabtest.pages.BaseClass - Browser selected: chrome
2026-05-29 11:11:56 [main] INFO  io.github.bonigarcia.wdm.WebDriverManager - Using chromedriver 148.0.7778.178 (resolved driver for Chrome 148)
2026-05-29 11:11:56 [main] INFO  io.github.bonigarcia.wdm.online.Downloader - Downloading https://storage.googleapis.com/chrome-for-testing-public/148.0.7778.178/win64/chromedriver-win64.zip
2026-05-29 11:12:00 [main] INFO  io.github.bonigarcia.wdm.online.Downloader - Extracting driver from compressed file chromedriver-win64.zip
2026-05-29 11:12:00 [main] INFO  io.github.bonigarcia.wdm.WebDriverManager - Exporting webdriver.chrome.driver as C:\Users\STZ\.cache\selenium\chromedriver\win64\148.0.7778.178\chromedriver.exe
2026-05-29 11:12:04 [main] INFO  com.swaglabtest.pages.BaseClass - Browser initialized successfully: chrome
2026-05-29 11:12:04 [main] INFO  com.swaglabtest.pages.BaseClass - Test started: brokenLinkTestLoginPage
2026-05-29 11:12:05 [main] INFO  com.swaglabtest.pages.BaseClass - Test Passed: brokenLinkTestLoginPage
2026-05-29 11:12:05 [main] INFO  com.swaglabtest.pages.BaseClass - Test started: brokenLinkTestPurchasePage
2026-05-29 11:12:06 [main] INFO  com.swaglabtest.pages.BaseClass - Test Passed: brokenLinkTestPurchasePage
2026-05-29 11:12:06 [main] INFO  com.swaglabtest.pages.BaseClass - Browser closed for class
2026-05-29 11:12:07 [main] INFO  com.swaglabtest.pages.BaseClass - Extent Report flushed
2026-05-29 11:12:07 [main] INFO  org.testng.internal.Utils - [TestNG] Time taken by org.testng.reporters.jq.Main@2e4ecdf8: 103 ms
2026-05-29 11:12:07 [main] INFO  org.testng.internal.Utils - [TestNG] Time taken by org.testng.reporters.FailedReporter@503a7990: 1 ms
2026-05-29 11:12:07 [main] INFO  org.testng.internal.Utils - [TestNG] Time taken by org.testng.reporters.XMLReporter@64c95480: 18 ms
2026-05-29 11:12:07 [main] INFO  org.testng.internal.Utils - [TestNG] Time taken by org.testng.reporters.EmailableReporter2@2f9addd4: 7 ms
2026-05-29 11:12:07 [main] INFO  org.testng.internal.Utils - [TestNG] Time taken by org.testng.reporters.JUnitReportReporter@7856f41a: 4 ms
2026-05-29 11:12:07 [main] INFO  org.testng.internal.Utils - [TestNG] Time taken by org.testng.internal.ExitCodeListener@5fbae40: 1 ms
2026-05-29 11:13:03 [main] INFO  org.testng.internal.Utils - [Utils] MethodGroupsHelper.collectMethodsByGroup() took 4 ms.
2026-05-29 11:13:03 [main] INFO  org.testng.internal.Utils - [Utils] MethodGroupsHelper.sortMethods() took 8 ms.
2026-05-29 11:13:03 [main] INFO  org.testng.internal.Utils - [Utils] MethodGroupsHelper.collectMethodsByGroup() took 1 ms.
2026-05-29 11:13:03 [main] INFO  org.testng.internal.Utils - [Utils] MethodGroupsHelper.sortMethods() took 0 ms.
2026-05-29 11:13:03 [main] INFO  org.testng.internal.Utils - [Utils] MethodGroupsHelper.collectMethodsByGroup() took 0 ms.
2026-05-29 11:13:03 [main] INFO  org.testng.internal.Utils - [Utils] MethodGroupsHelper.sortMethods() took 0 ms.
2026-05-29 11:13:03 [main] INFO  org.testng.internal.Utils - [Utils] MethodGroupsHelper.collectMethodsByGroup() took 0 ms.
2026-05-29 11:13:03 [main] INFO  org.testng.internal.Utils - [Utils] MethodGroupsHelper.sortMethods() took 0 ms.
2026-05-29 11:13:03 [main] INFO  org.testng.internal.Utils - [Utils] MethodGroupsHelper.collectMethodsByGroup() took 0 ms.
2026-05-29 11:13:03 [main] INFO  org.testng.internal.Utils - [Utils] MethodGroupsHelper.sortMethods() took 0 ms.
2026-05-29 11:13:03 [main] INFO  org.testng.internal.Utils - [Utils] MethodGroupsHelper.collectMethodsByGroup() took 0 ms.
2026-05-29 11:13:03 [main] INFO  org.testng.internal.Utils - [Utils] MethodGroupsHelper.sortMethods() took 0 ms.
2026-05-29 11:13:03 [main] INFO  org.testng.internal.Utils - [Utils] MethodGroupsHelper.collectMethodsByGroup() took 0 ms.
2026-05-29 11:13:03 [main] INFO  org.testng.internal.Utils - [Utils] MethodGroupsHelper.sortMethods() took 0 ms.
2026-05-29 11:13:03 [main] INFO  org.testng.internal.Utils - [Utils] MethodGroupsHelper.collectMethodsByGroup() took 0 ms.
2026-05-29 11:13:03 [main] INFO  org.testng.internal.Utils - [Utils] MethodGroupsHelper.sortMethods() took 0 ms.
2026-05-29 11:13:03 [main] INFO  org.testng.internal.Utils - [Utils] MethodGroupsHelper.collectMethodsByGroup() took 0 ms.
2026-05-29 11:13:03 [main] INFO  org.testng.internal.Utils - [Utils] MethodGroupsHelper.sortMethods() took 8 ms.
2026-05-29 11:13:03 [main] INFO  org.testng.internal.Utils - [Utils] MethodGroupsHelper.collectMethodsByGroup() took 0 ms.
2026-05-29 11:13:03 [main] INFO  org.testng.internal.Utils - [Utils] MethodGroupsHelper.sortMethods() took 0 ms.
2026-05-29 11:13:03 [main] INFO  org.testng.internal.Utils - [Utils] MethodGroupsHelper.collectMethodsByGroup() took 0 ms.
2026-05-29 11:13:03 [main] INFO  org.testng.internal.Utils - [Utils] MethodGroupsHelper.sortMethods() took 0 ms.
2026-05-29 11:13:03 [main] INFO  org.testng.internal.Utils - [Utils] MethodGroupsHelper.collectMethodsByGroup() took 0 ms.
2026-05-29 11:13:03 [main] INFO  org.testng.internal.Utils - [Utils] MethodGroupsHelper.sortMethods() took 0 ms.
2026-05-29 11:13:03 [main] INFO  org.testng.internal.Utils - [Utils] MethodGroupsHelper.collectMethodsByGroup() took 2 ms.
2026-05-29 11:13:03 [main] INFO  org.testng.internal.Utils - [Utils] MethodGroupsHelper.sortMethods() took 1 ms.
2026-05-29 11:13:03 [main] INFO  org.testng.internal.Utils - [Utils] MethodGroupsHelper.collectMethodsByGroup() took 0 ms.
2026-05-29 11:13:03 [main] INFO  org.testng.internal.Utils - [Utils] MethodGroupsHelper.sortMethods() took 0 ms.
2026-05-29 11:13:03 [main] INFO  org.testng.internal.Utils - [Utils] MethodGroupsHelper.collectMethodsByGroup() took 1 ms.
2026-05-29 11:13:03 [main] INFO  org.testng.internal.Utils - [Utils] MethodGroupsHelper.sortMethods() took 1 ms.
2026-05-29 11:13:03 [main] INFO  org.testng.internal.Utils - [TestNG] Running:
  C:\Users\STZ\AppData\Local\Temp\testng-eclipse--495804726\testng-customsuite.xml

2026-05-29 11:13:03 [main] INFO  com.swaglabtest.pages.BaseClass - Starting Test Suite setup...
2026-05-29 11:13:03 [main] INFO  com.swaglabtest.pages.BaseClass - ExcelDataProvider initialized
2026-05-29 11:13:03 [main] INFO  com.swaglabtest.pages.BaseClass - ConfigProvider initialized
2026-05-29 11:13:03 [main] INFO  com.swaglabtest.pages.BaseClass - Extent Reports XML configuration loaded
2026-05-29 11:13:04 [main] INFO  com.swaglabtest.pages.BaseClass - Extent Report initialized at: C:\Users\STZ\EclipsWorkspace\NewSwagLab_Project/Reports/AutomationReport.html
2026-05-29 11:13:04 [main] INFO  org.testng.internal.Utils - [Utils] DynamicGraphHelper.createDynamicGraph() took 3 ms.
2026-05-29 11:13:04 [main] INFO  com.swaglabtest.pages.BaseClass - Initializing browser...
2026-05-29 11:13:04 [main] INFO  com.swaglabtest.pages.BaseClass - Browser selected: chrome
2026-05-29 11:13:05 [main] INFO  io.github.bonigarcia.wdm.WebDriverManager - Using chromedriver 148.0.7778.178 (resolved driver for Chrome 148)
2026-05-29 11:13:06 [main] INFO  io.github.bonigarcia.wdm.online.Downloader - Downloading https://storage.googleapis.com/chrome-for-testing-public/148.0.7778.178/win64/chromedriver-win64.zip
2026-05-29 11:13:10 [main] INFO  io.github.bonigarcia.wdm.online.Downloader - Extracting driver from compressed file chromedriver-win64.zip
2026-05-29 11:13:10 [main] INFO  io.github.bonigarcia.wdm.WebDriverManager - Exporting webdriver.chrome.driver as C:\Users\STZ\.cache\selenium\chromedriver\win64\148.0.7778.178\chromedriver.exe
2026-05-29 11:13:12 [main] INFO  com.swaglabtest.pages.BaseClass - Browser initialized successfully: chrome
2026-05-29 11:13:12 [main] INFO  com.swaglabtest.pages.BaseClass - Test started: brokenLinkTestPurchasePage
2026-05-29 11:13:14 [main] INFO  com.swaglabtest.pages.BaseClass - Test Passed: brokenLinkTestPurchasePage
2026-05-29 11:13:14 [main] INFO  com.swaglabtest.pages.BaseClass - Browser closed for class
2026-05-29 11:13:15 [main] INFO  com.swaglabtest.pages.BaseClass - Extent Report flushed
2026-05-29 11:13:15 [main] INFO  org.testng.internal.Utils - [TestNG] Time taken by org.testng.reporters.jq.Main@3386ed8: 77 ms
2026-05-29 11:13:15 [main] INFO  org.testng.internal.Utils - [TestNG] Time taken by org.testng.reporters.FailedReporter@727453a3: 0 ms
2026-05-29 11:13:15 [main] INFO  org.testng.internal.Utils - [TestNG] Time taken by org.testng.reporters.XMLReporter@710afd47: 23 ms
2026-05-29 11:13:15 [main] INFO  org.testng.internal.Utils - [TestNG] Time taken by org.testng.reporters.EmailableReporter2@b77b0a0: 13 ms
2026-05-29 11:13:15 [main] INFO  org.testng.internal.Utils - [TestNG] Time taken by org.testng.reporters.JUnitReportReporter@286a4c52: 7 ms
2026-05-29 11:13:15 [main] INFO  org.testng.internal.Utils - [TestNG] Time taken by org.testng.internal.ExitCodeListener@13dd7887: 0 ms
2026-05-29 11:14:21 [main] INFO  org.testng.internal.Utils - [Utils] MethodGroupsHelper.collectMethodsByGroup() took 6 ms.
2026-05-29 11:14:21 [main] INFO  org.testng.internal.Utils - [Utils] MethodGroupsHelper.sortMethods() took 8 ms.
2026-05-29 11:14:21 [main] INFO  org.testng.internal.Utils - [Utils] MethodGroupsHelper.collectMethodsByGroup() took 0 ms.
2026-05-29 11:14:21 [main] INFO  org.testng.internal.Utils - [Utils] MethodGroupsHelper.sortMethods() took 0 ms.
2026-05-29 11:14:21 [main] INFO  org.testng.internal.Utils - [Utils] MethodGroupsHelper.collectMethodsByGroup() took 0 ms.
2026-05-29 11:14:21 [main] INFO  org.testng.internal.Utils - [Utils] MethodGroupsHelper.sortMethods() took 0 ms.
2026-05-29 11:14:21 [main] INFO  org.testng.internal.Utils - [Utils] MethodGroupsHelper.collectMethodsByGroup() took 0 ms.
2026-05-29 11:14:21 [main] INFO  org.testng.internal.Utils - [Utils] MethodGroupsHelper.sortMethods() took 0 ms.
2026-05-29 11:14:21 [main] INFO  org.testng.internal.Utils - [Utils] MethodGroupsHelper.collectMethodsByGroup() took 0 ms.
2026-05-29 11:14:21 [main] INFO  org.testng.internal.Utils - [Utils] MethodGroupsHelper.sortMethods() took 0 ms.
2026-05-29 11:14:21 [main] INFO  org.testng.internal.Utils - [Utils] MethodGroupsHelper.collectMethodsByGroup() took 0 ms.
2026-05-29 11:14:21 [main] INFO  org.testng.internal.Utils - [Utils] MethodGroupsHelper.sortMethods() took 0 ms.
2026-05-29 11:14:21 [main] INFO  org.testng.internal.Utils - [Utils] MethodGroupsHelper.collectMethodsByGroup() took 0 ms.
2026-05-29 11:14:21 [main] INFO  org.testng.internal.Utils - [Utils] MethodGroupsHelper.sortMethods() took 0 ms.
2026-05-29 11:14:21 [main] INFO  org.testng.internal.Utils - [Utils] MethodGroupsHelper.collectMethodsByGroup() took 0 ms.
2026-05-29 11:14:21 [main] INFO  org.testng.internal.Utils - [Utils] MethodGroupsHelper.sortMethods() took 0 ms.
2026-05-29 11:14:21 [main] INFO  org.testng.internal.Utils - [Utils] MethodGroupsHelper.collectMethodsByGroup() took 0 ms.
2026-05-29 11:14:21 [main] INFO  org.testng.internal.Utils - [Utils] MethodGroupsHelper.sortMethods() took 9 ms.
2026-05-29 11:14:21 [main] INFO  org.testng.internal.Utils - [Utils] MethodGroupsHelper.collectMethodsByGroup() took 0 ms.
2026-05-29 11:14:21 [main] INFO  org.testng.internal.Utils - [Utils] MethodGroupsHelper.sortMethods() took 1 ms.
2026-05-29 11:14:21 [main] INFO  org.testng.internal.Utils - [Utils] MethodGroupsHelper.collectMethodsByGroup() took 1 ms.
2026-05-29 11:14:21 [main] INFO  org.testng.internal.Utils - [Utils] MethodGroupsHelper.sortMethods() took 0 ms.
2026-05-29 11:14:21 [main] INFO  org.testng.internal.Utils - [Utils] MethodGroupsHelper.collectMethodsByGroup() took 0 ms.
2026-05-29 11:14:21 [main] INFO  org.testng.internal.Utils - [Utils] MethodGroupsHelper.sortMethods() took 0 ms.
2026-05-29 11:14:21 [main] INFO  org.testng.internal.Utils - [Utils] MethodGroupsHelper.collectMethodsByGroup() took 0 ms.
2026-05-29 11:14:21 [main] INFO  org.testng.internal.Utils - [Utils] MethodGroupsHelper.sortMethods() took 1 ms.
2026-05-29 11:14:21 [main] INFO  org.testng.internal.Utils - [Utils] MethodGroupsHelper.collectMethodsByGroup() took 0 ms.
2026-05-29 11:14:21 [main] INFO  org.testng.internal.Utils - [Utils] MethodGroupsHelper.sortMethods() took 0 ms.
2026-05-29 11:14:21 [main] INFO  org.testng.internal.Utils - [Utils] MethodGroupsHelper.collectMethodsByGroup() took 0 ms.
2026-05-29 11:14:21 [main] INFO  org.testng.internal.Utils - [Utils] MethodGroupsHelper.sortMethods() took 1 ms.
2026-05-29 11:14:21 [main] INFO  org.testng.internal.Utils - [TestNG] Running:
  C:\Users\STZ\AppData\Local\Temp\testng-eclipse-158777391\testng-customsuite.xml

2026-05-29 11:14:21 [main] INFO  com.swaglabtest.pages.BaseClass - Starting Test Suite setup...
2026-05-29 11:14:22 [main] INFO  com.swaglabtest.pages.BaseClass - ExcelDataProvider initialized
2026-05-29 11:14:22 [main] INFO  com.swaglabtest.pages.BaseClass - ConfigProvider initialized
2026-05-29 11:14:22 [main] INFO  com.swaglabtest.pages.BaseClass - Extent Reports XML configuration loaded
2026-05-29 11:14:22 [main] INFO  com.swaglabtest.pages.BaseClass - Extent Report initialized at: C:\Users\STZ\EclipsWorkspace\NewSwagLab_Project/Reports/AutomationReport.html
2026-05-29 11:14:22 [main] INFO  org.testng.internal.Utils - [Utils] DynamicGraphHelper.createDynamicGraph() took 3 ms.
2026-05-29 11:14:22 [main] INFO  com.swaglabtest.pages.BaseClass - Initializing browser...
2026-05-29 11:14:22 [main] INFO  com.swaglabtest.pages.BaseClass - Browser selected: chrome
2026-05-29 11:14:24 [main] INFO  io.github.bonigarcia.wdm.WebDriverManager - Using chromedriver 148.0.7778.178 (resolved driver for Chrome 148)
2026-05-29 11:14:24 [main] INFO  io.github.bonigarcia.wdm.online.Downloader - Downloading https://storage.googleapis.com/chrome-for-testing-public/148.0.7778.178/win64/chromedriver-win64.zip
2026-05-29 11:14:27 [main] INFO  io.github.bonigarcia.wdm.online.Downloader - Extracting driver from compressed file chromedriver-win64.zip
2026-05-29 11:14:27 [main] INFO  io.github.bonigarcia.wdm.WebDriverManager - Exporting webdriver.chrome.driver as C:\Users\STZ\.cache\selenium\chromedriver\win64\148.0.7778.178\chromedriver.exe
2026-05-29 11:14:30 [main] INFO  com.swaglabtest.pages.BaseClass - Browser initialized successfully: chrome
2026-05-29 11:14:30 [main] INFO  com.swaglabtest.pages.BaseClass - Test started: brokenLinkTestLoginPage
2026-05-29 11:14:31 [main] INFO  com.swaglabtest.pages.BaseClass - Test Passed: brokenLinkTestLoginPage
2026-05-29 11:14:31 [main] INFO  com.swaglabtest.pages.BaseClass - Test started: brokenLinkTestPurchasePage
2026-05-29 11:14:32 [main] INFO  com.swaglabtest.pages.BaseClass - Test Passed: brokenLinkTestPurchasePage
2026-05-29 11:14:33 [main] INFO  com.swaglabtest.pages.BaseClass - Browser closed for class
2026-05-29 11:14:33 [main] INFO  com.swaglabtest.pages.BaseClass - Extent Report flushed
2026-05-29 11:14:33 [main] INFO  org.testng.internal.Utils - [TestNG] Time taken by org.testng.reporters.jq.Main@2e4ecdf8: 77 ms
2026-05-29 11:14:33 [main] INFO  org.testng.internal.Utils - [TestNG] Time taken by org.testng.reporters.FailedReporter@503a7990: 0 ms
2026-05-29 11:14:33 [main] INFO  org.testng.internal.Utils - [TestNG] Time taken by org.testng.reporters.XMLReporter@64c95480: 12 ms
2026-05-29 11:14:33 [main] INFO  org.testng.internal.Utils - [TestNG] Time taken by org.testng.reporters.EmailableReporter2@2f9addd4: 8 ms
2026-05-29 11:14:33 [main] INFO  org.testng.internal.Utils - [TestNG] Time taken by org.testng.reporters.JUnitReportReporter@7856f41a: 6 ms
2026-05-29 11:14:33 [main] INFO  org.testng.internal.Utils - [TestNG] Time taken by org.testng.internal.ExitCodeListener@5fbae40: 0 ms
2026-05-29 11:24:38 [main] INFO  com.swaglabtest.pages.BaseClass - Starting Test Suite setup...
2026-05-29 11:24:39 [main] INFO  com.swaglabtest.pages.BaseClass - ExcelDataProvider initialized
2026-05-29 11:24:39 [main] INFO  com.swaglabtest.pages.BaseClass - ConfigProvider initialized
2026-05-29 11:24:39 [main] INFO  com.swaglabtest.pages.BaseClass - Extent Reports XML configuration loaded
2026-05-29 11:24:39 [main] INFO  com.swaglabtest.pages.BaseClass - Extent Report initialized at: C:\Users\STZ\EclipsWorkspace\NewSwagLab_Project/Reports/AutomationReport.html
2026-05-29 11:24:39 [main] INFO  com.swaglabtest.pages.BaseClass - Initializing browser...
2026-05-29 11:24:39 [main] INFO  com.swaglabtest.pages.BaseClass - Browser selected: chrome
2026-05-29 11:24:42 [main] INFO  io.github.bonigarcia.wdm.WebDriverManager - Using chromedriver 148.0.7778.178 (resolved driver for Chrome 148)
2026-05-29 11:24:42 [main] INFO  io.github.bonigarcia.wdm.online.Downloader - Downloading https://storage.googleapis.com/chrome-for-testing-public/148.0.7778.178/win64/chromedriver-win64.zip
2026-05-29 11:24:46 [main] INFO  io.github.bonigarcia.wdm.online.Downloader - Extracting driver from compressed file chromedriver-win64.zip
2026-05-29 11:24:46 [main] INFO  io.github.bonigarcia.wdm.WebDriverManager - Exporting webdriver.chrome.driver as C:\Users\STZ\.cache\selenium\chromedriver\win64\148.0.7778.178\chromedriver.exe
2026-05-29 11:24:49 [main] INFO  com.swaglabtest.pages.BaseClass - Browser initialized successfully: chrome
2026-05-29 11:24:49 [main] INFO  com.swaglabtest.pages.BaseClass - Test started: brokenLinkTestLoginPage
2026-05-29 11:24:51 [main] INFO  com.swaglabtest.pages.BaseClass - Test Passed: brokenLinkTestLoginPage
2026-05-29 11:24:51 [main] INFO  com.swaglabtest.pages.BaseClass - Test started: brokenLinkTestPurchasePage
2026-05-29 11:24:52 [main] INFO  com.swaglabtest.pages.BaseClass - Test Passed: brokenLinkTestPurchasePage
2026-05-29 11:24:52 [main] INFO  com.swaglabtest.pages.BaseClass - Browser closed for class
2026-05-29 11:24:52 [main] INFO  com.swaglabtest.pages.BaseClass - Initializing browser...
2026-05-29 11:24:52 [main] INFO  com.swaglabtest.pages.BaseClass - Browser selected: chrome
2026-05-29 11:24:53 [main] INFO  io.github.bonigarcia.wdm.WebDriverManager - Using chromedriver 148.0.7778.178 (resolved driver for Chrome 148)
2026-05-29 11:24:53 [main] INFO  io.github.bonigarcia.wdm.online.Downloader - Downloading https://storage.googleapis.com/chrome-for-testing-public/148.0.7778.178/win64/chromedriver-win64.zip
2026-05-29 11:24:57 [main] INFO  io.github.bonigarcia.wdm.online.Downloader - Extracting driver from compressed file chromedriver-win64.zip
2026-05-29 11:24:57 [main] INFO  io.github.bonigarcia.wdm.WebDriverManager - Exporting webdriver.chrome.driver as C:\Users\STZ\.cache\selenium\chromedriver\win64\148.0.7778.178\chromedriver.exe
2026-05-29 11:24:59 [main] INFO  com.swaglabtest.pages.BaseClass - Browser initialized successfully: chrome
2026-05-29 11:24:59 [main] INFO  com.swaglabtest.pages.BaseClass - Test started: UserLogingWithCredentials
2026-05-29 11:24:59 [main] INFO  com.swaglabtest.pages.BaseClass - Test Passed: UserLogingWithCredentials
2026-05-29 11:24:59 [main] INFO  com.swaglabtest.pages.BaseClass - Browser closed for class
2026-05-29 11:24:59 [main] INFO  com.swaglabtest.pages.BaseClass - Initializing browser...
2026-05-29 11:24:59 [main] INFO  com.swaglabtest.pages.BaseClass - Browser selected: chrome
2026-05-29 11:25:00 [main] INFO  io.github.bonigarcia.wdm.WebDriverManager - Using chromedriver 148.0.7778.178 (resolved driver for Chrome 148)
2026-05-29 11:25:00 [main] INFO  io.github.bonigarcia.wdm.online.Downloader - Downloading https://storage.googleapis.com/chrome-for-testing-public/148.0.7778.178/win64/chromedriver-win64.zip
2026-05-29 11:25:05 [main] INFO  io.github.bonigarcia.wdm.online.Downloader - Extracting driver from compressed file chromedriver-win64.zip
2026-05-29 11:25:05 [main] INFO  io.github.bonigarcia.wdm.WebDriverManager - Exporting webdriver.chrome.driver as C:\Users\STZ\.cache\selenium\chromedriver\win64\148.0.7778.178\chromedriver.exe
2026-05-29 11:25:07 [main] INFO  com.swaglabtest.pages.BaseClass - Browser initialized successfully: chrome
2026-05-29 11:25:07 [main] INFO  com.swaglabtest.pages.BaseClass - Test started: newPurchasing
2026-05-29 11:25:40 [main] INFO  com.swaglabtest.pages.BaseClass - Test Passed: newPurchasing
2026-05-29 11:25:40 [main] INFO  com.swaglabtest.pages.BaseClass - Test started: sortOrderAscending
2026-05-29 11:25:41 [main] INFO  com.swaglabtest.pages.BaseClass - Test Passed: sortOrderAscending
2026-05-29 11:25:41 [main] INFO  com.swaglabtest.pages.BaseClass - Test started: sortOrderDescending
2026-05-29 11:25:41 [main] INFO  com.swaglabtest.pages.BaseClass - Test Passed: sortOrderDescending
2026-05-29 11:25:41 [main] INFO  com.swaglabtest.pages.BaseClass - Test started: lowerToHighPriceListDown
2026-05-29 11:25:41 [main] INFO  com.swaglabtest.pages.BaseClass - Test Passed: lowerToHighPriceListDown
2026-05-29 11:25:41 [main] INFO  com.swaglabtest.pages.BaseClass - Test started: highToLowerPriceListDown
2026-05-29 11:25:42 [main] INFO  com.swaglabtest.pages.BaseClass - Test Passed: highToLowerPriceListDown
2026-05-29 11:25:42 [main] INFO  com.swaglabtest.pages.BaseClass - Browser closed for class
2026-05-29 11:25:42 [main] INFO  com.swaglabtest.pages.BaseClass - Extent Report flushed
2026-05-29 11:33:21 [main] INFO  org.testng.internal.Utils - [Utils] MethodGroupsHelper.collectMethodsByGroup() took 6 ms.
2026-05-29 11:33:21 [main] INFO  org.testng.internal.Utils - [Utils] MethodGroupsHelper.sortMethods() took 10 ms.
2026-05-29 11:33:21 [main] INFO  org.testng.internal.Utils - [Utils] MethodGroupsHelper.collectMethodsByGroup() took 0 ms.
2026-05-29 11:33:21 [main] INFO  org.testng.internal.Utils - [Utils] MethodGroupsHelper.sortMethods() took 1 ms.
2026-05-29 11:33:21 [main] INFO  org.testng.internal.Utils - [Utils] MethodGroupsHelper.collectMethodsByGroup() took 0 ms.
2026-05-29 11:33:21 [main] INFO  org.testng.internal.Utils - [Utils] MethodGroupsHelper.sortMethods() took 0 ms.
2026-05-29 11:33:21 [main] INFO  org.testng.internal.Utils - [Utils] MethodGroupsHelper.collectMethodsByGroup() took 0 ms.
2026-05-29 11:33:21 [main] INFO  org.testng.internal.Utils - [Utils] MethodGroupsHelper.sortMethods() took 0 ms.
2026-05-29 11:33:21 [main] INFO  org.testng.internal.Utils - [Utils] MethodGroupsHelper.collectMethodsByGroup() took 1 ms.
2026-05-29 11:33:21 [main] INFO  org.testng.internal.Utils - [Utils] MethodGroupsHelper.sortMethods() took 0 ms.
2026-05-29 11:33:21 [main] INFO  org.testng.internal.Utils - [Utils] MethodGroupsHelper.collectMethodsByGroup() took 0 ms.
2026-05-29 11:33:21 [main] INFO  org.testng.internal.Utils - [Utils] MethodGroupsHelper.sortMethods() took 0 ms.
2026-05-29 11:33:21 [main] INFO  org.testng.internal.Utils - [Utils] MethodGroupsHelper.collectMethodsByGroup() took 0 ms.
2026-05-29 11:33:21 [main] INFO  org.testng.internal.Utils - [Utils] MethodGroupsHelper.sortMethods() took 0 ms.
2026-05-29 11:33:21 [main] INFO  org.testng.internal.Utils - [Utils] MethodGroupsHelper.collectMethodsByGroup() took 0 ms.
2026-05-29 11:33:21 [main] INFO  org.testng.internal.Utils - [Utils] MethodGroupsHelper.sortMethods() took 0 ms.
2026-05-29 11:33:21 [main] INFO  org.testng.internal.Utils - [Utils] MethodGroupsHelper.collectMethodsByGroup() took 1 ms.
2026-05-29 11:33:21 [main] INFO  org.testng.internal.Utils - [Utils] MethodGroupsHelper.sortMethods() took 9 ms.
2026-05-29 11:33:21 [main] INFO  org.testng.internal.Utils - [Utils] MethodGroupsHelper.collectMethodsByGroup() took 0 ms.
2026-05-29 11:33:21 [main] INFO  org.testng.internal.Utils - [Utils] MethodGroupsHelper.sortMethods() took 0 ms.
2026-05-29 11:33:21 [main] INFO  org.testng.internal.Utils - [Utils] MethodGroupsHelper.collectMethodsByGroup() took 1 ms.
2026-05-29 11:33:21 [main] INFO  org.testng.internal.Utils - [Utils] MethodGroupsHelper.sortMethods() took 0 ms.
2026-05-29 11:33:21 [main] INFO  org.testng.internal.Utils - [Utils] MethodGroupsHelper.collectMethodsByGroup() took 0 ms.
2026-05-29 11:33:21 [main] INFO  org.testng.internal.Utils - [Utils] MethodGroupsHelper.sortMethods() took 0 ms.
2026-05-29 11:33:21 [main] INFO  org.testng.internal.Utils - [Utils] MethodGroupsHelper.collectMethodsByGroup() took 0 ms.
2026-05-29 11:33:21 [main] INFO  org.testng.internal.Utils - [Utils] MethodGroupsHelper.sortMethods() took 0 ms.
2026-05-29 11:33:21 [main] INFO  org.testng.internal.Utils - [Utils] MethodGroupsHelper.collectMethodsByGroup() took 0 ms.
2026-05-29 11:33:21 [main] INFO  org.testng.internal.Utils - [Utils] MethodGroupsHelper.sortMethods() took 0 ms.
2026-05-29 11:33:21 [main] INFO  org.testng.internal.Utils - [Utils] MethodGroupsHelper.collectMethodsByGroup() took 0 ms.
2026-05-29 11:33:21 [main] INFO  org.testng.internal.Utils - [Utils] MethodGroupsHelper.sortMethods() took 0 ms.
2026-05-29 11:33:21 [main] INFO  org.testng.internal.Utils - [TestNG] Running:
  C:\Users\STZ\AppData\Local\Temp\testng-eclipse--541862392\testng-customsuite.xml

2026-05-29 11:33:21 [main] INFO  com.swaglabtest.pages.BaseClass - Starting Test Suite setup...
2026-05-29 11:33:22 [main] INFO  com.swaglabtest.pages.BaseClass - ExcelDataProvider initialized
2026-05-29 11:33:22 [main] INFO  com.swaglabtest.pages.BaseClass - ConfigProvider initialized
2026-05-29 11:33:22 [main] INFO  com.swaglabtest.pages.BaseClass - Extent Reports XML configuration loaded
2026-05-29 11:33:22 [main] INFO  com.swaglabtest.pages.BaseClass - Extent Report initialized at: C:\Users\STZ\EclipsWorkspace\NewSwagLab_Project/Reports/AutomationReport.html
2026-05-29 11:33:22 [main] INFO  org.testng.internal.Utils - [Utils] DynamicGraphHelper.createDynamicGraph() took 4 ms.
2026-05-29 11:33:22 [main] INFO  com.swaglabtest.pages.BaseClass - Initializing browser...
2026-05-29 11:33:22 [main] INFO  com.swaglabtest.pages.BaseClass - Browser selected: chrome
2026-05-29 11:33:24 [main] INFO  io.github.bonigarcia.wdm.WebDriverManager - Using chromedriver 148.0.7778.178 (resolved driver for Chrome 148)
2026-05-29 11:33:24 [main] INFO  io.github.bonigarcia.wdm.online.Downloader - Downloading https://storage.googleapis.com/chrome-for-testing-public/148.0.7778.178/win64/chromedriver-win64.zip
2026-05-29 11:33:29 [main] INFO  io.github.bonigarcia.wdm.online.Downloader - Extracting driver from compressed file chromedriver-win64.zip
2026-05-29 11:33:29 [main] INFO  io.github.bonigarcia.wdm.WebDriverManager - Exporting webdriver.chrome.driver as C:\Users\STZ\.cache\selenium\chromedriver\win64\148.0.7778.178\chromedriver.exe
2026-05-29 11:33:32 [main] INFO  com.swaglabtest.pages.BaseClass - Browser initialized successfully: chrome
2026-05-29 11:33:32 [main] INFO  com.swaglabtest.pages.BaseClass - Test started: brokenLinkTestLoginPage
2026-05-29 11:33:32 [main] ERROR com.swaglabtest.pages.BaseClass - Test Failed: brokenLinkTestLoginPage
java.lang.AssertionError: Broken URL https://www.saucedemo.com/icon/icon-192x192.png : 404
	at org.testng.Assert.fail(Assert.java:111) ~[testng-7.10.1.jar:7.10.1]
	at com.swaglabtest.testcases.BrokenLinkTest.brokenLinkTestLoginPage(BrokenLinkTest.java:52) ~[test-classes/:?]
	at java.base/jdk.internal.reflect.DirectMethodHandleAccessor.invoke(DirectMethodHandleAccessor.java:103) ~[?:?]
	at java.base/java.lang.reflect.Method.invoke(Method.java:580) ~[?:?]
	at org.testng.internal.invokers.MethodInvocationHelper.invokeMethod(MethodInvocationHelper.java:141) ~[testng-7.10.1.jar:7.10.1]
	at org.testng.internal.invokers.TestInvoker.invokeMethod(TestInvoker.java:686) ~[testng-7.10.1.jar:7.10.1]
	at org.testng.internal.invokers.TestInvoker.invokeTestMethod(TestInvoker.java:230) ~[testng-7.10.1.jar:7.10.1]
	at org.testng.internal.invokers.MethodRunner.runInSequence(MethodRunner.java:63) ~[testng-7.10.1.jar:7.10.1]
	at org.testng.internal.invokers.TestInvoker$MethodInvocationAgent.invoke(TestInvoker.java:992) ~[testng-7.10.1.jar:7.10.1]
	at org.testng.internal.invokers.TestInvoker.invokeTestMethods(TestInvoker.java:203) ~[testng-7.10.1.jar:7.10.1]
	at org.testng.internal.invokers.TestMethodWorker.invokeTestMethods(TestMethodWorker.java:154) ~[testng-7.10.1.jar:7.10.1]
	at org.testng.internal.invokers.TestMethodWorker.run(TestMethodWorker.java:134) ~[testng-7.10.1.jar:7.10.1]
	at java.base/java.util.ArrayList.forEach(ArrayList.java:1596) [?:?]
	at org.testng.TestRunner.privateRun(TestRunner.java:739) [testng-7.10.1.jar:7.10.1]
	at org.testng.TestRunner.run(TestRunner.java:614) [testng-7.10.1.jar:7.10.1]
	at org.testng.SuiteRunner.runTest(SuiteRunner.java:421) [testng-7.10.1.jar:7.10.1]
	at org.testng.SuiteRunner.runSequentially(SuiteRunner.java:413) [testng-7.10.1.jar:7.10.1]
	at org.testng.SuiteRunner.privateRun(SuiteRunner.java:373) [testng-7.10.1.jar:7.10.1]
	at org.testng.SuiteRunner.run(SuiteRunner.java:312) [testng-7.10.1.jar:7.10.1]
	at org.testng.SuiteRunnerWorker.runSuite(SuiteRunnerWorker.java:52) [testng-7.10.1.jar:7.10.1]
	at org.testng.SuiteRunnerWorker.run(SuiteRunnerWorker.java:95) [testng-7.10.1.jar:7.10.1]
	at org.testng.TestNG.runSuitesSequentially(TestNG.java:1274) [testng-7.10.1.jar:7.10.1]
	at org.testng.TestNG.runSuitesLocally(TestNG.java:1208) [testng-7.10.1.jar:7.10.1]
	at org.testng.TestNG.runSuites(TestNG.java:1112) [testng-7.10.1.jar:7.10.1]
	at org.testng.TestNG.run(TestNG.java:1079) [testng-7.10.1.jar:7.10.1]
	at org.testng.remote.AbstractRemoteTestNG.run(AbstractRemoteTestNG.java:115) [testng-remote.jar:?]
	at org.testng.remote.RemoteTestNG.initAndRun(RemoteTestNG.java:293) [testng-remote.jar:?]
	at org.testng.remote.RemoteTestNG.main(RemoteTestNG.java:91) [testng-remote.jar:?]
2026-05-29 11:33:32 [main] INFO  com.swaglabtest.pages.BaseClass - Test started: brokenLinkTestPurchasePage
2026-05-29 11:33:33 [main] ERROR com.swaglabtest.pages.BaseClass - Test Failed: brokenLinkTestPurchasePage
java.lang.AssertionError: Broken URL https://www.saucedemo.com/icon/icon-192x192.png : 404
	at org.testng.Assert.fail(Assert.java:111) ~[testng-7.10.1.jar:7.10.1]
	at com.swaglabtest.testcases.BrokenLinkTest.brokenLinkTestPurchasePage(BrokenLinkTest.java:85) ~[test-classes/:?]
	at java.base/jdk.internal.reflect.DirectMethodHandleAccessor.invoke(DirectMethodHandleAccessor.java:103) ~[?:?]
	at java.base/java.lang.reflect.Method.invoke(Method.java:580) ~[?:?]
	at org.testng.internal.invokers.MethodInvocationHelper.invokeMethod(MethodInvocationHelper.java:141) ~[testng-7.10.1.jar:7.10.1]
	at org.testng.internal.invokers.TestInvoker.invokeMethod(TestInvoker.java:686) ~[testng-7.10.1.jar:7.10.1]
	at org.testng.internal.invokers.TestInvoker.invokeTestMethod(TestInvoker.java:230) ~[testng-7.10.1.jar:7.10.1]
	at org.testng.internal.invokers.MethodRunner.runInSequence(MethodRunner.java:63) ~[testng-7.10.1.jar:7.10.1]
	at org.testng.internal.invokers.TestInvoker$MethodInvocationAgent.invoke(TestInvoker.java:992) ~[testng-7.10.1.jar:7.10.1]
	at org.testng.internal.invokers.TestInvoker.invokeTestMethods(TestInvoker.java:203) ~[testng-7.10.1.jar:7.10.1]
	at org.testng.internal.invokers.TestMethodWorker.invokeTestMethods(TestMethodWorker.java:154) ~[testng-7.10.1.jar:7.10.1]
	at org.testng.internal.invokers.TestMethodWorker.run(TestMethodWorker.java:134) ~[testng-7.10.1.jar:7.10.1]
	at java.base/java.util.ArrayList.forEach(ArrayList.java:1596) [?:?]
	at org.testng.TestRunner.privateRun(TestRunner.java:739) [testng-7.10.1.jar:7.10.1]
	at org.testng.TestRunner.run(TestRunner.java:614) [testng-7.10.1.jar:7.10.1]
	at org.testng.SuiteRunner.runTest(SuiteRunner.java:421) [testng-7.10.1.jar:7.10.1]
	at org.testng.SuiteRunner.runSequentially(SuiteRunner.java:413) [testng-7.10.1.jar:7.10.1]
	at org.testng.SuiteRunner.privateRun(SuiteRunner.java:373) [testng-7.10.1.jar:7.10.1]
	at org.testng.SuiteRunner.run(SuiteRunner.java:312) [testng-7.10.1.jar:7.10.1]
	at org.testng.SuiteRunnerWorker.runSuite(SuiteRunnerWorker.java:52) [testng-7.10.1.jar:7.10.1]
	at org.testng.SuiteRunnerWorker.run(SuiteRunnerWorker.java:95) [testng-7.10.1.jar:7.10.1]
	at org.testng.TestNG.runSuitesSequentially(TestNG.java:1274) [testng-7.10.1.jar:7.10.1]
	at org.testng.TestNG.runSuitesLocally(TestNG.java:1208) [testng-7.10.1.jar:7.10.1]
	at org.testng.TestNG.runSuites(TestNG.java:1112) [testng-7.10.1.jar:7.10.1]
	at org.testng.TestNG.run(TestNG.java:1079) [testng-7.10.1.jar:7.10.1]
	at org.testng.remote.AbstractRemoteTestNG.run(AbstractRemoteTestNG.java:115) [testng-remote.jar:?]
	at org.testng.remote.RemoteTestNG.initAndRun(RemoteTestNG.java:293) [testng-remote.jar:?]
	at org.testng.remote.RemoteTestNG.main(RemoteTestNG.java:91) [testng-remote.jar:?]
2026-05-29 11:33:33 [main] INFO  com.swaglabtest.pages.BaseClass - Browser closed for class
2026-05-29 11:33:34 [main] INFO  com.swaglabtest.pages.BaseClass - Extent Report flushed
2026-05-29 11:33:34 [main] INFO  org.testng.internal.Utils - [TestNG] Time taken by org.testng.reporters.jq.Main@7f5e6833: 75 ms
2026-05-29 11:33:34 [main] INFO  org.testng.internal.Utils - [TestNG] Time taken by org.testng.reporters.FailedReporter@12448de1: 17 ms
2026-05-29 11:33:34 [main] INFO  org.testng.internal.Utils - [TestNG] Time taken by org.testng.reporters.XMLReporter@2c7ad4f3: 21 ms
2026-05-29 11:33:34 [main] INFO  org.testng.internal.Utils - [TestNG] Time taken by org.testng.reporters.EmailableReporter2@7c421952: 10 ms
2026-05-29 11:33:34 [main] INFO  org.testng.internal.Utils - [TestNG] Time taken by org.testng.reporters.JUnitReportReporter@6eaa6b0c: 8 ms
2026-05-29 11:33:34 [main] INFO  org.testng.internal.Utils - [TestNG] Time taken by org.testng.internal.ExitCodeListener@4afcae7: 0 ms
2026-05-29 11:43:12 [main] WARN  org.testng.TestNG - Ignoring duplicate listener : io.qameta.allure.testng.AllureTestNg
2026-05-29 11:43:12 [main] WARN  org.testng.TestNG - Ignoring duplicate listener : io.qameta.allure.testng.AllureTestNg
2026-05-29 11:43:12 [main] WARN  org.testng.TestNG - Ignoring duplicate listener : io.qameta.allure.testng.AllureTestNg
2026-05-29 11:43:12 [main] INFO  org.testng.internal.Utils - [TestNG] Running:
  C:\Users\STZ\EclipsWorkspace\NewSwagLab_Project\XMLFiles\testng.xml

2026-05-29 11:43:12 [main] INFO  com.swaglabtest.pages.BaseClass - Starting Test Suite setup...
2026-05-29 11:43:13 [main] INFO  com.swaglabtest.pages.BaseClass - ExcelDataProvider initialized
2026-05-29 11:43:13 [main] INFO  com.swaglabtest.pages.BaseClass - ConfigProvider initialized
2026-05-29 11:43:13 [main] INFO  com.swaglabtest.pages.BaseClass - Extent Reports XML configuration loaded
2026-05-29 11:43:13 [main] INFO  com.swaglabtest.pages.BaseClass - Extent Report initialized at: C:\Users\STZ\EclipsWorkspace\NewSwagLab_Project/Reports/AutomationReport.html
2026-05-29 11:43:13 [main] INFO  com.swaglabtest.pages.BaseClass - Initializing browser...
2026-05-29 11:43:13 [main] INFO  com.swaglabtest.pages.BaseClass - Browser selected: chrome
2026-05-29 11:43:14 [main] INFO  io.github.bonigarcia.wdm.WebDriverManager - Using chromedriver 148.0.7778.178 (resolved driver for Chrome 148)
2026-05-29 11:43:15 [main] INFO  io.github.bonigarcia.wdm.online.Downloader - Downloading https://storage.googleapis.com/chrome-for-testing-public/148.0.7778.178/win64/chromedriver-win64.zip
2026-05-29 11:43:20 [main] INFO  io.github.bonigarcia.wdm.online.Downloader - Extracting driver from compressed file chromedriver-win64.zip
2026-05-29 11:43:20 [main] INFO  io.github.bonigarcia.wdm.WebDriverManager - Exporting webdriver.chrome.driver as C:\Users\STZ\.cache\selenium\chromedriver\win64\148.0.7778.178\chromedriver.exe
2026-05-29 11:43:22 [main] INFO  com.swaglabtest.pages.BaseClass - Browser initialized successfully: chrome
2026-05-29 11:43:23 [main] INFO  com.swaglabtest.pages.BaseClass - Test started: UserLogingWithCredentials
2026-05-29 11:43:23 [main] INFO  com.swaglabtest.pages.BaseClass - Test Passed: UserLogingWithCredentials
2026-05-29 11:43:23 [main] INFO  com.swaglabtest.pages.BaseClass - Browser closed for class
2026-05-29 11:43:23 [main] INFO  com.swaglabtest.pages.BaseClass - Initializing browser...
2026-05-29 11:43:23 [main] INFO  com.swaglabtest.pages.BaseClass - Browser selected: chrome
2026-05-29 11:43:24 [main] INFO  io.github.bonigarcia.wdm.WebDriverManager - Using chromedriver 148.0.7778.178 (resolved driver for Chrome 148)
2026-05-29 11:43:24 [main] INFO  io.github.bonigarcia.wdm.online.Downloader - Downloading https://storage.googleapis.com/chrome-for-testing-public/148.0.7778.178/win64/chromedriver-win64.zip
2026-05-29 11:43:29 [main] INFO  io.github.bonigarcia.wdm.online.Downloader - Extracting driver from compressed file chromedriver-win64.zip
2026-05-29 11:43:29 [main] INFO  io.github.bonigarcia.wdm.WebDriverManager - Exporting webdriver.chrome.driver as C:\Users\STZ\.cache\selenium\chromedriver\win64\148.0.7778.178\chromedriver.exe
2026-05-29 11:43:31 [main] INFO  com.swaglabtest.pages.BaseClass - Browser initialized successfully: chrome
2026-05-29 11:43:31 [main] INFO  com.swaglabtest.pages.BaseClass - Test started: newPurchasing
2026-05-29 11:44:04 [main] INFO  com.swaglabtest.pages.BaseClass - Test Passed: newPurchasing
2026-05-29 11:44:04 [main] INFO  com.swaglabtest.pages.BaseClass - Test started: sortOrderAscending
2026-05-29 11:44:04 [main] INFO  com.swaglabtest.pages.BaseClass - Test Passed: sortOrderAscending
2026-05-29 11:44:04 [main] INFO  com.swaglabtest.pages.BaseClass - Test started: sortOrderDescending
2026-05-29 11:44:05 [main] INFO  com.swaglabtest.pages.BaseClass - Test Passed: sortOrderDescending
2026-05-29 11:44:05 [main] INFO  com.swaglabtest.pages.BaseClass - Test started: lowerToHighPriceListDown
2026-05-29 11:44:05 [main] INFO  com.swaglabtest.pages.BaseClass - Test Passed: lowerToHighPriceListDown
2026-05-29 11:44:05 [main] INFO  com.swaglabtest.pages.BaseClass - Test started: highToLowerPriceListDown
2026-05-29 11:44:05 [main] INFO  com.swaglabtest.pages.BaseClass - Test Passed: highToLowerPriceListDown
2026-05-29 11:44:05 [main] INFO  com.swaglabtest.pages.BaseClass - Browser closed for class
2026-05-29 11:44:05 [main] INFO  com.swaglabtest.pages.BaseClass - Initializing browser...
2026-05-29 11:44:05 [main] INFO  com.swaglabtest.pages.BaseClass - Browser selected: chrome
2026-05-29 11:44:07 [main] INFO  io.github.bonigarcia.wdm.WebDriverManager - Using chromedriver 148.0.7778.178 (resolved driver for Chrome 148)
2026-05-29 11:44:07 [main] INFO  io.github.bonigarcia.wdm.online.Downloader - Downloading https://storage.googleapis.com/chrome-for-testing-public/148.0.7778.178/win64/chromedriver-win64.zip
2026-05-29 11:44:15 [main] INFO  io.github.bonigarcia.wdm.online.Downloader - Extracting driver from compressed file chromedriver-win64.zip
2026-05-29 11:44:15 [main] INFO  io.github.bonigarcia.wdm.WebDriverManager - Exporting webdriver.chrome.driver as C:\Users\STZ\.cache\selenium\chromedriver\win64\148.0.7778.178\chromedriver.exe
2026-05-29 11:44:17 [main] INFO  com.swaglabtest.pages.BaseClass - Browser initialized successfully: chrome
2026-05-29 11:44:17 [main] INFO  com.swaglabtest.pages.BaseClass - Test started: brokenLinkTestLoginPage
2026-05-29 11:44:18 [main] ERROR com.swaglabtest.pages.BaseClass - Test Failed: brokenLinkTestLoginPage
java.lang.AssertionError: Broken URL https://www.saucedemo.com/icon/icon-192x192.png : 404
	at org.testng.Assert.fail(Assert.java:111) ~[testng-7.10.1.jar:7.10.1]
	at com.swaglabtest.testcases.BrokenLinkTest.brokenLinkTestLoginPage(BrokenLinkTest.java:52) ~[test-classes/:?]
	at java.base/jdk.internal.reflect.DirectMethodHandleAccessor.invoke(DirectMethodHandleAccessor.java:103) ~[?:?]
	at java.base/java.lang.reflect.Method.invoke(Method.java:580) ~[?:?]
	at org.testng.internal.invokers.MethodInvocationHelper.invokeMethod(MethodInvocationHelper.java:141) ~[testng-7.10.1.jar:7.10.1]
	at org.testng.internal.invokers.TestInvoker.invokeMethod(TestInvoker.java:686) ~[testng-7.10.1.jar:7.10.1]
	at org.testng.internal.invokers.TestInvoker.invokeTestMethod(TestInvoker.java:230) ~[testng-7.10.1.jar:7.10.1]
	at org.testng.internal.invokers.MethodRunner.runInSequence(MethodRunner.java:63) ~[testng-7.10.1.jar:7.10.1]
	at org.testng.internal.invokers.TestInvoker$MethodInvocationAgent.invoke(TestInvoker.java:992) ~[testng-7.10.1.jar:7.10.1]
	at org.testng.internal.invokers.TestInvoker.invokeTestMethods(TestInvoker.java:203) ~[testng-7.10.1.jar:7.10.1]
	at org.testng.internal.invokers.TestMethodWorker.invokeTestMethods(TestMethodWorker.java:154) ~[testng-7.10.1.jar:7.10.1]
	at org.testng.internal.invokers.TestMethodWorker.run(TestMethodWorker.java:134) ~[testng-7.10.1.jar:7.10.1]
	at java.base/java.util.ArrayList.forEach(ArrayList.java:1596) [?:?]
	at org.testng.TestRunner.privateRun(TestRunner.java:739) [testng-7.10.1.jar:7.10.1]
	at org.testng.TestRunner.run(TestRunner.java:614) [testng-7.10.1.jar:7.10.1]
	at org.testng.SuiteRunner.runTest(SuiteRunner.java:421) [testng-7.10.1.jar:7.10.1]
	at org.testng.SuiteRunner.runSequentially(SuiteRunner.java:413) [testng-7.10.1.jar:7.10.1]
	at org.testng.SuiteRunner.privateRun(SuiteRunner.java:373) [testng-7.10.1.jar:7.10.1]
	at org.testng.SuiteRunner.run(SuiteRunner.java:312) [testng-7.10.1.jar:7.10.1]
	at org.testng.SuiteRunnerWorker.runSuite(SuiteRunnerWorker.java:52) [testng-7.10.1.jar:7.10.1]
	at org.testng.SuiteRunnerWorker.run(SuiteRunnerWorker.java:95) [testng-7.10.1.jar:7.10.1]
	at org.testng.TestNG.runSuitesSequentially(TestNG.java:1274) [testng-7.10.1.jar:7.10.1]
	at org.testng.TestNG.runSuitesLocally(TestNG.java:1208) [testng-7.10.1.jar:7.10.1]
	at org.testng.TestNG.runSuites(TestNG.java:1112) [testng-7.10.1.jar:7.10.1]
	at org.testng.TestNG.run(TestNG.java:1079) [testng-7.10.1.jar:7.10.1]
	at org.testng.remote.AbstractRemoteTestNG.run(AbstractRemoteTestNG.java:115) [testng-remote.jar:?]
	at org.testng.remote.RemoteTestNG.initAndRun(RemoteTestNG.java:293) [testng-remote.jar:?]
	at org.testng.remote.RemoteTestNG.main(RemoteTestNG.java:91) [testng-remote.jar:?]
2026-05-29 11:44:18 [main] INFO  com.swaglabtest.pages.BaseClass - Test started: brokenLinkTestPurchasePage
2026-05-29 11:44:19 [main] ERROR com.swaglabtest.pages.BaseClass - Test Failed: brokenLinkTestPurchasePage
java.lang.AssertionError: Broken URL https://www.saucedemo.com/icon/icon-192x192.png : 404
	at org.testng.Assert.fail(Assert.java:111) ~[testng-7.10.1.jar:7.10.1]
	at com.swaglabtest.testcases.BrokenLinkTest.brokenLinkTestPurchasePage(BrokenLinkTest.java:85) ~[test-classes/:?]
	at java.base/jdk.internal.reflect.DirectMethodHandleAccessor.invoke(DirectMethodHandleAccessor.java:103) ~[?:?]
	at java.base/java.lang.reflect.Method.invoke(Method.java:580) ~[?:?]
	at org.testng.internal.invokers.MethodInvocationHelper.invokeMethod(MethodInvocationHelper.java:141) ~[testng-7.10.1.jar:7.10.1]
	at org.testng.internal.invokers.TestInvoker.invokeMethod(TestInvoker.java:686) ~[testng-7.10.1.jar:7.10.1]
	at org.testng.internal.invokers.TestInvoker.invokeTestMethod(TestInvoker.java:230) ~[testng-7.10.1.jar:7.10.1]
	at org.testng.internal.invokers.MethodRunner.runInSequence(MethodRunner.java:63) ~[testng-7.10.1.jar:7.10.1]
	at org.testng.internal.invokers.TestInvoker$MethodInvocationAgent.invoke(TestInvoker.java:992) ~[testng-7.10.1.jar:7.10.1]
	at org.testng.internal.invokers.TestInvoker.invokeTestMethods(TestInvoker.java:203) ~[testng-7.10.1.jar:7.10.1]
	at org.testng.internal.invokers.TestMethodWorker.invokeTestMethods(TestMethodWorker.java:154) ~[testng-7.10.1.jar:7.10.1]
	at org.testng.internal.invokers.TestMethodWorker.run(TestMethodWorker.java:134) ~[testng-7.10.1.jar:7.10.1]
	at java.base/java.util.ArrayList.forEach(ArrayList.java:1596) [?:?]
	at org.testng.TestRunner.privateRun(TestRunner.java:739) [testng-7.10.1.jar:7.10.1]
	at org.testng.TestRunner.run(TestRunner.java:614) [testng-7.10.1.jar:7.10.1]
	at org.testng.SuiteRunner.runTest(SuiteRunner.java:421) [testng-7.10.1.jar:7.10.1]
	at org.testng.SuiteRunner.runSequentially(SuiteRunner.java:413) [testng-7.10.1.jar:7.10.1]
	at org.testng.SuiteRunner.privateRun(SuiteRunner.java:373) [testng-7.10.1.jar:7.10.1]
	at org.testng.SuiteRunner.run(SuiteRunner.java:312) [testng-7.10.1.jar:7.10.1]
	at org.testng.SuiteRunnerWorker.runSuite(SuiteRunnerWorker.java:52) [testng-7.10.1.jar:7.10.1]
	at org.testng.SuiteRunnerWorker.run(SuiteRunnerWorker.java:95) [testng-7.10.1.jar:7.10.1]
	at org.testng.TestNG.runSuitesSequentially(TestNG.java:1274) [testng-7.10.1.jar:7.10.1]
	at org.testng.TestNG.runSuitesLocally(TestNG.java:1208) [testng-7.10.1.jar:7.10.1]
	at org.testng.TestNG.runSuites(TestNG.java:1112) [testng-7.10.1.jar:7.10.1]
	at org.testng.TestNG.run(TestNG.java:1079) [testng-7.10.1.jar:7.10.1]
	at org.testng.remote.AbstractRemoteTestNG.run(AbstractRemoteTestNG.java:115) [testng-remote.jar:?]
	at org.testng.remote.RemoteTestNG.initAndRun(RemoteTestNG.java:293) [testng-remote.jar:?]
	at org.testng.remote.RemoteTestNG.main(RemoteTestNG.java:91) [testng-remote.jar:?]
2026-05-29 11:44:19 [main] INFO  com.swaglabtest.pages.BaseClass - Browser closed for class
2026-05-29 11:44:19 [main] INFO  com.swaglabtest.pages.BaseClass - Initializing browser...
2026-05-29 11:44:19 [main] INFO  com.swaglabtest.pages.BaseClass - Browser selected: firefox
2026-05-29 11:44:20 [main] INFO  io.github.bonigarcia.wdm.WebDriverManager - Using geckodriver 0.36.0 (resolved driver for Firefox 150)
2026-05-29 11:44:20 [main] INFO  io.github.bonigarcia.wdm.WebDriverManager - Reading https://raw.githubusercontent.com/bonigarcia/webdrivermanager/master/docs/mirror/geckodriver to seek geckodriver
2026-05-29 11:44:20 [main] INFO  io.github.bonigarcia.wdm.online.Downloader - Downloading https://github.com/mozilla/geckodriver/releases/download/v0.36.0/geckodriver-v0.36.0-win64.zip
2026-05-29 11:44:22 [main] INFO  io.github.bonigarcia.wdm.online.Downloader - Extracting driver from compressed file geckodriver-v0.36.0-win64.zip
2026-05-29 11:44:22 [main] INFO  io.github.bonigarcia.wdm.WebDriverManager - Exporting webdriver.gecko.driver as C:\Users\STZ\.cache\selenium\geckodriver\win64\0.36.0\geckodriver.exe
2026-05-29 11:44:28 [main] INFO  com.swaglabtest.pages.BaseClass - Browser initialized successfully: firefox
2026-05-29 11:44:28 [main] INFO  com.swaglabtest.pages.BaseClass - Test started: UserLogingWithCredentials
2026-05-29 11:44:28 [main] INFO  com.swaglabtest.pages.BaseClass - Test Passed: UserLogingWithCredentials
2026-05-29 11:44:29 [main] INFO  com.swaglabtest.pages.BaseClass - Browser closed for class
2026-05-29 11:44:29 [main] INFO  com.swaglabtest.pages.BaseClass - Initializing browser...
2026-05-29 11:44:29 [main] INFO  com.swaglabtest.pages.BaseClass - Browser selected: firefox
2026-05-29 11:44:29 [main] INFO  io.github.bonigarcia.wdm.WebDriverManager - Using geckodriver 0.36.0 (resolved driver for Firefox 150)
2026-05-29 11:44:29 [main] INFO  io.github.bonigarcia.wdm.WebDriverManager - Exporting webdriver.gecko.driver as C:\Users\STZ\.cache\selenium\geckodriver\win64\0.36.0\geckodriver.exe
2026-05-29 11:44:33 [main] INFO  com.swaglabtest.pages.BaseClass - Browser initialized successfully: firefox
2026-05-29 11:44:33 [main] INFO  com.swaglabtest.pages.BaseClass - Test started: newPurchasing
2026-05-29 11:45:07 [main] INFO  com.swaglabtest.pages.BaseClass - Test Passed: newPurchasing
2026-05-29 11:45:07 [main] INFO  com.swaglabtest.pages.BaseClass - Test started: sortOrderAscending
2026-05-29 11:45:07 [main] INFO  com.swaglabtest.pages.BaseClass - Test Passed: sortOrderAscending
2026-05-29 11:45:07 [main] INFO  com.swaglabtest.pages.BaseClass - Test started: sortOrderDescending
2026-05-29 11:45:07 [main] INFO  com.swaglabtest.pages.BaseClass - Test Passed: sortOrderDescending
2026-05-29 11:45:07 [main] INFO  com.swaglabtest.pages.BaseClass - Test started: lowerToHighPriceListDown
2026-05-29 11:45:07 [main] INFO  com.swaglabtest.pages.BaseClass - Test Passed: lowerToHighPriceListDown
2026-05-29 11:45:07 [main] INFO  com.swaglabtest.pages.BaseClass - Test started: highToLowerPriceListDown
2026-05-29 11:45:07 [main] INFO  com.swaglabtest.pages.BaseClass - Test Passed: highToLowerPriceListDown
2026-05-29 11:45:08 [main] INFO  com.swaglabtest.pages.BaseClass - Browser closed for class
2026-05-29 11:45:08 [main] INFO  com.swaglabtest.pages.BaseClass - Initializing browser...
2026-05-29 11:45:08 [main] INFO  com.swaglabtest.pages.BaseClass - Browser selected: firefox
2026-05-29 11:45:08 [main] INFO  io.github.bonigarcia.wdm.WebDriverManager - Using geckodriver 0.36.0 (resolved driver for Firefox 150)
2026-05-29 11:45:08 [main] INFO  io.github.bonigarcia.wdm.WebDriverManager - Exporting webdriver.gecko.driver as C:\Users\STZ\.cache\selenium\geckodriver\win64\0.36.0\geckodriver.exe
2026-05-29 11:45:13 [main] INFO  com.swaglabtest.pages.BaseClass - Browser initialized successfully: firefox
2026-05-29 11:45:13 [main] INFO  com.swaglabtest.pages.BaseClass - Test started: brokenLinkTestLoginPage
2026-05-29 11:45:14 [main] ERROR com.swaglabtest.pages.BaseClass - Test Failed: brokenLinkTestLoginPage
java.lang.AssertionError: Broken URL https://www.saucedemo.com/icon/icon-192x192.png : 404
	at org.testng.Assert.fail(Assert.java:111) ~[testng-7.10.1.jar:7.10.1]
	at com.swaglabtest.testcases.BrokenLinkTest.brokenLinkTestLoginPage(BrokenLinkTest.java:52) ~[test-classes/:?]
	at java.base/jdk.internal.reflect.DirectMethodHandleAccessor.invoke(DirectMethodHandleAccessor.java:103) ~[?:?]
	at java.base/java.lang.reflect.Method.invoke(Method.java:580) ~[?:?]
	at org.testng.internal.invokers.MethodInvocationHelper.invokeMethod(MethodInvocationHelper.java:141) ~[testng-7.10.1.jar:7.10.1]
	at org.testng.internal.invokers.TestInvoker.invokeMethod(TestInvoker.java:686) ~[testng-7.10.1.jar:7.10.1]
	at org.testng.internal.invokers.TestInvoker.invokeTestMethod(TestInvoker.java:230) ~[testng-7.10.1.jar:7.10.1]
	at org.testng.internal.invokers.MethodRunner.runInSequence(MethodRunner.java:63) ~[testng-7.10.1.jar:7.10.1]
	at org.testng.internal.invokers.TestInvoker$MethodInvocationAgent.invoke(TestInvoker.java:992) ~[testng-7.10.1.jar:7.10.1]
	at org.testng.internal.invokers.TestInvoker.invokeTestMethods(TestInvoker.java:203) ~[testng-7.10.1.jar:7.10.1]
	at org.testng.internal.invokers.TestMethodWorker.invokeTestMethods(TestMethodWorker.java:154) ~[testng-7.10.1.jar:7.10.1]
	at org.testng.internal.invokers.TestMethodWorker.run(TestMethodWorker.java:134) ~[testng-7.10.1.jar:7.10.1]
	at java.base/java.util.ArrayList.forEach(ArrayList.java:1596) [?:?]
	at org.testng.TestRunner.privateRun(TestRunner.java:739) [testng-7.10.1.jar:7.10.1]
	at org.testng.TestRunner.run(TestRunner.java:614) [testng-7.10.1.jar:7.10.1]
	at org.testng.SuiteRunner.runTest(SuiteRunner.java:421) [testng-7.10.1.jar:7.10.1]
	at org.testng.SuiteRunner.runSequentially(SuiteRunner.java:413) [testng-7.10.1.jar:7.10.1]
	at org.testng.SuiteRunner.privateRun(SuiteRunner.java:373) [testng-7.10.1.jar:7.10.1]
	at org.testng.SuiteRunner.run(SuiteRunner.java:312) [testng-7.10.1.jar:7.10.1]
	at org.testng.SuiteRunnerWorker.runSuite(SuiteRunnerWorker.java:52) [testng-7.10.1.jar:7.10.1]
	at org.testng.SuiteRunnerWorker.run(SuiteRunnerWorker.java:95) [testng-7.10.1.jar:7.10.1]
	at org.testng.TestNG.runSuitesSequentially(TestNG.java:1274) [testng-7.10.1.jar:7.10.1]
	at org.testng.TestNG.runSuitesLocally(TestNG.java:1208) [testng-7.10.1.jar:7.10.1]
	at org.testng.TestNG.runSuites(TestNG.java:1112) [testng-7.10.1.jar:7.10.1]
	at org.testng.TestNG.run(TestNG.java:1079) [testng-7.10.1.jar:7.10.1]
	at org.testng.remote.AbstractRemoteTestNG.run(AbstractRemoteTestNG.java:115) [testng-remote.jar:?]
	at org.testng.remote.RemoteTestNG.initAndRun(RemoteTestNG.java:293) [testng-remote.jar:?]
	at org.testng.remote.RemoteTestNG.main(RemoteTestNG.java:91) [testng-remote.jar:?]
2026-05-29 11:45:14 [main] INFO  com.swaglabtest.pages.BaseClass - Test started: brokenLinkTestPurchasePage
2026-05-29 11:45:15 [main] ERROR com.swaglabtest.pages.BaseClass - Test Failed: brokenLinkTestPurchasePage
java.lang.AssertionError: Broken URL https://www.saucedemo.com/icon/icon-192x192.png : 404
	at org.testng.Assert.fail(Assert.java:111) ~[testng-7.10.1.jar:7.10.1]
	at com.swaglabtest.testcases.BrokenLinkTest.brokenLinkTestPurchasePage(BrokenLinkTest.java:85) ~[test-classes/:?]
	at java.base/jdk.internal.reflect.DirectMethodHandleAccessor.invoke(DirectMethodHandleAccessor.java:103) ~[?:?]
	at java.base/java.lang.reflect.Method.invoke(Method.java:580) ~[?:?]
	at org.testng.internal.invokers.MethodInvocationHelper.invokeMethod(MethodInvocationHelper.java:141) ~[testng-7.10.1.jar:7.10.1]
	at org.testng.internal.invokers.TestInvoker.invokeMethod(TestInvoker.java:686) ~[testng-7.10.1.jar:7.10.1]
	at org.testng.internal.invokers.TestInvoker.invokeTestMethod(TestInvoker.java:230) ~[testng-7.10.1.jar:7.10.1]
	at org.testng.internal.invokers.MethodRunner.runInSequence(MethodRunner.java:63) ~[testng-7.10.1.jar:7.10.1]
	at org.testng.internal.invokers.TestInvoker$MethodInvocationAgent.invoke(TestInvoker.java:992) ~[testng-7.10.1.jar:7.10.1]
	at org.testng.internal.invokers.TestInvoker.invokeTestMethods(TestInvoker.java:203) ~[testng-7.10.1.jar:7.10.1]
	at org.testng.internal.invokers.TestMethodWorker.invokeTestMethods(TestMethodWorker.java:154) ~[testng-7.10.1.jar:7.10.1]
	at org.testng.internal.invokers.TestMethodWorker.run(TestMethodWorker.java:134) ~[testng-7.10.1.jar:7.10.1]
	at java.base/java.util.ArrayList.forEach(ArrayList.java:1596) [?:?]
	at org.testng.TestRunner.privateRun(TestRunner.java:739) [testng-7.10.1.jar:7.10.1]
	at org.testng.TestRunner.run(TestRunner.java:614) [testng-7.10.1.jar:7.10.1]
	at org.testng.SuiteRunner.runTest(SuiteRunner.java:421) [testng-7.10.1.jar:7.10.1]
	at org.testng.SuiteRunner.runSequentially(SuiteRunner.java:413) [testng-7.10.1.jar:7.10.1]
	at org.testng.SuiteRunner.privateRun(SuiteRunner.java:373) [testng-7.10.1.jar:7.10.1]
	at org.testng.SuiteRunner.run(SuiteRunner.java:312) [testng-7.10.1.jar:7.10.1]
	at org.testng.SuiteRunnerWorker.runSuite(SuiteRunnerWorker.java:52) [testng-7.10.1.jar:7.10.1]
	at org.testng.SuiteRunnerWorker.run(SuiteRunnerWorker.java:95) [testng-7.10.1.jar:7.10.1]
	at org.testng.TestNG.runSuitesSequentially(TestNG.java:1274) [testng-7.10.1.jar:7.10.1]
	at org.testng.TestNG.runSuitesLocally(TestNG.java:1208) [testng-7.10.1.jar:7.10.1]
	at org.testng.TestNG.runSuites(TestNG.java:1112) [testng-7.10.1.jar:7.10.1]
	at org.testng.TestNG.run(TestNG.java:1079) [testng-7.10.1.jar:7.10.1]
	at org.testng.remote.AbstractRemoteTestNG.run(AbstractRemoteTestNG.java:115) [testng-remote.jar:?]
	at org.testng.remote.RemoteTestNG.initAndRun(RemoteTestNG.java:293) [testng-remote.jar:?]
	at org.testng.remote.RemoteTestNG.main(RemoteTestNG.java:91) [testng-remote.jar:?]
2026-05-29 11:45:16 [main] INFO  com.swaglabtest.pages.BaseClass - Browser closed for class
2026-05-29 11:45:16 [main] INFO  com.swaglabtest.pages.BaseClass - Extent Report flushed
2026-05-29 11:49:27 [main] INFO  com.swaglabtest.pages.BaseClass - Starting Test Suite setup...
2026-05-29 11:49:27 [main] INFO  com.swaglabtest.pages.BaseClass - ExcelDataProvider initialized
2026-05-29 11:49:27 [main] INFO  com.swaglabtest.pages.BaseClass - ConfigProvider initialized
2026-05-29 11:49:27 [main] INFO  com.swaglabtest.pages.BaseClass - Extent Reports XML configuration loaded
2026-05-29 11:49:28 [main] INFO  com.swaglabtest.pages.BaseClass - Extent Report initialized at: C:\Users\STZ\EclipsWorkspace\NewSwagLab_Project/Reports/AutomationReport.html
2026-05-29 11:49:28 [main] INFO  com.swaglabtest.pages.BaseClass - Initializing browser...
2026-05-29 11:49:28 [main] INFO  com.swaglabtest.pages.BaseClass - Browser selected: chrome
2026-05-29 11:49:30 [main] INFO  io.github.bonigarcia.wdm.WebDriverManager - Using chromedriver 148.0.7778.178 (resolved driver for Chrome 148)
2026-05-29 11:49:30 [main] INFO  io.github.bonigarcia.wdm.online.Downloader - Downloading https://storage.googleapis.com/chrome-for-testing-public/148.0.7778.178/win64/chromedriver-win64.zip
2026-05-29 11:49:33 [main] INFO  io.github.bonigarcia.wdm.online.Downloader - Extracting driver from compressed file chromedriver-win64.zip
2026-05-29 11:49:33 [main] INFO  io.github.bonigarcia.wdm.WebDriverManager - Exporting webdriver.chrome.driver as C:\Users\STZ\.cache\selenium\chromedriver\win64\148.0.7778.178\chromedriver.exe
2026-05-29 11:49:39 [main] INFO  com.swaglabtest.pages.BaseClass - Browser initialized successfully: chrome
2026-05-29 11:49:39 [main] INFO  com.swaglabtest.pages.BaseClass - Test started: brokenLinkTestLoginPage
2026-05-29 11:49:40 [main] ERROR com.swaglabtest.pages.BaseClass - Test Failed: brokenLinkTestLoginPage
java.lang.AssertionError: Broken URL https://www.saucedemo.com/icon/icon-192x192.png : 404
	at org.testng.Assert.fail(Assert.java:111) ~[testng-7.10.1.jar:7.10.1]
	at com.swaglabtest.testcases.BrokenLinkTest.brokenLinkTestLoginPage(BrokenLinkTest.java:52) ~[test-classes/:?]
	at java.base/jdk.internal.reflect.DirectMethodHandleAccessor.invoke(DirectMethodHandleAccessor.java:103) ~[?:?]
	at java.base/java.lang.reflect.Method.invoke(Method.java:580) ~[?:?]
	at org.testng.internal.invokers.MethodInvocationHelper.invokeMethod(MethodInvocationHelper.java:141) ~[testng-7.10.1.jar:7.10.1]
	at org.testng.internal.invokers.TestInvoker.invokeMethod(TestInvoker.java:686) ~[testng-7.10.1.jar:7.10.1]
	at org.testng.internal.invokers.TestInvoker.invokeTestMethod(TestInvoker.java:230) ~[testng-7.10.1.jar:7.10.1]
	at org.testng.internal.invokers.MethodRunner.runInSequence(MethodRunner.java:63) ~[testng-7.10.1.jar:7.10.1]
	at org.testng.internal.invokers.TestInvoker$MethodInvocationAgent.invoke(TestInvoker.java:992) ~[testng-7.10.1.jar:7.10.1]
	at org.testng.internal.invokers.TestInvoker.invokeTestMethods(TestInvoker.java:203) ~[testng-7.10.1.jar:7.10.1]
	at org.testng.internal.invokers.TestMethodWorker.invokeTestMethods(TestMethodWorker.java:154) ~[testng-7.10.1.jar:7.10.1]
	at org.testng.internal.invokers.TestMethodWorker.run(TestMethodWorker.java:134) ~[testng-7.10.1.jar:7.10.1]
	at java.base/java.util.ArrayList.forEach(ArrayList.java:1597) [?:?]
	at org.testng.TestRunner.privateRun(TestRunner.java:739) [testng-7.10.1.jar:7.10.1]
	at org.testng.TestRunner.run(TestRunner.java:614) [testng-7.10.1.jar:7.10.1]
	at org.testng.SuiteRunner.runTest(SuiteRunner.java:421) [testng-7.10.1.jar:7.10.1]
	at org.testng.SuiteRunner.runSequentially(SuiteRunner.java:413) [testng-7.10.1.jar:7.10.1]
	at org.testng.SuiteRunner.privateRun(SuiteRunner.java:373) [testng-7.10.1.jar:7.10.1]
	at org.testng.SuiteRunner.run(SuiteRunner.java:312) [testng-7.10.1.jar:7.10.1]
	at org.testng.SuiteRunnerWorker.runSuite(SuiteRunnerWorker.java:52) [testng-7.10.1.jar:7.10.1]
	at org.testng.SuiteRunnerWorker.run(SuiteRunnerWorker.java:95) [testng-7.10.1.jar:7.10.1]
	at org.testng.TestNG.runSuitesSequentially(TestNG.java:1274) [testng-7.10.1.jar:7.10.1]
	at org.testng.TestNG.runSuitesLocally(TestNG.java:1208) [testng-7.10.1.jar:7.10.1]
	at org.testng.TestNG.runSuites(TestNG.java:1112) [testng-7.10.1.jar:7.10.1]
	at org.testng.TestNG.run(TestNG.java:1079) [testng-7.10.1.jar:7.10.1]
	at org.apache.maven.surefire.testng.TestNGExecutor.run(TestNGExecutor.java:155) [surefire-testng-3.0.0.jar:3.0.0]
	at org.apache.maven.surefire.testng.TestNGDirectoryTestSuite.executeMulti(TestNGDirectoryTestSuite.java:169) [surefire-testng-3.0.0.jar:3.0.0]
	at org.apache.maven.surefire.testng.TestNGDirectoryTestSuite.execute(TestNGDirectoryTestSuite.java:88) [surefire-testng-3.0.0.jar:3.0.0]
	at org.apache.maven.surefire.testng.TestNGProvider.invoke(TestNGProvider.java:137) [surefire-testng-3.0.0.jar:3.0.0]
	at org.apache.maven.surefire.booter.ForkedBooter.runSuitesInProcess(ForkedBooter.java:385) [surefire-booter-3.0.0.jar:3.0.0]
	at org.apache.maven.surefire.booter.ForkedBooter.execute(ForkedBooter.java:162) [surefire-booter-3.0.0.jar:3.0.0]
	at org.apache.maven.surefire.booter.ForkedBooter.run(ForkedBooter.java:507) [surefire-booter-3.0.0.jar:3.0.0]
	at org.apache.maven.surefire.booter.ForkedBooter.main(ForkedBooter.java:495) [surefire-booter-3.0.0.jar:3.0.0]
2026-05-29 11:49:40 [main] INFO  com.swaglabtest.pages.BaseClass - Test started: brokenLinkTestPurchasePage
2026-05-29 11:49:41 [main] ERROR com.swaglabtest.pages.BaseClass - Test Failed: brokenLinkTestPurchasePage
java.lang.AssertionError: Broken URL https://www.saucedemo.com/icon/icon-192x192.png : 404
	at org.testng.Assert.fail(Assert.java:111) ~[testng-7.10.1.jar:7.10.1]
	at com.swaglabtest.testcases.BrokenLinkTest.brokenLinkTestPurchasePage(BrokenLinkTest.java:85) ~[test-classes/:?]
	at java.base/jdk.internal.reflect.DirectMethodHandleAccessor.invoke(DirectMethodHandleAccessor.java:103) ~[?:?]
	at java.base/java.lang.reflect.Method.invoke(Method.java:580) ~[?:?]
	at org.testng.internal.invokers.MethodInvocationHelper.invokeMethod(MethodInvocationHelper.java:141) ~[testng-7.10.1.jar:7.10.1]
	at org.testng.internal.invokers.TestInvoker.invokeMethod(TestInvoker.java:686) ~[testng-7.10.1.jar:7.10.1]
	at org.testng.internal.invokers.TestInvoker.invokeTestMethod(TestInvoker.java:230) ~[testng-7.10.1.jar:7.10.1]
	at org.testng.internal.invokers.MethodRunner.runInSequence(MethodRunner.java:63) ~[testng-7.10.1.jar:7.10.1]
	at org.testng.internal.invokers.TestInvoker$MethodInvocationAgent.invoke(TestInvoker.java:992) ~[testng-7.10.1.jar:7.10.1]
	at org.testng.internal.invokers.TestInvoker.invokeTestMethods(TestInvoker.java:203) ~[testng-7.10.1.jar:7.10.1]
	at org.testng.internal.invokers.TestMethodWorker.invokeTestMethods(TestMethodWorker.java:154) ~[testng-7.10.1.jar:7.10.1]
	at org.testng.internal.invokers.TestMethodWorker.run(TestMethodWorker.java:134) ~[testng-7.10.1.jar:7.10.1]
	at java.base/java.util.ArrayList.forEach(ArrayList.java:1597) [?:?]
	at org.testng.TestRunner.privateRun(TestRunner.java:739) [testng-7.10.1.jar:7.10.1]
	at org.testng.TestRunner.run(TestRunner.java:614) [testng-7.10.1.jar:7.10.1]
	at org.testng.SuiteRunner.runTest(SuiteRunner.java:421) [testng-7.10.1.jar:7.10.1]
	at org.testng.SuiteRunner.runSequentially(SuiteRunner.java:413) [testng-7.10.1.jar:7.10.1]
	at org.testng.SuiteRunner.privateRun(SuiteRunner.java:373) [testng-7.10.1.jar:7.10.1]
	at org.testng.SuiteRunner.run(SuiteRunner.java:312) [testng-7.10.1.jar:7.10.1]
	at org.testng.SuiteRunnerWorker.runSuite(SuiteRunnerWorker.java:52) [testng-7.10.1.jar:7.10.1]
	at org.testng.SuiteRunnerWorker.run(SuiteRunnerWorker.java:95) [testng-7.10.1.jar:7.10.1]
	at org.testng.TestNG.runSuitesSequentially(TestNG.java:1274) [testng-7.10.1.jar:7.10.1]
	at org.testng.TestNG.runSuitesLocally(TestNG.java:1208) [testng-7.10.1.jar:7.10.1]
	at org.testng.TestNG.runSuites(TestNG.java:1112) [testng-7.10.1.jar:7.10.1]
	at org.testng.TestNG.run(TestNG.java:1079) [testng-7.10.1.jar:7.10.1]
	at org.apache.maven.surefire.testng.TestNGExecutor.run(TestNGExecutor.java:155) [surefire-testng-3.0.0.jar:3.0.0]
	at org.apache.maven.surefire.testng.TestNGDirectoryTestSuite.executeMulti(TestNGDirectoryTestSuite.java:169) [surefire-testng-3.0.0.jar:3.0.0]
	at org.apache.maven.surefire.testng.TestNGDirectoryTestSuite.execute(TestNGDirectoryTestSuite.java:88) [surefire-testng-3.0.0.jar:3.0.0]
	at org.apache.maven.surefire.testng.TestNGProvider.invoke(TestNGProvider.java:137) [surefire-testng-3.0.0.jar:3.0.0]
	at org.apache.maven.surefire.booter.ForkedBooter.runSuitesInProcess(ForkedBooter.java:385) [surefire-booter-3.0.0.jar:3.0.0]
	at org.apache.maven.surefire.booter.ForkedBooter.execute(ForkedBooter.java:162) [surefire-booter-3.0.0.jar:3.0.0]
	at org.apache.maven.surefire.booter.ForkedBooter.run(ForkedBooter.java:507) [surefire-booter-3.0.0.jar:3.0.0]
	at org.apache.maven.surefire.booter.ForkedBooter.main(ForkedBooter.java:495) [surefire-booter-3.0.0.jar:3.0.0]
2026-05-29 11:49:41 [main] INFO  com.swaglabtest.pages.BaseClass - Browser closed for class
2026-05-29 11:49:41 [main] INFO  com.swaglabtest.pages.BaseClass - Initializing browser...
2026-05-29 11:49:41 [main] INFO  com.swaglabtest.pages.BaseClass - Browser selected: chrome
2026-05-29 11:49:42 [main] INFO  io.github.bonigarcia.wdm.WebDriverManager - Using chromedriver 148.0.7778.178 (resolved driver for Chrome 148)
2026-05-29 11:49:42 [main] INFO  io.github.bonigarcia.wdm.online.Downloader - Downloading https://storage.googleapis.com/chrome-for-testing-public/148.0.7778.178/win64/chromedriver-win64.zip
2026-05-29 11:49:49 [main] INFO  io.github.bonigarcia.wdm.online.Downloader - Extracting driver from compressed file chromedriver-win64.zip
2026-05-29 11:49:49 [main] INFO  io.github.bonigarcia.wdm.WebDriverManager - Exporting webdriver.chrome.driver as C:\Users\STZ\.cache\selenium\chromedriver\win64\148.0.7778.178\chromedriver.exe
2026-05-29 11:49:52 [main] INFO  com.swaglabtest.pages.BaseClass - Browser initialized successfully: chrome
2026-05-29 11:49:52 [main] INFO  com.swaglabtest.pages.BaseClass - Test started: UserLogingWithCredentials
2026-05-29 11:49:52 [main] INFO  com.swaglabtest.pages.BaseClass - Test Passed: UserLogingWithCredentials
2026-05-29 11:49:52 [main] INFO  com.swaglabtest.pages.BaseClass - Browser closed for class
2026-05-29 11:49:52 [main] INFO  com.swaglabtest.pages.BaseClass - Initializing browser...
2026-05-29 11:49:52 [main] INFO  com.swaglabtest.pages.BaseClass - Browser selected: chrome
2026-05-29 11:49:53 [main] INFO  io.github.bonigarcia.wdm.WebDriverManager - Using chromedriver 148.0.7778.178 (resolved driver for Chrome 148)
2026-05-29 11:49:53 [main] INFO  io.github.bonigarcia.wdm.online.Downloader - Downloading https://storage.googleapis.com/chrome-for-testing-public/148.0.7778.178/win64/chromedriver-win64.zip
2026-05-29 11:50:01 [main] INFO  io.github.bonigarcia.wdm.online.Downloader - Extracting driver from compressed file chromedriver-win64.zip
2026-05-29 11:50:01 [main] INFO  io.github.bonigarcia.wdm.WebDriverManager - Exporting webdriver.chrome.driver as C:\Users\STZ\.cache\selenium\chromedriver\win64\148.0.7778.178\chromedriver.exe
2026-05-29 11:50:04 [main] INFO  com.swaglabtest.pages.BaseClass - Browser initialized successfully: chrome
2026-05-29 11:50:04 [main] INFO  com.swaglabtest.pages.BaseClass - Test started: newPurchasing
2026-05-29 11:50:37 [main] INFO  com.swaglabtest.pages.BaseClass - Test Passed: newPurchasing
2026-05-29 11:50:37 [main] INFO  com.swaglabtest.pages.BaseClass - Test started: sortOrderAscending
2026-05-29 11:50:37 [main] INFO  com.swaglabtest.pages.BaseClass - Test Passed: sortOrderAscending
2026-05-29 11:50:37 [main] INFO  com.swaglabtest.pages.BaseClass - Test started: sortOrderDescending
2026-05-29 11:50:37 [main] INFO  com.swaglabtest.pages.BaseClass - Test Passed: sortOrderDescending
2026-05-29 11:50:37 [main] INFO  com.swaglabtest.pages.BaseClass - Test started: lowerToHighPriceListDown
2026-05-29 11:50:38 [main] INFO  com.swaglabtest.pages.BaseClass - Test Passed: lowerToHighPriceListDown
2026-05-29 11:50:38 [main] INFO  com.swaglabtest.pages.BaseClass - Test started: highToLowerPriceListDown
2026-05-29 11:50:38 [main] INFO  com.swaglabtest.pages.BaseClass - Test Passed: highToLowerPriceListDown
2026-05-29 11:50:38 [main] INFO  com.swaglabtest.pages.BaseClass - Browser closed for class
2026-05-29 11:50:38 [main] INFO  com.swaglabtest.pages.BaseClass - Extent Report flushed
2026-05-29 11:51:55 [main] INFO  com.swaglabtest.pages.BaseClass - Starting Test Suite setup...
2026-05-29 11:51:56 [main] INFO  com.swaglabtest.pages.BaseClass - ExcelDataProvider initialized
2026-05-29 11:51:56 [main] INFO  com.swaglabtest.pages.BaseClass - ConfigProvider initialized
2026-05-29 11:51:56 [main] INFO  com.swaglabtest.pages.BaseClass - Extent Reports XML configuration loaded
2026-05-29 11:51:56 [main] INFO  com.swaglabtest.pages.BaseClass - Extent Report initialized at: C:\Users\STZ\EclipsWorkspace\NewSwagLab_Project/Reports/AutomationReport.html
2026-05-29 11:51:56 [main] INFO  com.swaglabtest.pages.BaseClass - Initializing browser...
2026-05-29 11:51:56 [main] INFO  com.swaglabtest.pages.BaseClass - Browser selected: chrome
2026-05-29 11:51:58 [main] INFO  io.github.bonigarcia.wdm.WebDriverManager - Using chromedriver 148.0.7778.178 (resolved driver for Chrome 148)
2026-05-29 11:51:59 [main] INFO  io.github.bonigarcia.wdm.online.Downloader - Downloading https://storage.googleapis.com/chrome-for-testing-public/148.0.7778.178/win64/chromedriver-win64.zip
2026-05-29 11:52:05 [main] INFO  io.github.bonigarcia.wdm.online.Downloader - Extracting driver from compressed file chromedriver-win64.zip
2026-05-29 11:52:06 [main] INFO  io.github.bonigarcia.wdm.WebDriverManager - Exporting webdriver.chrome.driver as C:\Users\STZ\.cache\selenium\chromedriver\win64\148.0.7778.178\chromedriver.exe
2026-05-29 11:52:09 [main] INFO  com.swaglabtest.pages.BaseClass - Browser initialized successfully: chrome
2026-05-29 11:52:09 [main] INFO  com.swaglabtest.pages.BaseClass - Test started: brokenLinkTestLoginPage
2026-05-29 11:52:10 [main] ERROR com.swaglabtest.pages.BaseClass - Test Failed: brokenLinkTestLoginPage
java.lang.AssertionError: Broken URL https://www.saucedemo.com/icon/icon-192x192.png : 404
	at org.testng.Assert.fail(Assert.java:111) ~[testng-7.10.1.jar:7.10.1]
	at com.swaglabtest.testcases.BrokenLinkTest.brokenLinkTestLoginPage(BrokenLinkTest.java:52) ~[test-classes/:?]
	at java.base/jdk.internal.reflect.DirectMethodHandleAccessor.invoke(DirectMethodHandleAccessor.java:103) ~[?:?]
	at java.base/java.lang.reflect.Method.invoke(Method.java:580) ~[?:?]
	at org.testng.internal.invokers.MethodInvocationHelper.invokeMethod(MethodInvocationHelper.java:141) ~[testng-7.10.1.jar:7.10.1]
	at org.testng.internal.invokers.TestInvoker.invokeMethod(TestInvoker.java:686) ~[testng-7.10.1.jar:7.10.1]
	at org.testng.internal.invokers.TestInvoker.invokeTestMethod(TestInvoker.java:230) ~[testng-7.10.1.jar:7.10.1]
	at org.testng.internal.invokers.MethodRunner.runInSequence(MethodRunner.java:63) ~[testng-7.10.1.jar:7.10.1]
	at org.testng.internal.invokers.TestInvoker$MethodInvocationAgent.invoke(TestInvoker.java:992) ~[testng-7.10.1.jar:7.10.1]
	at org.testng.internal.invokers.TestInvoker.invokeTestMethods(TestInvoker.java:203) ~[testng-7.10.1.jar:7.10.1]
	at org.testng.internal.invokers.TestMethodWorker.invokeTestMethods(TestMethodWorker.java:154) ~[testng-7.10.1.jar:7.10.1]
	at org.testng.internal.invokers.TestMethodWorker.run(TestMethodWorker.java:134) ~[testng-7.10.1.jar:7.10.1]
	at java.base/java.util.ArrayList.forEach(ArrayList.java:1597) [?:?]
	at org.testng.TestRunner.privateRun(TestRunner.java:739) [testng-7.10.1.jar:7.10.1]
	at org.testng.TestRunner.run(TestRunner.java:614) [testng-7.10.1.jar:7.10.1]
	at org.testng.SuiteRunner.runTest(SuiteRunner.java:421) [testng-7.10.1.jar:7.10.1]
	at org.testng.SuiteRunner.runSequentially(SuiteRunner.java:413) [testng-7.10.1.jar:7.10.1]
	at org.testng.SuiteRunner.privateRun(SuiteRunner.java:373) [testng-7.10.1.jar:7.10.1]
	at org.testng.SuiteRunner.run(SuiteRunner.java:312) [testng-7.10.1.jar:7.10.1]
	at org.testng.SuiteRunnerWorker.runSuite(SuiteRunnerWorker.java:52) [testng-7.10.1.jar:7.10.1]
	at org.testng.SuiteRunnerWorker.run(SuiteRunnerWorker.java:95) [testng-7.10.1.jar:7.10.1]
	at org.testng.TestNG.runSuitesSequentially(TestNG.java:1274) [testng-7.10.1.jar:7.10.1]
	at org.testng.TestNG.runSuitesLocally(TestNG.java:1208) [testng-7.10.1.jar:7.10.1]
	at org.testng.TestNG.runSuites(TestNG.java:1112) [testng-7.10.1.jar:7.10.1]
	at org.testng.TestNG.run(TestNG.java:1079) [testng-7.10.1.jar:7.10.1]
	at org.apache.maven.surefire.testng.TestNGExecutor.run(TestNGExecutor.java:155) [surefire-testng-3.0.0.jar:3.0.0]
	at org.apache.maven.surefire.testng.TestNGDirectoryTestSuite.executeMulti(TestNGDirectoryTestSuite.java:169) [surefire-testng-3.0.0.jar:3.0.0]
	at org.apache.maven.surefire.testng.TestNGDirectoryTestSuite.execute(TestNGDirectoryTestSuite.java:88) [surefire-testng-3.0.0.jar:3.0.0]
	at org.apache.maven.surefire.testng.TestNGProvider.invoke(TestNGProvider.java:137) [surefire-testng-3.0.0.jar:3.0.0]
	at org.apache.maven.surefire.booter.ForkedBooter.runSuitesInProcess(ForkedBooter.java:385) [surefire-booter-3.0.0.jar:3.0.0]
	at org.apache.maven.surefire.booter.ForkedBooter.execute(ForkedBooter.java:162) [surefire-booter-3.0.0.jar:3.0.0]
	at org.apache.maven.surefire.booter.ForkedBooter.run(ForkedBooter.java:507) [surefire-booter-3.0.0.jar:3.0.0]
	at org.apache.maven.surefire.booter.ForkedBooter.main(ForkedBooter.java:495) [surefire-booter-3.0.0.jar:3.0.0]
2026-05-29 11:52:10 [main] INFO  com.swaglabtest.pages.BaseClass - Test started: brokenLinkTestPurchasePage
2026-05-29 11:52:10 [main] ERROR com.swaglabtest.pages.BaseClass - Test Failed: brokenLinkTestPurchasePage
java.lang.AssertionError: Broken URL https://www.saucedemo.com/icon/icon-192x192.png : 404
	at org.testng.Assert.fail(Assert.java:111) ~[testng-7.10.1.jar:7.10.1]
	at com.swaglabtest.testcases.BrokenLinkTest.brokenLinkTestPurchasePage(BrokenLinkTest.java:85) ~[test-classes/:?]
	at java.base/jdk.internal.reflect.DirectMethodHandleAccessor.invoke(DirectMethodHandleAccessor.java:103) ~[?:?]
	at java.base/java.lang.reflect.Method.invoke(Method.java:580) ~[?:?]
	at org.testng.internal.invokers.MethodInvocationHelper.invokeMethod(MethodInvocationHelper.java:141) ~[testng-7.10.1.jar:7.10.1]
	at org.testng.internal.invokers.TestInvoker.invokeMethod(TestInvoker.java:686) ~[testng-7.10.1.jar:7.10.1]
	at org.testng.internal.invokers.TestInvoker.invokeTestMethod(TestInvoker.java:230) ~[testng-7.10.1.jar:7.10.1]
	at org.testng.internal.invokers.MethodRunner.runInSequence(MethodRunner.java:63) ~[testng-7.10.1.jar:7.10.1]
	at org.testng.internal.invokers.TestInvoker$MethodInvocationAgent.invoke(TestInvoker.java:992) ~[testng-7.10.1.jar:7.10.1]
	at org.testng.internal.invokers.TestInvoker.invokeTestMethods(TestInvoker.java:203) ~[testng-7.10.1.jar:7.10.1]
	at org.testng.internal.invokers.TestMethodWorker.invokeTestMethods(TestMethodWorker.java:154) ~[testng-7.10.1.jar:7.10.1]
	at org.testng.internal.invokers.TestMethodWorker.run(TestMethodWorker.java:134) ~[testng-7.10.1.jar:7.10.1]
	at java.base/java.util.ArrayList.forEach(ArrayList.java:1597) [?:?]
	at org.testng.TestRunner.privateRun(TestRunner.java:739) [testng-7.10.1.jar:7.10.1]
	at org.testng.TestRunner.run(TestRunner.java:614) [testng-7.10.1.jar:7.10.1]
	at org.testng.SuiteRunner.runTest(SuiteRunner.java:421) [testng-7.10.1.jar:7.10.1]
	at org.testng.SuiteRunner.runSequentially(SuiteRunner.java:413) [testng-7.10.1.jar:7.10.1]
	at org.testng.SuiteRunner.privateRun(SuiteRunner.java:373) [testng-7.10.1.jar:7.10.1]
	at org.testng.SuiteRunner.run(SuiteRunner.java:312) [testng-7.10.1.jar:7.10.1]
	at org.testng.SuiteRunnerWorker.runSuite(SuiteRunnerWorker.java:52) [testng-7.10.1.jar:7.10.1]
	at org.testng.SuiteRunnerWorker.run(SuiteRunnerWorker.java:95) [testng-7.10.1.jar:7.10.1]
	at org.testng.TestNG.runSuitesSequentially(TestNG.java:1274) [testng-7.10.1.jar:7.10.1]
	at org.testng.TestNG.runSuitesLocally(TestNG.java:1208) [testng-7.10.1.jar:7.10.1]
	at org.testng.TestNG.runSuites(TestNG.java:1112) [testng-7.10.1.jar:7.10.1]
	at org.testng.TestNG.run(TestNG.java:1079) [testng-7.10.1.jar:7.10.1]
	at org.apache.maven.surefire.testng.TestNGExecutor.run(TestNGExecutor.java:155) [surefire-testng-3.0.0.jar:3.0.0]
	at org.apache.maven.surefire.testng.TestNGDirectoryTestSuite.executeMulti(TestNGDirectoryTestSuite.java:169) [surefire-testng-3.0.0.jar:3.0.0]
	at org.apache.maven.surefire.testng.TestNGDirectoryTestSuite.execute(TestNGDirectoryTestSuite.java:88) [surefire-testng-3.0.0.jar:3.0.0]
	at org.apache.maven.surefire.testng.TestNGProvider.invoke(TestNGProvider.java:137) [surefire-testng-3.0.0.jar:3.0.0]
	at org.apache.maven.surefire.booter.ForkedBooter.runSuitesInProcess(ForkedBooter.java:385) [surefire-booter-3.0.0.jar:3.0.0]
	at org.apache.maven.surefire.booter.ForkedBooter.execute(ForkedBooter.java:162) [surefire-booter-3.0.0.jar:3.0.0]
	at org.apache.maven.surefire.booter.ForkedBooter.run(ForkedBooter.java:507) [surefire-booter-3.0.0.jar:3.0.0]
	at org.apache.maven.surefire.booter.ForkedBooter.main(ForkedBooter.java:495) [surefire-booter-3.0.0.jar:3.0.0]
2026-05-29 11:52:10 [main] INFO  com.swaglabtest.pages.BaseClass - Browser closed for class
2026-05-29 11:52:10 [main] INFO  com.swaglabtest.pages.BaseClass - Initializing browser...
2026-05-29 11:52:10 [main] INFO  com.swaglabtest.pages.BaseClass - Browser selected: chrome
2026-05-29 11:52:12 [main] INFO  io.github.bonigarcia.wdm.WebDriverManager - Using chromedriver 148.0.7778.178 (resolved driver for Chrome 148)
2026-05-29 11:52:12 [main] INFO  io.github.bonigarcia.wdm.online.Downloader - Downloading https://storage.googleapis.com/chrome-for-testing-public/148.0.7778.178/win64/chromedriver-win64.zip
2026-05-29 11:52:19 [main] INFO  io.github.bonigarcia.wdm.online.Downloader - Extracting driver from compressed file chromedriver-win64.zip
2026-05-29 11:52:19 [main] INFO  io.github.bonigarcia.wdm.WebDriverManager - Exporting webdriver.chrome.driver as C:\Users\STZ\.cache\selenium\chromedriver\win64\148.0.7778.178\chromedriver.exe
2026-05-29 11:52:21 [main] INFO  com.swaglabtest.pages.BaseClass - Browser initialized successfully: chrome
2026-05-29 11:52:21 [main] INFO  com.swaglabtest.pages.BaseClass - Test started: UserLogingWithCredentials
2026-05-29 11:52:21 [main] INFO  com.swaglabtest.pages.BaseClass - Test Passed: UserLogingWithCredentials
2026-05-29 11:52:21 [main] INFO  com.swaglabtest.pages.BaseClass - Browser closed for class
2026-05-29 11:52:21 [main] INFO  com.swaglabtest.pages.BaseClass - Initializing browser...
2026-05-29 11:52:21 [main] INFO  com.swaglabtest.pages.BaseClass - Browser selected: chrome
2026-05-29 11:52:23 [main] INFO  io.github.bonigarcia.wdm.WebDriverManager - Using chromedriver 148.0.7778.178 (resolved driver for Chrome 148)
2026-05-29 11:52:23 [main] INFO  io.github.bonigarcia.wdm.online.Downloader - Downloading https://storage.googleapis.com/chrome-for-testing-public/148.0.7778.178/win64/chromedriver-win64.zip
2026-05-29 11:52:28 [main] INFO  io.github.bonigarcia.wdm.online.Downloader - Extracting driver from compressed file chromedriver-win64.zip
2026-05-29 11:52:28 [main] INFO  io.github.bonigarcia.wdm.WebDriverManager - Exporting webdriver.chrome.driver as C:\Users\STZ\.cache\selenium\chromedriver\win64\148.0.7778.178\chromedriver.exe
2026-05-29 11:52:31 [main] INFO  com.swaglabtest.pages.BaseClass - Browser initialized successfully: chrome
2026-05-29 11:52:31 [main] INFO  com.swaglabtest.pages.BaseClass - Test started: newPurchasing
2026-05-29 11:53:04 [main] INFO  com.swaglabtest.pages.BaseClass - Test Passed: newPurchasing
2026-05-29 11:53:04 [main] INFO  com.swaglabtest.pages.BaseClass - Test started: sortOrderAscending
2026-05-29 11:53:04 [main] INFO  com.swaglabtest.pages.BaseClass - Test Passed: sortOrderAscending
2026-05-29 11:53:04 [main] INFO  com.swaglabtest.pages.BaseClass - Test started: sortOrderDescending
2026-05-29 11:53:04 [main] INFO  com.swaglabtest.pages.BaseClass - Test Passed: sortOrderDescending
2026-05-29 11:53:04 [main] INFO  com.swaglabtest.pages.BaseClass - Test started: lowerToHighPriceListDown
2026-05-29 11:53:05 [main] INFO  com.swaglabtest.pages.BaseClass - Test Passed: lowerToHighPriceListDown
2026-05-29 11:53:05 [main] INFO  com.swaglabtest.pages.BaseClass - Test started: highToLowerPriceListDown
2026-05-29 11:53:05 [main] INFO  com.swaglabtest.pages.BaseClass - Test Passed: highToLowerPriceListDown
2026-05-29 11:53:05 [main] INFO  com.swaglabtest.pages.BaseClass - Browser closed for class
2026-05-29 11:53:06 [main] INFO  com.swaglabtest.pages.BaseClass - Extent Report flushed
2026-05-29 11:57:28 [main] WARN  org.testng.TestNG - Ignoring duplicate listener : io.qameta.allure.testng.AllureTestNg
2026-05-29 11:57:28 [main] WARN  org.testng.TestNG - Ignoring duplicate listener : io.qameta.allure.testng.AllureTestNg
2026-05-29 11:57:28 [main] WARN  org.testng.TestNG - Ignoring duplicate listener : io.qameta.allure.testng.AllureTestNg
2026-05-29 11:57:28 [main] INFO  org.testng.internal.Utils - [TestNG] Running:
  C:\Users\STZ\EclipsWorkspace\NewSwagLab_Project\XMLFiles\testng.xml

2026-05-29 11:57:28 [main] INFO  com.swaglabtest.pages.BaseClass - Starting Test Suite setup...
2026-05-29 11:57:29 [main] INFO  com.swaglabtest.pages.BaseClass - ExcelDataProvider initialized
2026-05-29 11:57:29 [main] INFO  com.swaglabtest.pages.BaseClass - ConfigProvider initialized
2026-05-29 11:57:29 [main] INFO  com.swaglabtest.pages.BaseClass - Extent Reports XML configuration loaded
2026-05-29 11:57:29 [main] INFO  com.swaglabtest.pages.BaseClass - Extent Report initialized at: C:\Users\STZ\EclipsWorkspace\NewSwagLab_Project/Reports/AutomationReport.html
2026-05-29 11:57:29 [main] INFO  com.swaglabtest.pages.BaseClass - Initializing browser...
2026-05-29 11:57:29 [main] INFO  com.swaglabtest.pages.BaseClass - Browser selected: chrome
2026-05-29 11:57:31 [main] INFO  io.github.bonigarcia.wdm.WebDriverManager - Using chromedriver 148.0.7778.178 (resolved driver for Chrome 148)
2026-05-29 11:57:32 [main] INFO  io.github.bonigarcia.wdm.online.Downloader - Downloading https://storage.googleapis.com/chrome-for-testing-public/148.0.7778.178/win64/chromedriver-win64.zip
2026-05-29 11:57:38 [main] INFO  io.github.bonigarcia.wdm.online.Downloader - Extracting driver from compressed file chromedriver-win64.zip
2026-05-29 11:57:39 [main] INFO  io.github.bonigarcia.wdm.WebDriverManager - Exporting webdriver.chrome.driver as C:\Users\STZ\.cache\selenium\chromedriver\win64\148.0.7778.178\chromedriver.exe
2026-05-29 11:57:42 [main] INFO  com.swaglabtest.pages.BaseClass - Browser initialized successfully: chrome
2026-05-29 11:57:42 [main] INFO  com.swaglabtest.pages.BaseClass - Test started: UserLogingWithCredentials
2026-05-29 11:57:43 [main] INFO  com.swaglabtest.pages.BaseClass - Test Passed: UserLogingWithCredentials
2026-05-29 11:57:43 [main] INFO  com.swaglabtest.pages.BaseClass - Browser closed for class
2026-05-29 11:57:43 [main] INFO  com.swaglabtest.pages.BaseClass - Initializing browser...
2026-05-29 11:57:43 [main] INFO  com.swaglabtest.pages.BaseClass - Browser selected: chrome
2026-05-29 11:57:44 [main] INFO  io.github.bonigarcia.wdm.WebDriverManager - Using chromedriver 148.0.7778.178 (resolved driver for Chrome 148)
2026-05-29 11:57:44 [main] INFO  io.github.bonigarcia.wdm.online.Downloader - Downloading https://storage.googleapis.com/chrome-for-testing-public/148.0.7778.178/win64/chromedriver-win64.zip
2026-05-29 11:57:49 [main] INFO  io.github.bonigarcia.wdm.online.Downloader - Extracting driver from compressed file chromedriver-win64.zip
2026-05-29 11:57:49 [main] INFO  io.github.bonigarcia.wdm.WebDriverManager - Exporting webdriver.chrome.driver as C:\Users\STZ\.cache\selenium\chromedriver\win64\148.0.7778.178\chromedriver.exe
2026-05-29 11:57:52 [main] INFO  com.swaglabtest.pages.BaseClass - Browser initialized successfully: chrome
2026-05-29 11:57:52 [main] INFO  com.swaglabtest.pages.BaseClass - Test started: newPurchasing
2026-05-29 11:58:25 [main] INFO  com.swaglabtest.pages.BaseClass - Test Passed: newPurchasing
2026-05-29 11:58:25 [main] INFO  com.swaglabtest.pages.BaseClass - Test started: sortOrderAscending
2026-05-29 11:58:25 [main] INFO  com.swaglabtest.pages.BaseClass - Test Passed: sortOrderAscending
2026-05-29 11:58:25 [main] INFO  com.swaglabtest.pages.BaseClass - Test started: sortOrderDescending
2026-05-29 11:58:25 [main] INFO  com.swaglabtest.pages.BaseClass - Test Passed: sortOrderDescending
2026-05-29 11:58:25 [main] INFO  com.swaglabtest.pages.BaseClass - Test started: lowerToHighPriceListDown
2026-05-29 11:58:25 [main] INFO  com.swaglabtest.pages.BaseClass - Test Passed: lowerToHighPriceListDown
2026-05-29 11:58:25 [main] INFO  com.swaglabtest.pages.BaseClass - Test started: highToLowerPriceListDown
2026-05-29 11:58:25 [main] INFO  com.swaglabtest.pages.BaseClass - Test Passed: highToLowerPriceListDown
2026-05-29 11:58:25 [main] INFO  com.swaglabtest.pages.BaseClass - Browser closed for class
2026-05-29 11:58:25 [main] INFO  com.swaglabtest.pages.BaseClass - Initializing browser...
2026-05-29 11:58:25 [main] INFO  com.swaglabtest.pages.BaseClass - Browser selected: chrome
2026-05-29 11:58:27 [main] INFO  io.github.bonigarcia.wdm.WebDriverManager - Using chromedriver 148.0.7778.178 (resolved driver for Chrome 148)
2026-05-29 11:58:27 [main] INFO  io.github.bonigarcia.wdm.online.Downloader - Downloading https://storage.googleapis.com/chrome-for-testing-public/148.0.7778.178/win64/chromedriver-win64.zip
2026-05-29 11:58:32 [main] INFO  io.github.bonigarcia.wdm.online.Downloader - Extracting driver from compressed file chromedriver-win64.zip
2026-05-29 11:58:33 [main] INFO  io.github.bonigarcia.wdm.WebDriverManager - Exporting webdriver.chrome.driver as C:\Users\STZ\.cache\selenium\chromedriver\win64\148.0.7778.178\chromedriver.exe
2026-05-29 11:58:35 [main] INFO  com.swaglabtest.pages.BaseClass - Browser initialized successfully: chrome
2026-05-29 11:58:35 [main] INFO  com.swaglabtest.pages.BaseClass - Test started: brokenLinkTestLoginPage
2026-05-29 11:58:37 [main] ERROR com.swaglabtest.pages.BaseClass - Test Failed: brokenLinkTestLoginPage
java.lang.AssertionError: The following asserts failed:
	Broken URL https://www.saucedemo.com/icon/icon-192x192.png : 404
	at org.testng.asserts.SoftAssert.assertAll(SoftAssert.java:46) ~[testng-7.10.1.jar:7.10.1]
	at org.testng.asserts.SoftAssert.assertAll(SoftAssert.java:30) ~[testng-7.10.1.jar:7.10.1]
	at com.swaglabtest.testcases.BrokenLinkTest.brokenLinkTestLoginPage(BrokenLinkTest.java:64) ~[test-classes/:?]
	at java.base/jdk.internal.reflect.DirectMethodHandleAccessor.invoke(DirectMethodHandleAccessor.java:103) ~[?:?]
	at java.base/java.lang.reflect.Method.invoke(Method.java:580) ~[?:?]
	at org.testng.internal.invokers.MethodInvocationHelper.invokeMethod(MethodInvocationHelper.java:141) ~[testng-7.10.1.jar:7.10.1]
	at org.testng.internal.invokers.TestInvoker.invokeMethod(TestInvoker.java:686) ~[testng-7.10.1.jar:7.10.1]
	at org.testng.internal.invokers.TestInvoker.invokeTestMethod(TestInvoker.java:230) ~[testng-7.10.1.jar:7.10.1]
	at org.testng.internal.invokers.MethodRunner.runInSequence(MethodRunner.java:63) ~[testng-7.10.1.jar:7.10.1]
	at org.testng.internal.invokers.TestInvoker$MethodInvocationAgent.invoke(TestInvoker.java:992) ~[testng-7.10.1.jar:7.10.1]
	at org.testng.internal.invokers.TestInvoker.invokeTestMethods(TestInvoker.java:203) ~[testng-7.10.1.jar:7.10.1]
	at org.testng.internal.invokers.TestMethodWorker.invokeTestMethods(TestMethodWorker.java:154) ~[testng-7.10.1.jar:7.10.1]
	at org.testng.internal.invokers.TestMethodWorker.run(TestMethodWorker.java:134) ~[testng-7.10.1.jar:7.10.1]
	at java.base/java.util.ArrayList.forEach(ArrayList.java:1596) [?:?]
	at org.testng.TestRunner.privateRun(TestRunner.java:739) [testng-7.10.1.jar:7.10.1]
	at org.testng.TestRunner.run(TestRunner.java:614) [testng-7.10.1.jar:7.10.1]
	at org.testng.SuiteRunner.runTest(SuiteRunner.java:421) [testng-7.10.1.jar:7.10.1]
	at org.testng.SuiteRunner.runSequentially(SuiteRunner.java:413) [testng-7.10.1.jar:7.10.1]
	at org.testng.SuiteRunner.privateRun(SuiteRunner.java:373) [testng-7.10.1.jar:7.10.1]
	at org.testng.SuiteRunner.run(SuiteRunner.java:312) [testng-7.10.1.jar:7.10.1]
	at org.testng.SuiteRunnerWorker.runSuite(SuiteRunnerWorker.java:52) [testng-7.10.1.jar:7.10.1]
	at org.testng.SuiteRunnerWorker.run(SuiteRunnerWorker.java:95) [testng-7.10.1.jar:7.10.1]
	at org.testng.TestNG.runSuitesSequentially(TestNG.java:1274) [testng-7.10.1.jar:7.10.1]
	at org.testng.TestNG.runSuitesLocally(TestNG.java:1208) [testng-7.10.1.jar:7.10.1]
	at org.testng.TestNG.runSuites(TestNG.java:1112) [testng-7.10.1.jar:7.10.1]
	at org.testng.TestNG.run(TestNG.java:1079) [testng-7.10.1.jar:7.10.1]
	at org.testng.remote.AbstractRemoteTestNG.run(AbstractRemoteTestNG.java:115) [testng-remote.jar:?]
	at org.testng.remote.RemoteTestNG.initAndRun(RemoteTestNG.java:293) [testng-remote.jar:?]
	at org.testng.remote.RemoteTestNG.main(RemoteTestNG.java:91) [testng-remote.jar:?]
2026-05-29 11:58:37 [main] INFO  com.swaglabtest.pages.BaseClass - Test started: brokenLinkTestPurchasePage
2026-05-29 11:58:37 [main] ERROR com.swaglabtest.pages.BaseClass - Test Failed: brokenLinkTestPurchasePage
java.lang.AssertionError: The following asserts failed:
	Broken URL https://www.saucedemo.com/icon/icon-192x192.png : 404,
	Broken URL https://www.saucedemo.com/icon/icon-192x192.png : 404
	at org.testng.asserts.SoftAssert.assertAll(SoftAssert.java:46) ~[testng-7.10.1.jar:7.10.1]
	at org.testng.asserts.SoftAssert.assertAll(SoftAssert.java:30) ~[testng-7.10.1.jar:7.10.1]
	at com.swaglabtest.testcases.BrokenLinkTest.brokenLinkTestPurchasePage(BrokenLinkTest.java:99) ~[test-classes/:?]
	at java.base/jdk.internal.reflect.DirectMethodHandleAccessor.invoke(DirectMethodHandleAccessor.java:103) ~[?:?]
	at java.base/java.lang.reflect.Method.invoke(Method.java:580) ~[?:?]
	at org.testng.internal.invokers.MethodInvocationHelper.invokeMethod(MethodInvocationHelper.java:141) ~[testng-7.10.1.jar:7.10.1]
	at org.testng.internal.invokers.TestInvoker.invokeMethod(TestInvoker.java:686) ~[testng-7.10.1.jar:7.10.1]
	at org.testng.internal.invokers.TestInvoker.invokeTestMethod(TestInvoker.java:230) ~[testng-7.10.1.jar:7.10.1]
	at org.testng.internal.invokers.MethodRunner.runInSequence(MethodRunner.java:63) ~[testng-7.10.1.jar:7.10.1]
	at org.testng.internal.invokers.TestInvoker$MethodInvocationAgent.invoke(TestInvoker.java:992) ~[testng-7.10.1.jar:7.10.1]
	at org.testng.internal.invokers.TestInvoker.invokeTestMethods(TestInvoker.java:203) ~[testng-7.10.1.jar:7.10.1]
	at org.testng.internal.invokers.TestMethodWorker.invokeTestMethods(TestMethodWorker.java:154) ~[testng-7.10.1.jar:7.10.1]
	at org.testng.internal.invokers.TestMethodWorker.run(TestMethodWorker.java:134) ~[testng-7.10.1.jar:7.10.1]
	at java.base/java.util.ArrayList.forEach(ArrayList.java:1596) [?:?]
	at org.testng.TestRunner.privateRun(TestRunner.java:739) [testng-7.10.1.jar:7.10.1]
	at org.testng.TestRunner.run(TestRunner.java:614) [testng-7.10.1.jar:7.10.1]
	at org.testng.SuiteRunner.runTest(SuiteRunner.java:421) [testng-7.10.1.jar:7.10.1]
	at org.testng.SuiteRunner.runSequentially(SuiteRunner.java:413) [testng-7.10.1.jar:7.10.1]
	at org.testng.SuiteRunner.privateRun(SuiteRunner.java:373) [testng-7.10.1.jar:7.10.1]
	at org.testng.SuiteRunner.run(SuiteRunner.java:312) [testng-7.10.1.jar:7.10.1]
	at org.testng.SuiteRunnerWorker.runSuite(SuiteRunnerWorker.java:52) [testng-7.10.1.jar:7.10.1]
	at org.testng.SuiteRunnerWorker.run(SuiteRunnerWorker.java:95) [testng-7.10.1.jar:7.10.1]
	at org.testng.TestNG.runSuitesSequentially(TestNG.java:1274) [testng-7.10.1.jar:7.10.1]
	at org.testng.TestNG.runSuitesLocally(TestNG.java:1208) [testng-7.10.1.jar:7.10.1]
	at org.testng.TestNG.runSuites(TestNG.java:1112) [testng-7.10.1.jar:7.10.1]
	at org.testng.TestNG.run(TestNG.java:1079) [testng-7.10.1.jar:7.10.1]
	at org.testng.remote.AbstractRemoteTestNG.run(AbstractRemoteTestNG.java:115) [testng-remote.jar:?]
	at org.testng.remote.RemoteTestNG.initAndRun(RemoteTestNG.java:293) [testng-remote.jar:?]
	at org.testng.remote.RemoteTestNG.main(RemoteTestNG.java:91) [testng-remote.jar:?]
2026-05-29 11:58:38 [main] INFO  com.swaglabtest.pages.BaseClass - Browser closed for class
2026-05-29 11:58:38 [main] INFO  com.swaglabtest.pages.BaseClass - Initializing browser...
2026-05-29 11:58:38 [main] INFO  com.swaglabtest.pages.BaseClass - Browser selected: firefox
2026-05-29 11:58:38 [main] INFO  io.github.bonigarcia.wdm.WebDriverManager - Using geckodriver 0.36.0 (resolved driver for Firefox 150)
2026-05-29 11:58:38 [main] INFO  io.github.bonigarcia.wdm.WebDriverManager - Reading https://raw.githubusercontent.com/bonigarcia/webdrivermanager/master/docs/mirror/geckodriver to seek geckodriver
2026-05-29 11:58:39 [main] INFO  io.github.bonigarcia.wdm.online.Downloader - Downloading https://github.com/mozilla/geckodriver/releases/download/v0.36.0/geckodriver-v0.36.0-win64.zip
2026-05-29 11:58:41 [main] INFO  io.github.bonigarcia.wdm.online.Downloader - Extracting driver from compressed file geckodriver-v0.36.0-win64.zip
2026-05-29 11:58:41 [main] INFO  io.github.bonigarcia.wdm.WebDriverManager - Exporting webdriver.gecko.driver as C:\Users\STZ\.cache\selenium\geckodriver\win64\0.36.0\geckodriver.exe
2026-05-29 11:58:46 [main] INFO  com.swaglabtest.pages.BaseClass - Browser initialized successfully: firefox
2026-05-29 11:58:46 [main] INFO  com.swaglabtest.pages.BaseClass - Test started: UserLogingWithCredentials
2026-05-29 11:58:46 [main] INFO  com.swaglabtest.pages.BaseClass - Test Passed: UserLogingWithCredentials
2026-05-29 11:58:46 [main] INFO  com.swaglabtest.pages.BaseClass - Browser closed for class
2026-05-29 11:58:46 [main] INFO  com.swaglabtest.pages.BaseClass - Initializing browser...
2026-05-29 11:58:46 [main] INFO  com.swaglabtest.pages.BaseClass - Browser selected: firefox
2026-05-29 11:58:47 [main] INFO  io.github.bonigarcia.wdm.WebDriverManager - Using geckodriver 0.36.0 (resolved driver for Firefox 150)
2026-05-29 11:58:47 [main] INFO  io.github.bonigarcia.wdm.WebDriverManager - Exporting webdriver.gecko.driver as C:\Users\STZ\.cache\selenium\geckodriver\win64\0.36.0\geckodriver.exe
2026-05-29 11:58:52 [main] INFO  com.swaglabtest.pages.BaseClass - Browser initialized successfully: firefox
2026-05-29 11:58:52 [main] INFO  com.swaglabtest.pages.BaseClass - Test started: newPurchasing
2026-05-29 11:59:25 [main] INFO  com.swaglabtest.pages.BaseClass - Test Passed: newPurchasing
2026-05-29 11:59:25 [main] INFO  com.swaglabtest.pages.BaseClass - Test started: sortOrderAscending
2026-05-29 11:59:25 [main] INFO  com.swaglabtest.pages.BaseClass - Test Passed: sortOrderAscending
2026-05-29 11:59:25 [main] INFO  com.swaglabtest.pages.BaseClass - Test started: sortOrderDescending
2026-05-29 11:59:25 [main] INFO  com.swaglabtest.pages.BaseClass - Test Passed: sortOrderDescending
2026-05-29 11:59:25 [main] INFO  com.swaglabtest.pages.BaseClass - Test started: lowerToHighPriceListDown
2026-05-29 11:59:25 [main] INFO  com.swaglabtest.pages.BaseClass - Test Passed: lowerToHighPriceListDown
2026-05-29 11:59:25 [main] INFO  com.swaglabtest.pages.BaseClass - Test started: highToLowerPriceListDown
2026-05-29 11:59:25 [main] INFO  com.swaglabtest.pages.BaseClass - Test Passed: highToLowerPriceListDown
2026-05-29 11:59:26 [main] INFO  com.swaglabtest.pages.BaseClass - Browser closed for class
2026-05-29 11:59:26 [main] INFO  com.swaglabtest.pages.BaseClass - Initializing browser...
2026-05-29 11:59:26 [main] INFO  com.swaglabtest.pages.BaseClass - Browser selected: firefox
2026-05-29 11:59:26 [main] INFO  io.github.bonigarcia.wdm.WebDriverManager - Using geckodriver 0.36.0 (resolved driver for Firefox 150)
2026-05-29 11:59:26 [main] INFO  io.github.bonigarcia.wdm.WebDriverManager - Exporting webdriver.gecko.driver as C:\Users\STZ\.cache\selenium\geckodriver\win64\0.36.0\geckodriver.exe
2026-05-29 11:59:31 [main] INFO  com.swaglabtest.pages.BaseClass - Browser initialized successfully: firefox
2026-05-29 11:59:31 [main] INFO  com.swaglabtest.pages.BaseClass - Test started: brokenLinkTestLoginPage
2026-05-29 11:59:32 [main] ERROR com.swaglabtest.pages.BaseClass - Test Failed: brokenLinkTestLoginPage
java.lang.AssertionError: The following asserts failed:
	Broken URL https://www.saucedemo.com/icon/icon-192x192.png : 404
	at org.testng.asserts.SoftAssert.assertAll(SoftAssert.java:46) ~[testng-7.10.1.jar:7.10.1]
	at org.testng.asserts.SoftAssert.assertAll(SoftAssert.java:30) ~[testng-7.10.1.jar:7.10.1]
	at com.swaglabtest.testcases.BrokenLinkTest.brokenLinkTestLoginPage(BrokenLinkTest.java:64) ~[test-classes/:?]
	at java.base/jdk.internal.reflect.DirectMethodHandleAccessor.invoke(DirectMethodHandleAccessor.java:103) ~[?:?]
	at java.base/java.lang.reflect.Method.invoke(Method.java:580) ~[?:?]
	at org.testng.internal.invokers.MethodInvocationHelper.invokeMethod(MethodInvocationHelper.java:141) ~[testng-7.10.1.jar:7.10.1]
	at org.testng.internal.invokers.TestInvoker.invokeMethod(TestInvoker.java:686) ~[testng-7.10.1.jar:7.10.1]
	at org.testng.internal.invokers.TestInvoker.invokeTestMethod(TestInvoker.java:230) ~[testng-7.10.1.jar:7.10.1]
	at org.testng.internal.invokers.MethodRunner.runInSequence(MethodRunner.java:63) ~[testng-7.10.1.jar:7.10.1]
	at org.testng.internal.invokers.TestInvoker$MethodInvocationAgent.invoke(TestInvoker.java:992) ~[testng-7.10.1.jar:7.10.1]
	at org.testng.internal.invokers.TestInvoker.invokeTestMethods(TestInvoker.java:203) ~[testng-7.10.1.jar:7.10.1]
	at org.testng.internal.invokers.TestMethodWorker.invokeTestMethods(TestMethodWorker.java:154) ~[testng-7.10.1.jar:7.10.1]
	at org.testng.internal.invokers.TestMethodWorker.run(TestMethodWorker.java:134) ~[testng-7.10.1.jar:7.10.1]
	at java.base/java.util.ArrayList.forEach(ArrayList.java:1596) [?:?]
	at org.testng.TestRunner.privateRun(TestRunner.java:739) [testng-7.10.1.jar:7.10.1]
	at org.testng.TestRunner.run(TestRunner.java:614) [testng-7.10.1.jar:7.10.1]
	at org.testng.SuiteRunner.runTest(SuiteRunner.java:421) [testng-7.10.1.jar:7.10.1]
	at org.testng.SuiteRunner.runSequentially(SuiteRunner.java:413) [testng-7.10.1.jar:7.10.1]
	at org.testng.SuiteRunner.privateRun(SuiteRunner.java:373) [testng-7.10.1.jar:7.10.1]
	at org.testng.SuiteRunner.run(SuiteRunner.java:312) [testng-7.10.1.jar:7.10.1]
	at org.testng.SuiteRunnerWorker.runSuite(SuiteRunnerWorker.java:52) [testng-7.10.1.jar:7.10.1]
	at org.testng.SuiteRunnerWorker.run(SuiteRunnerWorker.java:95) [testng-7.10.1.jar:7.10.1]
	at org.testng.TestNG.runSuitesSequentially(TestNG.java:1274) [testng-7.10.1.jar:7.10.1]
	at org.testng.TestNG.runSuitesLocally(TestNG.java:1208) [testng-7.10.1.jar:7.10.1]
	at org.testng.TestNG.runSuites(TestNG.java:1112) [testng-7.10.1.jar:7.10.1]
	at org.testng.TestNG.run(TestNG.java:1079) [testng-7.10.1.jar:7.10.1]
	at org.testng.remote.AbstractRemoteTestNG.run(AbstractRemoteTestNG.java:115) [testng-remote.jar:?]
	at org.testng.remote.RemoteTestNG.initAndRun(RemoteTestNG.java:293) [testng-remote.jar:?]
	at org.testng.remote.RemoteTestNG.main(RemoteTestNG.java:91) [testng-remote.jar:?]
2026-05-29 11:59:32 [main] INFO  com.swaglabtest.pages.BaseClass - Test started: brokenLinkTestPurchasePage
2026-05-29 11:59:33 [main] ERROR com.swaglabtest.pages.BaseClass - Test Failed: brokenLinkTestPurchasePage
java.lang.AssertionError: The following asserts failed:
	Broken URL https://www.saucedemo.com/icon/icon-192x192.png : 404,
	Broken URL https://www.saucedemo.com/icon/icon-192x192.png : 404
	at org.testng.asserts.SoftAssert.assertAll(SoftAssert.java:46) ~[testng-7.10.1.jar:7.10.1]
	at org.testng.asserts.SoftAssert.assertAll(SoftAssert.java:30) ~[testng-7.10.1.jar:7.10.1]
	at com.swaglabtest.testcases.BrokenLinkTest.brokenLinkTestPurchasePage(BrokenLinkTest.java:99) ~[test-classes/:?]
	at java.base/jdk.internal.reflect.DirectMethodHandleAccessor.invoke(DirectMethodHandleAccessor.java:103) ~[?:?]
	at java.base/java.lang.reflect.Method.invoke(Method.java:580) ~[?:?]
	at org.testng.internal.invokers.MethodInvocationHelper.invokeMethod(MethodInvocationHelper.java:141) ~[testng-7.10.1.jar:7.10.1]
	at org.testng.internal.invokers.TestInvoker.invokeMethod(TestInvoker.java:686) ~[testng-7.10.1.jar:7.10.1]
	at org.testng.internal.invokers.TestInvoker.invokeTestMethod(TestInvoker.java:230) ~[testng-7.10.1.jar:7.10.1]
	at org.testng.internal.invokers.MethodRunner.runInSequence(MethodRunner.java:63) ~[testng-7.10.1.jar:7.10.1]
	at org.testng.internal.invokers.TestInvoker$MethodInvocationAgent.invoke(TestInvoker.java:992) ~[testng-7.10.1.jar:7.10.1]
	at org.testng.internal.invokers.TestInvoker.invokeTestMethods(TestInvoker.java:203) ~[testng-7.10.1.jar:7.10.1]
	at org.testng.internal.invokers.TestMethodWorker.invokeTestMethods(TestMethodWorker.java:154) ~[testng-7.10.1.jar:7.10.1]
	at org.testng.internal.invokers.TestMethodWorker.run(TestMethodWorker.java:134) ~[testng-7.10.1.jar:7.10.1]
	at java.base/java.util.ArrayList.forEach(ArrayList.java:1596) [?:?]
	at org.testng.TestRunner.privateRun(TestRunner.java:739) [testng-7.10.1.jar:7.10.1]
	at org.testng.TestRunner.run(TestRunner.java:614) [testng-7.10.1.jar:7.10.1]
	at org.testng.SuiteRunner.runTest(SuiteRunner.java:421) [testng-7.10.1.jar:7.10.1]
	at org.testng.SuiteRunner.runSequentially(SuiteRunner.java:413) [testng-7.10.1.jar:7.10.1]
	at org.testng.SuiteRunner.privateRun(SuiteRunner.java:373) [testng-7.10.1.jar:7.10.1]
	at org.testng.SuiteRunner.run(SuiteRunner.java:312) [testng-7.10.1.jar:7.10.1]
	at org.testng.SuiteRunnerWorker.runSuite(SuiteRunnerWorker.java:52) [testng-7.10.1.jar:7.10.1]
	at org.testng.SuiteRunnerWorker.run(SuiteRunnerWorker.java:95) [testng-7.10.1.jar:7.10.1]
	at org.testng.TestNG.runSuitesSequentially(TestNG.java:1274) [testng-7.10.1.jar:7.10.1]
	at org.testng.TestNG.runSuitesLocally(TestNG.java:1208) [testng-7.10.1.jar:7.10.1]
	at org.testng.TestNG.runSuites(TestNG.java:1112) [testng-7.10.1.jar:7.10.1]
	at org.testng.TestNG.run(TestNG.java:1079) [testng-7.10.1.jar:7.10.1]
	at org.testng.remote.AbstractRemoteTestNG.run(AbstractRemoteTestNG.java:115) [testng-remote.jar:?]
	at org.testng.remote.RemoteTestNG.initAndRun(RemoteTestNG.java:293) [testng-remote.jar:?]
	at org.testng.remote.RemoteTestNG.main(RemoteTestNG.java:91) [testng-remote.jar:?]
2026-05-29 11:59:34 [main] INFO  com.swaglabtest.pages.BaseClass - Browser closed for class
2026-05-29 11:59:35 [main] INFO  com.swaglabtest.pages.BaseClass - Extent Report flushed
2026-05-29 12:04:37 [main] WARN  org.testng.TestNG - Ignoring duplicate listener : io.qameta.allure.testng.AllureTestNg
2026-05-29 12:04:37 [main] WARN  org.testng.TestNG - Ignoring duplicate listener : io.qameta.allure.testng.AllureTestNg
2026-05-29 12:04:37 [main] WARN  org.testng.TestNG - Ignoring duplicate listener : io.qameta.allure.testng.AllureTestNg
2026-05-29 12:04:37 [main] INFO  org.testng.internal.Utils - [TestNG] Running:
  C:\Users\STZ\EclipsWorkspace\NewSwagLab_Project\XMLFiles\testng.xml

2026-05-29 12:04:37 [main] INFO  com.swaglabtest.pages.BaseClass - Starting Test Suite setup...
2026-05-29 12:04:38 [main] INFO  com.swaglabtest.pages.BaseClass - ExcelDataProvider initialized
2026-05-29 12:04:38 [main] INFO  com.swaglabtest.pages.BaseClass - ConfigProvider initialized
2026-05-29 12:04:38 [main] INFO  com.swaglabtest.pages.BaseClass - Extent Reports XML configuration loaded
2026-05-29 12:04:38 [main] INFO  com.swaglabtest.pages.BaseClass - Extent Report initialized at: C:\Users\STZ\EclipsWorkspace\NewSwagLab_Project/Reports/AutomationReport.html
2026-05-29 12:04:38 [main] INFO  com.swaglabtest.pages.BaseClass - Initializing browser...
2026-05-29 12:04:38 [main] INFO  com.swaglabtest.pages.BaseClass - Browser selected: chrome
2026-05-29 12:04:40 [main] INFO  io.github.bonigarcia.wdm.WebDriverManager - Using chromedriver 148.0.7778.178 (resolved driver for Chrome 148)
2026-05-29 12:04:40 [main] INFO  io.github.bonigarcia.wdm.online.Downloader - Downloading https://storage.googleapis.com/chrome-for-testing-public/148.0.7778.178/win64/chromedriver-win64.zip
2026-05-29 12:04:45 [main] INFO  io.github.bonigarcia.wdm.online.Downloader - Extracting driver from compressed file chromedriver-win64.zip
2026-05-29 12:04:45 [main] INFO  io.github.bonigarcia.wdm.WebDriverManager - Exporting webdriver.chrome.driver as C:\Users\STZ\.cache\selenium\chromedriver\win64\148.0.7778.178\chromedriver.exe
2026-05-29 12:04:48 [main] INFO  com.swaglabtest.pages.BaseClass - Browser initialized successfully: chrome
2026-05-29 12:04:48 [main] INFO  com.swaglabtest.pages.BaseClass - Test started: UserLogingWithCredentials
2026-05-29 12:04:48 [main] INFO  com.swaglabtest.pages.BaseClass - Test Passed: UserLogingWithCredentials
2026-05-29 12:04:48 [main] INFO  com.swaglabtest.pages.BaseClass - Browser closed for class
2026-05-29 12:04:48 [main] INFO  com.swaglabtest.pages.BaseClass - Initializing browser...
2026-05-29 12:04:48 [main] INFO  com.swaglabtest.pages.BaseClass - Browser selected: chrome
2026-05-29 12:04:50 [main] INFO  io.github.bonigarcia.wdm.WebDriverManager - Using chromedriver 148.0.7778.178 (resolved driver for Chrome 148)
2026-05-29 12:04:50 [main] INFO  io.github.bonigarcia.wdm.online.Downloader - Downloading https://storage.googleapis.com/chrome-for-testing-public/148.0.7778.178/win64/chromedriver-win64.zip
2026-05-29 12:04:56 [main] INFO  io.github.bonigarcia.wdm.online.Downloader - Extracting driver from compressed file chromedriver-win64.zip
2026-05-29 12:04:56 [main] INFO  io.github.bonigarcia.wdm.WebDriverManager - Exporting webdriver.chrome.driver as C:\Users\STZ\.cache\selenium\chromedriver\win64\148.0.7778.178\chromedriver.exe
2026-05-29 12:04:59 [main] INFO  com.swaglabtest.pages.BaseClass - Browser initialized successfully: chrome
2026-05-29 12:04:59 [main] INFO  com.swaglabtest.pages.BaseClass - Test started: newPurchasing
2026-05-29 12:05:32 [main] INFO  com.swaglabtest.pages.BaseClass - Test Passed: newPurchasing
2026-05-29 12:05:32 [main] INFO  com.swaglabtest.pages.BaseClass - Test started: sortOrderAscending
2026-05-29 12:05:33 [main] INFO  com.swaglabtest.pages.BaseClass - Test Passed: sortOrderAscending
2026-05-29 12:05:33 [main] INFO  com.swaglabtest.pages.BaseClass - Test started: sortOrderDescending
2026-05-29 12:05:33 [main] INFO  com.swaglabtest.pages.BaseClass - Test Passed: sortOrderDescending
2026-05-29 12:05:33 [main] INFO  com.swaglabtest.pages.BaseClass - Test started: lowerToHighPriceListDown
2026-05-29 12:05:33 [main] INFO  com.swaglabtest.pages.BaseClass - Test Passed: lowerToHighPriceListDown
2026-05-29 12:05:33 [main] INFO  com.swaglabtest.pages.BaseClass - Test started: highToLowerPriceListDown
2026-05-29 12:05:33 [main] INFO  com.swaglabtest.pages.BaseClass - Test Passed: highToLowerPriceListDown
2026-05-29 12:05:33 [main] INFO  com.swaglabtest.pages.BaseClass - Browser closed for class
2026-05-29 12:05:33 [main] INFO  com.swaglabtest.pages.BaseClass - Initializing browser...
2026-05-29 12:05:33 [main] INFO  com.swaglabtest.pages.BaseClass - Browser selected: chrome
2026-05-29 12:05:34 [main] INFO  io.github.bonigarcia.wdm.WebDriverManager - Using chromedriver 148.0.7778.178 (resolved driver for Chrome 148)
2026-05-29 12:05:34 [main] INFO  io.github.bonigarcia.wdm.online.Downloader - Downloading https://storage.googleapis.com/chrome-for-testing-public/148.0.7778.178/win64/chromedriver-win64.zip
2026-05-29 12:05:39 [main] INFO  io.github.bonigarcia.wdm.online.Downloader - Extracting driver from compressed file chromedriver-win64.zip
2026-05-29 12:05:39 [main] INFO  io.github.bonigarcia.wdm.WebDriverManager - Exporting webdriver.chrome.driver as C:\Users\STZ\.cache\selenium\chromedriver\win64\148.0.7778.178\chromedriver.exe
2026-05-29 12:05:41 [main] INFO  com.swaglabtest.pages.BaseClass - Browser initialized successfully: chrome
2026-05-29 12:05:41 [main] INFO  com.swaglabtest.pages.BaseClass - Test started: brokenLinkTestLoginPage
2026-05-29 12:05:42 [main] ERROR com.swaglabtest.pages.BaseClass - Test Failed: brokenLinkTestLoginPage
java.lang.AssertionError: The following asserts failed:
	Broken URL https://www.saucedemo.com/icon/icon-192x192.png : 404
	at org.testng.asserts.SoftAssert.assertAll(SoftAssert.java:46) ~[testng-7.10.1.jar:7.10.1]
	at org.testng.asserts.SoftAssert.assertAll(SoftAssert.java:30) ~[testng-7.10.1.jar:7.10.1]
	at com.swaglabtest.testcases.BrokenLinkTest.brokenLinkTestLoginPage(BrokenLinkTest.java:64) ~[test-classes/:?]
	at java.base/jdk.internal.reflect.DirectMethodHandleAccessor.invoke(DirectMethodHandleAccessor.java:103) ~[?:?]
	at java.base/java.lang.reflect.Method.invoke(Method.java:580) ~[?:?]
	at org.testng.internal.invokers.MethodInvocationHelper.invokeMethod(MethodInvocationHelper.java:141) ~[testng-7.10.1.jar:7.10.1]
	at org.testng.internal.invokers.TestInvoker.invokeMethod(TestInvoker.java:686) ~[testng-7.10.1.jar:7.10.1]
	at org.testng.internal.invokers.TestInvoker.invokeTestMethod(TestInvoker.java:230) ~[testng-7.10.1.jar:7.10.1]
	at org.testng.internal.invokers.MethodRunner.runInSequence(MethodRunner.java:63) ~[testng-7.10.1.jar:7.10.1]
	at org.testng.internal.invokers.TestInvoker$MethodInvocationAgent.invoke(TestInvoker.java:992) ~[testng-7.10.1.jar:7.10.1]
	at org.testng.internal.invokers.TestInvoker.invokeTestMethods(TestInvoker.java:203) ~[testng-7.10.1.jar:7.10.1]
	at org.testng.internal.invokers.TestMethodWorker.invokeTestMethods(TestMethodWorker.java:154) ~[testng-7.10.1.jar:7.10.1]
	at org.testng.internal.invokers.TestMethodWorker.run(TestMethodWorker.java:134) ~[testng-7.10.1.jar:7.10.1]
	at java.base/java.util.ArrayList.forEach(ArrayList.java:1596) [?:?]
	at org.testng.TestRunner.privateRun(TestRunner.java:739) [testng-7.10.1.jar:7.10.1]
	at org.testng.TestRunner.run(TestRunner.java:614) [testng-7.10.1.jar:7.10.1]
	at org.testng.SuiteRunner.runTest(SuiteRunner.java:421) [testng-7.10.1.jar:7.10.1]
	at org.testng.SuiteRunner.runSequentially(SuiteRunner.java:413) [testng-7.10.1.jar:7.10.1]
	at org.testng.SuiteRunner.privateRun(SuiteRunner.java:373) [testng-7.10.1.jar:7.10.1]
	at org.testng.SuiteRunner.run(SuiteRunner.java:312) [testng-7.10.1.jar:7.10.1]
	at org.testng.SuiteRunnerWorker.runSuite(SuiteRunnerWorker.java:52) [testng-7.10.1.jar:7.10.1]
	at org.testng.SuiteRunnerWorker.run(SuiteRunnerWorker.java:95) [testng-7.10.1.jar:7.10.1]
	at org.testng.TestNG.runSuitesSequentially(TestNG.java:1274) [testng-7.10.1.jar:7.10.1]
	at org.testng.TestNG.runSuitesLocally(TestNG.java:1208) [testng-7.10.1.jar:7.10.1]
	at org.testng.TestNG.runSuites(TestNG.java:1112) [testng-7.10.1.jar:7.10.1]
	at org.testng.TestNG.run(TestNG.java:1079) [testng-7.10.1.jar:7.10.1]
	at org.testng.remote.AbstractRemoteTestNG.run(AbstractRemoteTestNG.java:115) [testng-remote.jar:?]
	at org.testng.remote.RemoteTestNG.initAndRun(RemoteTestNG.java:293) [testng-remote.jar:?]
	at org.testng.remote.RemoteTestNG.main(RemoteTestNG.java:91) [testng-remote.jar:?]
2026-05-29 12:05:42 [main] INFO  com.swaglabtest.pages.BaseClass - Test started: brokenLinkTestPurchasePage
2026-05-29 12:05:43 [main] ERROR com.swaglabtest.pages.BaseClass - Test Failed: brokenLinkTestPurchasePage
java.lang.AssertionError: The following asserts failed:
	Broken URL https://www.saucedemo.com/icon/icon-192x192.png : 404,
	Broken URL https://www.saucedemo.com/icon/icon-192x192.png : 404
	at org.testng.asserts.SoftAssert.assertAll(SoftAssert.java:46) ~[testng-7.10.1.jar:7.10.1]
	at org.testng.asserts.SoftAssert.assertAll(SoftAssert.java:30) ~[testng-7.10.1.jar:7.10.1]
	at com.swaglabtest.testcases.BrokenLinkTest.brokenLinkTestPurchasePage(BrokenLinkTest.java:99) ~[test-classes/:?]
	at java.base/jdk.internal.reflect.DirectMethodHandleAccessor.invoke(DirectMethodHandleAccessor.java:103) ~[?:?]
	at java.base/java.lang.reflect.Method.invoke(Method.java:580) ~[?:?]
	at org.testng.internal.invokers.MethodInvocationHelper.invokeMethod(MethodInvocationHelper.java:141) ~[testng-7.10.1.jar:7.10.1]
	at org.testng.internal.invokers.TestInvoker.invokeMethod(TestInvoker.java:686) ~[testng-7.10.1.jar:7.10.1]
	at org.testng.internal.invokers.TestInvoker.invokeTestMethod(TestInvoker.java:230) ~[testng-7.10.1.jar:7.10.1]
	at org.testng.internal.invokers.MethodRunner.runInSequence(MethodRunner.java:63) ~[testng-7.10.1.jar:7.10.1]
	at org.testng.internal.invokers.TestInvoker$MethodInvocationAgent.invoke(TestInvoker.java:992) ~[testng-7.10.1.jar:7.10.1]
	at org.testng.internal.invokers.TestInvoker.invokeTestMethods(TestInvoker.java:203) ~[testng-7.10.1.jar:7.10.1]
	at org.testng.internal.invokers.TestMethodWorker.invokeTestMethods(TestMethodWorker.java:154) ~[testng-7.10.1.jar:7.10.1]
	at org.testng.internal.invokers.TestMethodWorker.run(TestMethodWorker.java:134) ~[testng-7.10.1.jar:7.10.1]
	at java.base/java.util.ArrayList.forEach(ArrayList.java:1596) [?:?]
	at org.testng.TestRunner.privateRun(TestRunner.java:739) [testng-7.10.1.jar:7.10.1]
	at org.testng.TestRunner.run(TestRunner.java:614) [testng-7.10.1.jar:7.10.1]
	at org.testng.SuiteRunner.runTest(SuiteRunner.java:421) [testng-7.10.1.jar:7.10.1]
	at org.testng.SuiteRunner.runSequentially(SuiteRunner.java:413) [testng-7.10.1.jar:7.10.1]
	at org.testng.SuiteRunner.privateRun(SuiteRunner.java:373) [testng-7.10.1.jar:7.10.1]
	at org.testng.SuiteRunner.run(SuiteRunner.java:312) [testng-7.10.1.jar:7.10.1]
	at org.testng.SuiteRunnerWorker.runSuite(SuiteRunnerWorker.java:52) [testng-7.10.1.jar:7.10.1]
	at org.testng.SuiteRunnerWorker.run(SuiteRunnerWorker.java:95) [testng-7.10.1.jar:7.10.1]
	at org.testng.TestNG.runSuitesSequentially(TestNG.java:1274) [testng-7.10.1.jar:7.10.1]
	at org.testng.TestNG.runSuitesLocally(TestNG.java:1208) [testng-7.10.1.jar:7.10.1]
	at org.testng.TestNG.runSuites(TestNG.java:1112) [testng-7.10.1.jar:7.10.1]
	at org.testng.TestNG.run(TestNG.java:1079) [testng-7.10.1.jar:7.10.1]
	at org.testng.remote.AbstractRemoteTestNG.run(AbstractRemoteTestNG.java:115) [testng-remote.jar:?]
	at org.testng.remote.RemoteTestNG.initAndRun(RemoteTestNG.java:293) [testng-remote.jar:?]
	at org.testng.remote.RemoteTestNG.main(RemoteTestNG.java:91) [testng-remote.jar:?]
2026-05-29 12:05:43 [main] INFO  com.swaglabtest.pages.BaseClass - Browser closed for class
2026-05-29 12:05:43 [main] INFO  com.swaglabtest.pages.BaseClass - Initializing browser...
2026-05-29 12:05:43 [main] INFO  com.swaglabtest.pages.BaseClass - Browser selected: firefox
2026-05-29 12:05:44 [main] INFO  io.github.bonigarcia.wdm.WebDriverManager - Using geckodriver 0.36.0 (resolved driver for Firefox 150)
2026-05-29 12:05:44 [main] INFO  io.github.bonigarcia.wdm.WebDriverManager - Reading https://raw.githubusercontent.com/bonigarcia/webdrivermanager/master/docs/mirror/geckodriver to seek geckodriver
2026-05-29 12:05:45 [main] INFO  io.github.bonigarcia.wdm.online.Downloader - Downloading https://github.com/mozilla/geckodriver/releases/download/v0.36.0/geckodriver-v0.36.0-win64.zip
2026-05-29 12:05:47 [main] INFO  io.github.bonigarcia.wdm.online.Downloader - Extracting driver from compressed file geckodriver-v0.36.0-win64.zip
2026-05-29 12:05:47 [main] INFO  io.github.bonigarcia.wdm.WebDriverManager - Exporting webdriver.gecko.driver as C:\Users\STZ\.cache\selenium\geckodriver\win64\0.36.0\geckodriver.exe
2026-05-29 12:05:51 [main] INFO  com.swaglabtest.pages.BaseClass - Browser initialized successfully: firefox
2026-05-29 12:05:51 [main] INFO  com.swaglabtest.pages.BaseClass - Test started: UserLogingWithCredentials
2026-05-29 12:05:51 [main] INFO  com.swaglabtest.pages.BaseClass - Test Passed: UserLogingWithCredentials
2026-05-29 12:05:53 [main] INFO  com.swaglabtest.pages.BaseClass - Browser closed for class
2026-05-29 12:05:53 [main] INFO  com.swaglabtest.pages.BaseClass - Initializing browser...
2026-05-29 12:05:53 [main] INFO  com.swaglabtest.pages.BaseClass - Browser selected: firefox
2026-05-29 12:05:53 [main] INFO  io.github.bonigarcia.wdm.WebDriverManager - Using geckodriver 0.36.0 (resolved driver for Firefox 150)
2026-05-29 12:05:53 [main] INFO  io.github.bonigarcia.wdm.WebDriverManager - Exporting webdriver.gecko.driver as C:\Users\STZ\.cache\selenium\geckodriver\win64\0.36.0\geckodriver.exe
2026-05-29 12:05:58 [main] INFO  com.swaglabtest.pages.BaseClass - Browser initialized successfully: firefox
2026-05-29 12:05:58 [main] INFO  com.swaglabtest.pages.BaseClass - Test started: newPurchasing
2026-05-29 12:06:31 [main] INFO  com.swaglabtest.pages.BaseClass - Test Passed: newPurchasing
2026-05-29 12:06:31 [main] INFO  com.swaglabtest.pages.BaseClass - Test started: sortOrderAscending
2026-05-29 12:06:31 [main] INFO  com.swaglabtest.pages.BaseClass - Test Passed: sortOrderAscending
2026-05-29 12:06:31 [main] INFO  com.swaglabtest.pages.BaseClass - Test started: sortOrderDescending
2026-05-29 12:06:31 [main] INFO  com.swaglabtest.pages.BaseClass - Test Passed: sortOrderDescending
2026-05-29 12:06:31 [main] INFO  com.swaglabtest.pages.BaseClass - Test started: lowerToHighPriceListDown
2026-05-29 12:06:31 [main] INFO  com.swaglabtest.pages.BaseClass - Test Passed: lowerToHighPriceListDown
2026-05-29 12:06:31 [main] INFO  com.swaglabtest.pages.BaseClass - Test started: highToLowerPriceListDown
2026-05-29 12:06:31 [main] INFO  com.swaglabtest.pages.BaseClass - Test Passed: highToLowerPriceListDown
2026-05-29 12:06:33 [main] INFO  com.swaglabtest.pages.BaseClass - Browser closed for class
2026-05-29 12:06:33 [main] INFO  com.swaglabtest.pages.BaseClass - Initializing browser...
2026-05-29 12:06:33 [main] INFO  com.swaglabtest.pages.BaseClass - Browser selected: firefox
2026-05-29 12:06:33 [main] INFO  io.github.bonigarcia.wdm.WebDriverManager - Using geckodriver 0.36.0 (resolved driver for Firefox 150)
2026-05-29 12:06:33 [main] INFO  io.github.bonigarcia.wdm.WebDriverManager - Exporting webdriver.gecko.driver as C:\Users\STZ\.cache\selenium\geckodriver\win64\0.36.0\geckodriver.exe
2026-05-29 12:06:47 [main] INFO  com.swaglabtest.pages.BaseClass - Browser initialized successfully: firefox
2026-05-29 12:06:47 [main] INFO  com.swaglabtest.pages.BaseClass - Test started: brokenLinkTestLoginPage
2026-05-29 12:06:48 [main] ERROR com.swaglabtest.pages.BaseClass - Test Failed: brokenLinkTestLoginPage
java.lang.AssertionError: The following asserts failed:
	Broken URL https://www.saucedemo.com/icon/icon-192x192.png : 404
	at org.testng.asserts.SoftAssert.assertAll(SoftAssert.java:46) ~[testng-7.10.1.jar:7.10.1]
	at org.testng.asserts.SoftAssert.assertAll(SoftAssert.java:30) ~[testng-7.10.1.jar:7.10.1]
	at com.swaglabtest.testcases.BrokenLinkTest.brokenLinkTestLoginPage(BrokenLinkTest.java:64) ~[test-classes/:?]
	at java.base/jdk.internal.reflect.DirectMethodHandleAccessor.invoke(DirectMethodHandleAccessor.java:103) ~[?:?]
	at java.base/java.lang.reflect.Method.invoke(Method.java:580) ~[?:?]
	at org.testng.internal.invokers.MethodInvocationHelper.invokeMethod(MethodInvocationHelper.java:141) ~[testng-7.10.1.jar:7.10.1]
	at org.testng.internal.invokers.TestInvoker.invokeMethod(TestInvoker.java:686) ~[testng-7.10.1.jar:7.10.1]
	at org.testng.internal.invokers.TestInvoker.invokeTestMethod(TestInvoker.java:230) ~[testng-7.10.1.jar:7.10.1]
	at org.testng.internal.invokers.MethodRunner.runInSequence(MethodRunner.java:63) ~[testng-7.10.1.jar:7.10.1]
	at org.testng.internal.invokers.TestInvoker$MethodInvocationAgent.invoke(TestInvoker.java:992) ~[testng-7.10.1.jar:7.10.1]
	at org.testng.internal.invokers.TestInvoker.invokeTestMethods(TestInvoker.java:203) ~[testng-7.10.1.jar:7.10.1]
	at org.testng.internal.invokers.TestMethodWorker.invokeTestMethods(TestMethodWorker.java:154) ~[testng-7.10.1.jar:7.10.1]
	at org.testng.internal.invokers.TestMethodWorker.run(TestMethodWorker.java:134) ~[testng-7.10.1.jar:7.10.1]
	at java.base/java.util.ArrayList.forEach(ArrayList.java:1596) [?:?]
	at org.testng.TestRunner.privateRun(TestRunner.java:739) [testng-7.10.1.jar:7.10.1]
	at org.testng.TestRunner.run(TestRunner.java:614) [testng-7.10.1.jar:7.10.1]
	at org.testng.SuiteRunner.runTest(SuiteRunner.java:421) [testng-7.10.1.jar:7.10.1]
	at org.testng.SuiteRunner.runSequentially(SuiteRunner.java:413) [testng-7.10.1.jar:7.10.1]
	at org.testng.SuiteRunner.privateRun(SuiteRunner.java:373) [testng-7.10.1.jar:7.10.1]
	at org.testng.SuiteRunner.run(SuiteRunner.java:312) [testng-7.10.1.jar:7.10.1]
	at org.testng.SuiteRunnerWorker.runSuite(SuiteRunnerWorker.java:52) [testng-7.10.1.jar:7.10.1]
	at org.testng.SuiteRunnerWorker.run(SuiteRunnerWorker.java:95) [testng-7.10.1.jar:7.10.1]
	at org.testng.TestNG.runSuitesSequentially(TestNG.java:1274) [testng-7.10.1.jar:7.10.1]
	at org.testng.TestNG.runSuitesLocally(TestNG.java:1208) [testng-7.10.1.jar:7.10.1]
	at org.testng.TestNG.runSuites(TestNG.java:1112) [testng-7.10.1.jar:7.10.1]
	at org.testng.TestNG.run(TestNG.java:1079) [testng-7.10.1.jar:7.10.1]
	at org.testng.remote.AbstractRemoteTestNG.run(AbstractRemoteTestNG.java:115) [testng-remote.jar:?]
	at org.testng.remote.RemoteTestNG.initAndRun(RemoteTestNG.java:293) [testng-remote.jar:?]
	at org.testng.remote.RemoteTestNG.main(RemoteTestNG.java:91) [testng-remote.jar:?]
2026-05-29 12:06:48 [main] INFO  com.swaglabtest.pages.BaseClass - Test started: brokenLinkTestPurchasePage
2026-05-29 12:06:49 [main] ERROR com.swaglabtest.pages.BaseClass - Test Failed: brokenLinkTestPurchasePage
java.lang.AssertionError: The following asserts failed:
	Broken URL https://www.saucedemo.com/icon/icon-192x192.png : 404,
	Broken URL https://www.saucedemo.com/icon/icon-192x192.png : 404
	at org.testng.asserts.SoftAssert.assertAll(SoftAssert.java:46) ~[testng-7.10.1.jar:7.10.1]
	at org.testng.asserts.SoftAssert.assertAll(SoftAssert.java:30) ~[testng-7.10.1.jar:7.10.1]
	at com.swaglabtest.testcases.BrokenLinkTest.brokenLinkTestPurchasePage(BrokenLinkTest.java:99) ~[test-classes/:?]
	at java.base/jdk.internal.reflect.DirectMethodHandleAccessor.invoke(DirectMethodHandleAccessor.java:103) ~[?:?]
	at java.base/java.lang.reflect.Method.invoke(Method.java:580) ~[?:?]
	at org.testng.internal.invokers.MethodInvocationHelper.invokeMethod(MethodInvocationHelper.java:141) ~[testng-7.10.1.jar:7.10.1]
	at org.testng.internal.invokers.TestInvoker.invokeMethod(TestInvoker.java:686) ~[testng-7.10.1.jar:7.10.1]
	at org.testng.internal.invokers.TestInvoker.invokeTestMethod(TestInvoker.java:230) ~[testng-7.10.1.jar:7.10.1]
	at org.testng.internal.invokers.MethodRunner.runInSequence(MethodRunner.java:63) ~[testng-7.10.1.jar:7.10.1]
	at org.testng.internal.invokers.TestInvoker$MethodInvocationAgent.invoke(TestInvoker.java:992) ~[testng-7.10.1.jar:7.10.1]
	at org.testng.internal.invokers.TestInvoker.invokeTestMethods(TestInvoker.java:203) ~[testng-7.10.1.jar:7.10.1]
	at org.testng.internal.invokers.TestMethodWorker.invokeTestMethods(TestMethodWorker.java:154) ~[testng-7.10.1.jar:7.10.1]
	at org.testng.internal.invokers.TestMethodWorker.run(TestMethodWorker.java:134) ~[testng-7.10.1.jar:7.10.1]
	at java.base/java.util.ArrayList.forEach(ArrayList.java:1596) [?:?]
	at org.testng.TestRunner.privateRun(TestRunner.java:739) [testng-7.10.1.jar:7.10.1]
	at org.testng.TestRunner.run(TestRunner.java:614) [testng-7.10.1.jar:7.10.1]
	at org.testng.SuiteRunner.runTest(SuiteRunner.java:421) [testng-7.10.1.jar:7.10.1]
	at org.testng.SuiteRunner.runSequentially(SuiteRunner.java:413) [testng-7.10.1.jar:7.10.1]
	at org.testng.SuiteRunner.privateRun(SuiteRunner.java:373) [testng-7.10.1.jar:7.10.1]
	at org.testng.SuiteRunner.run(SuiteRunner.java:312) [testng-7.10.1.jar:7.10.1]
	at org.testng.SuiteRunnerWorker.runSuite(SuiteRunnerWorker.java:52) [testng-7.10.1.jar:7.10.1]
	at org.testng.SuiteRunnerWorker.run(SuiteRunnerWorker.java:95) [testng-7.10.1.jar:7.10.1]
	at org.testng.TestNG.runSuitesSequentially(TestNG.java:1274) [testng-7.10.1.jar:7.10.1]
	at org.testng.TestNG.runSuitesLocally(TestNG.java:1208) [testng-7.10.1.jar:7.10.1]
	at org.testng.TestNG.runSuites(TestNG.java:1112) [testng-7.10.1.jar:7.10.1]
	at org.testng.TestNG.run(TestNG.java:1079) [testng-7.10.1.jar:7.10.1]
	at org.testng.remote.AbstractRemoteTestNG.run(AbstractRemoteTestNG.java:115) [testng-remote.jar:?]
	at org.testng.remote.RemoteTestNG.initAndRun(RemoteTestNG.java:293) [testng-remote.jar:?]
	at org.testng.remote.RemoteTestNG.main(RemoteTestNG.java:91) [testng-remote.jar:?]
2026-05-29 12:06:50 [main] INFO  com.swaglabtest.pages.BaseClass - Browser closed for class
2026-05-29 12:06:50 [main] INFO  com.swaglabtest.pages.BaseClass - Extent Report flushed
2026-05-29 12:10:54 [main] INFO  org.testng.internal.Utils - [Utils] MethodGroupsHelper.collectMethodsByGroup() took 6 ms.
2026-05-29 12:10:54 [main] INFO  org.testng.internal.Utils - [Utils] MethodGroupsHelper.sortMethods() took 7 ms.
2026-05-29 12:10:54 [main] INFO  org.testng.internal.Utils - [Utils] MethodGroupsHelper.collectMethodsByGroup() took 0 ms.
2026-05-29 12:10:54 [main] INFO  org.testng.internal.Utils - [Utils] MethodGroupsHelper.sortMethods() took 0 ms.
2026-05-29 12:10:54 [main] INFO  org.testng.internal.Utils - [Utils] MethodGroupsHelper.collectMethodsByGroup() took 0 ms.
2026-05-29 12:10:54 [main] INFO  org.testng.internal.Utils - [Utils] MethodGroupsHelper.sortMethods() took 0 ms.
2026-05-29 12:10:54 [main] INFO  org.testng.internal.Utils - [Utils] MethodGroupsHelper.collectMethodsByGroup() took 0 ms.
2026-05-29 12:10:54 [main] INFO  org.testng.internal.Utils - [Utils] MethodGroupsHelper.sortMethods() took 0 ms.
2026-05-29 12:10:54 [main] INFO  org.testng.internal.Utils - [Utils] MethodGroupsHelper.collectMethodsByGroup() took 0 ms.
2026-05-29 12:10:54 [main] INFO  org.testng.internal.Utils - [Utils] MethodGroupsHelper.sortMethods() took 1 ms.
2026-05-29 12:10:54 [main] INFO  org.testng.internal.Utils - [Utils] MethodGroupsHelper.collectMethodsByGroup() took 0 ms.
2026-05-29 12:10:54 [main] INFO  org.testng.internal.Utils - [Utils] MethodGroupsHelper.sortMethods() took 0 ms.
2026-05-29 12:10:54 [main] INFO  org.testng.internal.Utils - [Utils] MethodGroupsHelper.collectMethodsByGroup() took 0 ms.
2026-05-29 12:10:54 [main] INFO  org.testng.internal.Utils - [Utils] MethodGroupsHelper.sortMethods() took 0 ms.
2026-05-29 12:10:54 [main] INFO  org.testng.internal.Utils - [Utils] MethodGroupsHelper.collectMethodsByGroup() took 0 ms.
2026-05-29 12:10:54 [main] INFO  org.testng.internal.Utils - [Utils] MethodGroupsHelper.sortMethods() took 0 ms.
2026-05-29 12:10:54 [main] INFO  org.testng.internal.Utils - [Utils] MethodGroupsHelper.collectMethodsByGroup() took 1 ms.
2026-05-29 12:10:54 [main] INFO  org.testng.internal.Utils - [Utils] MethodGroupsHelper.sortMethods() took 9 ms.
2026-05-29 12:10:54 [main] INFO  org.testng.internal.Utils - [Utils] MethodGroupsHelper.collectMethodsByGroup() took 0 ms.
2026-05-29 12:10:54 [main] INFO  org.testng.internal.Utils - [Utils] MethodGroupsHelper.sortMethods() took 0 ms.
2026-05-29 12:10:54 [main] INFO  org.testng.internal.Utils - [Utils] MethodGroupsHelper.collectMethodsByGroup() took 0 ms.
2026-05-29 12:10:54 [main] INFO  org.testng.internal.Utils - [Utils] MethodGroupsHelper.sortMethods() took 0 ms.
2026-05-29 12:10:54 [main] INFO  org.testng.internal.Utils - [Utils] MethodGroupsHelper.collectMethodsByGroup() took 0 ms.
2026-05-29 12:10:54 [main] INFO  org.testng.internal.Utils - [Utils] MethodGroupsHelper.sortMethods() took 0 ms.
2026-05-29 12:10:54 [main] INFO  org.testng.internal.Utils - [Utils] MethodGroupsHelper.collectMethodsByGroup() took 1 ms.
2026-05-29 12:10:54 [main] INFO  org.testng.internal.Utils - [Utils] MethodGroupsHelper.sortMethods() took 0 ms.
2026-05-29 12:10:54 [main] INFO  org.testng.internal.Utils - [Utils] MethodGroupsHelper.collectMethodsByGroup() took 0 ms.
2026-05-29 12:10:54 [main] INFO  org.testng.internal.Utils - [Utils] MethodGroupsHelper.sortMethods() took 0 ms.
2026-05-29 12:10:54 [main] INFO  org.testng.internal.Utils - [Utils] MethodGroupsHelper.collectMethodsByGroup() took 0 ms.
2026-05-29 12:10:54 [main] INFO  org.testng.internal.Utils - [Utils] MethodGroupsHelper.sortMethods() took 0 ms.
2026-05-29 12:10:54 [main] INFO  org.testng.internal.Utils - [TestNG] Running:
  C:\Users\STZ\AppData\Local\Temp\testng-eclipse--1665679468\testng-customsuite.xml

2026-05-29 12:10:54 [main] INFO  com.swaglabtest.pages.BaseClass - Starting Test Suite setup...
2026-05-29 12:10:55 [main] INFO  com.swaglabtest.pages.BaseClass - ExcelDataProvider initialized
2026-05-29 12:10:55 [main] INFO  com.swaglabtest.pages.BaseClass - ConfigProvider initialized
2026-05-29 12:10:55 [main] INFO  com.swaglabtest.pages.BaseClass - Extent Reports XML configuration loaded
2026-05-29 12:10:55 [main] INFO  com.swaglabtest.pages.BaseClass - Extent Report initialized at: C:\Users\STZ\EclipsWorkspace\NewSwagLab_Project/Reports/AutomationReport.html
2026-05-29 12:10:55 [main] INFO  org.testng.internal.Utils - [Utils] DynamicGraphHelper.createDynamicGraph() took 3 ms.
2026-05-29 12:10:55 [main] INFO  com.swaglabtest.pages.BaseClass - Initializing browser...
2026-05-29 12:10:55 [main] INFO  com.swaglabtest.pages.BaseClass - Browser selected: chrome
2026-05-29 12:10:57 [main] INFO  io.github.bonigarcia.wdm.WebDriverManager - Using chromedriver 148.0.7778.178 (resolved driver for Chrome 148)
2026-05-29 12:10:57 [main] INFO  io.github.bonigarcia.wdm.online.Downloader - Downloading https://storage.googleapis.com/chrome-for-testing-public/148.0.7778.178/win64/chromedriver-win64.zip
2026-05-29 12:11:01 [main] INFO  io.github.bonigarcia.wdm.online.Downloader - Extracting driver from compressed file chromedriver-win64.zip
2026-05-29 12:11:02 [main] INFO  io.github.bonigarcia.wdm.WebDriverManager - Exporting webdriver.chrome.driver as C:\Users\STZ\.cache\selenium\chromedriver\win64\148.0.7778.178\chromedriver.exe
2026-05-29 12:11:07 [main] INFO  com.swaglabtest.pages.BaseClass - Browser initialized successfully: chrome
2026-05-29 12:11:07 [main] INFO  com.swaglabtest.pages.BaseClass - Test started: brokenLinkTestLoginPage
2026-05-29 12:11:08 [main] ERROR com.swaglabtest.pages.BaseClass - Test Failed: brokenLinkTestLoginPage
java.lang.AssertionError: The following asserts failed:
	Broken URL https://www.saucedemo.com/icon/icon-192x192.png : 404
	at org.testng.asserts.SoftAssert.assertAll(SoftAssert.java:46) ~[testng-7.10.1.jar:7.10.1]
	at org.testng.asserts.SoftAssert.assertAll(SoftAssert.java:30) ~[testng-7.10.1.jar:7.10.1]
	at com.swaglabtest.testcases.BrokenLinkTest.brokenLinkTestLoginPage(BrokenLinkTest.java:61) ~[test-classes/:?]
	at java.base/jdk.internal.reflect.DirectMethodHandleAccessor.invoke(DirectMethodHandleAccessor.java:103) ~[?:?]
	at java.base/java.lang.reflect.Method.invoke(Method.java:580) ~[?:?]
	at org.testng.internal.invokers.MethodInvocationHelper.invokeMethod(MethodInvocationHelper.java:141) ~[testng-7.10.1.jar:7.10.1]
	at org.testng.internal.invokers.TestInvoker.invokeMethod(TestInvoker.java:686) ~[testng-7.10.1.jar:7.10.1]
	at org.testng.internal.invokers.TestInvoker.invokeTestMethod(TestInvoker.java:230) ~[testng-7.10.1.jar:7.10.1]
	at org.testng.internal.invokers.MethodRunner.runInSequence(MethodRunner.java:63) ~[testng-7.10.1.jar:7.10.1]
	at org.testng.internal.invokers.TestInvoker$MethodInvocationAgent.invoke(TestInvoker.java:992) ~[testng-7.10.1.jar:7.10.1]
	at org.testng.internal.invokers.TestInvoker.invokeTestMethods(TestInvoker.java:203) ~[testng-7.10.1.jar:7.10.1]
	at org.testng.internal.invokers.TestMethodWorker.invokeTestMethods(TestMethodWorker.java:154) ~[testng-7.10.1.jar:7.10.1]
	at org.testng.internal.invokers.TestMethodWorker.run(TestMethodWorker.java:134) ~[testng-7.10.1.jar:7.10.1]
	at java.base/java.util.ArrayList.forEach(ArrayList.java:1596) [?:?]
	at org.testng.TestRunner.privateRun(TestRunner.java:739) [testng-7.10.1.jar:7.10.1]
	at org.testng.TestRunner.run(TestRunner.java:614) [testng-7.10.1.jar:7.10.1]
	at org.testng.SuiteRunner.runTest(SuiteRunner.java:421) [testng-7.10.1.jar:7.10.1]
	at org.testng.SuiteRunner.runSequentially(SuiteRunner.java:413) [testng-7.10.1.jar:7.10.1]
	at org.testng.SuiteRunner.privateRun(SuiteRunner.java:373) [testng-7.10.1.jar:7.10.1]
	at org.testng.SuiteRunner.run(SuiteRunner.java:312) [testng-7.10.1.jar:7.10.1]
	at org.testng.SuiteRunnerWorker.runSuite(SuiteRunnerWorker.java:52) [testng-7.10.1.jar:7.10.1]
	at org.testng.SuiteRunnerWorker.run(SuiteRunnerWorker.java:95) [testng-7.10.1.jar:7.10.1]
	at org.testng.TestNG.runSuitesSequentially(TestNG.java:1274) [testng-7.10.1.jar:7.10.1]
	at org.testng.TestNG.runSuitesLocally(TestNG.java:1208) [testng-7.10.1.jar:7.10.1]
	at org.testng.TestNG.runSuites(TestNG.java:1112) [testng-7.10.1.jar:7.10.1]
	at org.testng.TestNG.run(TestNG.java:1079) [testng-7.10.1.jar:7.10.1]
	at org.testng.remote.AbstractRemoteTestNG.run(AbstractRemoteTestNG.java:115) [testng-remote.jar:?]
	at org.testng.remote.RemoteTestNG.initAndRun(RemoteTestNG.java:293) [testng-remote.jar:?]
	at org.testng.remote.RemoteTestNG.main(RemoteTestNG.java:91) [testng-remote.jar:?]
2026-05-29 12:11:08 [main] INFO  com.swaglabtest.pages.BaseClass - Test started: brokenLinkTestPurchasePage
2026-05-29 12:11:09 [main] ERROR com.swaglabtest.pages.BaseClass - Test Failed: brokenLinkTestPurchasePage
java.lang.AssertionError: The following asserts failed:
	Broken URL https://www.saucedemo.com/icon/icon-192x192.png : 404
	at org.testng.asserts.SoftAssert.assertAll(SoftAssert.java:46) ~[testng-7.10.1.jar:7.10.1]
	at org.testng.asserts.SoftAssert.assertAll(SoftAssert.java:30) ~[testng-7.10.1.jar:7.10.1]
	at com.swaglabtest.testcases.BrokenLinkTest.brokenLinkTestPurchasePage(BrokenLinkTest.java:96) ~[test-classes/:?]
	at java.base/jdk.internal.reflect.DirectMethodHandleAccessor.invoke(DirectMethodHandleAccessor.java:103) ~[?:?]
	at java.base/java.lang.reflect.Method.invoke(Method.java:580) ~[?:?]
	at org.testng.internal.invokers.MethodInvocationHelper.invokeMethod(MethodInvocationHelper.java:141) ~[testng-7.10.1.jar:7.10.1]
	at org.testng.internal.invokers.TestInvoker.invokeMethod(TestInvoker.java:686) ~[testng-7.10.1.jar:7.10.1]
	at org.testng.internal.invokers.TestInvoker.invokeTestMethod(TestInvoker.java:230) ~[testng-7.10.1.jar:7.10.1]
	at org.testng.internal.invokers.MethodRunner.runInSequence(MethodRunner.java:63) ~[testng-7.10.1.jar:7.10.1]
	at org.testng.internal.invokers.TestInvoker$MethodInvocationAgent.invoke(TestInvoker.java:992) ~[testng-7.10.1.jar:7.10.1]
	at org.testng.internal.invokers.TestInvoker.invokeTestMethods(TestInvoker.java:203) ~[testng-7.10.1.jar:7.10.1]
	at org.testng.internal.invokers.TestMethodWorker.invokeTestMethods(TestMethodWorker.java:154) ~[testng-7.10.1.jar:7.10.1]
	at org.testng.internal.invokers.TestMethodWorker.run(TestMethodWorker.java:134) ~[testng-7.10.1.jar:7.10.1]
	at java.base/java.util.ArrayList.forEach(ArrayList.java:1596) [?:?]
	at org.testng.TestRunner.privateRun(TestRunner.java:739) [testng-7.10.1.jar:7.10.1]
	at org.testng.TestRunner.run(TestRunner.java:614) [testng-7.10.1.jar:7.10.1]
	at org.testng.SuiteRunner.runTest(SuiteRunner.java:421) [testng-7.10.1.jar:7.10.1]
	at org.testng.SuiteRunner.runSequentially(SuiteRunner.java:413) [testng-7.10.1.jar:7.10.1]
	at org.testng.SuiteRunner.privateRun(SuiteRunner.java:373) [testng-7.10.1.jar:7.10.1]
	at org.testng.SuiteRunner.run(SuiteRunner.java:312) [testng-7.10.1.jar:7.10.1]
	at org.testng.SuiteRunnerWorker.runSuite(SuiteRunnerWorker.java:52) [testng-7.10.1.jar:7.10.1]
	at org.testng.SuiteRunnerWorker.run(SuiteRunnerWorker.java:95) [testng-7.10.1.jar:7.10.1]
	at org.testng.TestNG.runSuitesSequentially(TestNG.java:1274) [testng-7.10.1.jar:7.10.1]
	at org.testng.TestNG.runSuitesLocally(TestNG.java:1208) [testng-7.10.1.jar:7.10.1]
	at org.testng.TestNG.runSuites(TestNG.java:1112) [testng-7.10.1.jar:7.10.1]
	at org.testng.TestNG.run(TestNG.java:1079) [testng-7.10.1.jar:7.10.1]
	at org.testng.remote.AbstractRemoteTestNG.run(AbstractRemoteTestNG.java:115) [testng-remote.jar:?]
	at org.testng.remote.RemoteTestNG.initAndRun(RemoteTestNG.java:293) [testng-remote.jar:?]
	at org.testng.remote.RemoteTestNG.main(RemoteTestNG.java:91) [testng-remote.jar:?]
2026-05-29 12:11:09 [main] INFO  com.swaglabtest.pages.BaseClass - Browser closed for class
2026-05-29 12:11:09 [main] INFO  com.swaglabtest.pages.BaseClass - Extent Report flushed
2026-05-29 12:11:09 [main] INFO  org.testng.internal.Utils - [TestNG] Time taken by org.testng.reporters.jq.Main@3c07e830: 87 ms
2026-05-29 12:11:09 [main] INFO  org.testng.internal.Utils - [TestNG] Time taken by org.testng.reporters.FailedReporter@6dd20ec9: 34 ms
2026-05-29 12:11:09 [main] INFO  org.testng.internal.Utils - [TestNG] Time taken by org.testng.reporters.XMLReporter@3dda8a2e: 15 ms
2026-05-29 12:11:09 [main] INFO  org.testng.internal.Utils - [TestNG] Time taken by org.testng.reporters.EmailableReporter2@c6a692e: 10 ms
2026-05-29 12:11:09 [main] INFO  org.testng.internal.Utils - [TestNG] Time taken by org.testng.reporters.JUnitReportReporter@6cd2cb2: 6 ms
2026-05-29 12:11:09 [main] INFO  org.testng.internal.Utils - [TestNG] Time taken by org.testng.internal.ExitCodeListener@3a2bb026: 0 ms
2026-05-29 12:12:30 [main] INFO  org.testng.internal.Utils - [Utils] MethodGroupsHelper.collectMethodsByGroup() took 7 ms.
2026-05-29 12:12:30 [main] INFO  org.testng.internal.Utils - [Utils] MethodGroupsHelper.sortMethods() took 11 ms.
2026-05-29 12:12:30 [main] INFO  org.testng.internal.Utils - [Utils] MethodGroupsHelper.collectMethodsByGroup() took 1 ms.
2026-05-29 12:12:30 [main] INFO  org.testng.internal.Utils - [Utils] MethodGroupsHelper.sortMethods() took 0 ms.
2026-05-29 12:12:30 [main] INFO  org.testng.internal.Utils - [Utils] MethodGroupsHelper.collectMethodsByGroup() took 0 ms.
2026-05-29 12:12:30 [main] INFO  org.testng.internal.Utils - [Utils] MethodGroupsHelper.sortMethods() took 0 ms.
2026-05-29 12:12:30 [main] INFO  org.testng.internal.Utils - [Utils] MethodGroupsHelper.collectMethodsByGroup() took 0 ms.
2026-05-29 12:12:30 [main] INFO  org.testng.internal.Utils - [Utils] MethodGroupsHelper.sortMethods() took 0 ms.
2026-05-29 12:12:30 [main] INFO  org.testng.internal.Utils - [Utils] MethodGroupsHelper.collectMethodsByGroup() took 1 ms.
2026-05-29 12:12:30 [main] INFO  org.testng.internal.Utils - [Utils] MethodGroupsHelper.sortMethods() took 0 ms.
2026-05-29 12:12:30 [main] INFO  org.testng.internal.Utils - [Utils] MethodGroupsHelper.collectMethodsByGroup() took 1 ms.
2026-05-29 12:12:30 [main] INFO  org.testng.internal.Utils - [Utils] MethodGroupsHelper.sortMethods() took 0 ms.
2026-05-29 12:12:30 [main] INFO  org.testng.internal.Utils - [Utils] MethodGroupsHelper.collectMethodsByGroup() took 0 ms.
2026-05-29 12:12:30 [main] INFO  org.testng.internal.Utils - [Utils] MethodGroupsHelper.sortMethods() took 0 ms.
2026-05-29 12:12:30 [main] INFO  org.testng.internal.Utils - [Utils] MethodGroupsHelper.collectMethodsByGroup() took 0 ms.
2026-05-29 12:12:30 [main] INFO  org.testng.internal.Utils - [Utils] MethodGroupsHelper.sortMethods() took 0 ms.
2026-05-29 12:12:30 [main] INFO  org.testng.internal.Utils - [Utils] MethodGroupsHelper.collectMethodsByGroup() took 0 ms.
2026-05-29 12:12:30 [main] INFO  org.testng.internal.Utils - [Utils] MethodGroupsHelper.sortMethods() took 9 ms.
2026-05-29 12:12:30 [main] INFO  org.testng.internal.Utils - [Utils] MethodGroupsHelper.collectMethodsByGroup() took 0 ms.
2026-05-29 12:12:30 [main] INFO  org.testng.internal.Utils - [Utils] MethodGroupsHelper.sortMethods() took 0 ms.
2026-05-29 12:12:30 [main] INFO  org.testng.internal.Utils - [Utils] MethodGroupsHelper.collectMethodsByGroup() took 0 ms.
2026-05-29 12:12:30 [main] INFO  org.testng.internal.Utils - [Utils] MethodGroupsHelper.sortMethods() took 0 ms.
2026-05-29 12:12:30 [main] INFO  org.testng.internal.Utils - [Utils] MethodGroupsHelper.collectMethodsByGroup() took 0 ms.
2026-05-29 12:12:30 [main] INFO  org.testng.internal.Utils - [Utils] MethodGroupsHelper.sortMethods() took 0 ms.
2026-05-29 12:12:30 [main] INFO  org.testng.internal.Utils - [Utils] MethodGroupsHelper.collectMethodsByGroup() took 0 ms.
2026-05-29 12:12:30 [main] INFO  org.testng.internal.Utils - [Utils] MethodGroupsHelper.sortMethods() took 0 ms.
2026-05-29 12:12:30 [main] INFO  org.testng.internal.Utils - [Utils] MethodGroupsHelper.collectMethodsByGroup() took 0 ms.
2026-05-29 12:12:30 [main] INFO  org.testng.internal.Utils - [Utils] MethodGroupsHelper.sortMethods() took 0 ms.
2026-05-29 12:12:30 [main] INFO  org.testng.internal.Utils - [Utils] MethodGroupsHelper.collectMethodsByGroup() took 1 ms.
2026-05-29 12:12:30 [main] INFO  org.testng.internal.Utils - [Utils] MethodGroupsHelper.sortMethods() took 0 ms.
2026-05-29 12:12:30 [main] INFO  org.testng.internal.Utils - [TestNG] Running:
  C:\Users\STZ\AppData\Local\Temp\testng-eclipse-749125578\testng-customsuite.xml

2026-05-29 12:12:30 [main] INFO  com.swaglabtest.pages.BaseClass - Starting Test Suite setup...
2026-05-29 12:12:31 [main] INFO  com.swaglabtest.pages.BaseClass - ExcelDataProvider initialized
2026-05-29 12:12:31 [main] INFO  com.swaglabtest.pages.BaseClass - ConfigProvider initialized
2026-05-29 12:12:31 [main] INFO  com.swaglabtest.pages.BaseClass - Extent Reports XML configuration loaded
2026-05-29 12:12:31 [main] INFO  com.swaglabtest.pages.BaseClass - Extent Report initialized at: C:\Users\STZ\EclipsWorkspace\NewSwagLab_Project/Reports/AutomationReport.html
2026-05-29 12:12:31 [main] INFO  org.testng.internal.Utils - [Utils] DynamicGraphHelper.createDynamicGraph() took 7 ms.
2026-05-29 12:12:31 [main] INFO  com.swaglabtest.pages.BaseClass - Initializing browser...
2026-05-29 12:12:31 [main] INFO  com.swaglabtest.pages.BaseClass - Browser selected: chrome
2026-05-29 12:12:39 [main] INFO  io.github.bonigarcia.wdm.WebDriverManager - Using chromedriver 148.0.7778.178 (resolved driver for Chrome 148)
2026-05-29 12:12:39 [main] INFO  io.github.bonigarcia.wdm.online.Downloader - Downloading https://storage.googleapis.com/chrome-for-testing-public/148.0.7778.178/win64/chromedriver-win64.zip
2026-05-29 12:12:45 [main] INFO  io.github.bonigarcia.wdm.online.Downloader - Extracting driver from compressed file chromedriver-win64.zip
2026-05-29 12:12:45 [main] INFO  io.github.bonigarcia.wdm.WebDriverManager - Exporting webdriver.chrome.driver as C:\Users\STZ\.cache\selenium\chromedriver\win64\148.0.7778.178\chromedriver.exe
2026-05-29 12:12:49 [main] INFO  com.swaglabtest.pages.BaseClass - Browser initialized successfully: chrome
2026-05-29 12:12:49 [main] INFO  com.swaglabtest.pages.BaseClass - Test started: brokenLinkTestLoginPage
2026-05-29 12:12:50 [main] ERROR com.swaglabtest.pages.BaseClass - Test Failed: brokenLinkTestLoginPage
java.lang.AssertionError: The following asserts failed:
	Broken URL https://www.saucedemo.com/icon/icon-192x192.png : 404
	at org.testng.asserts.SoftAssert.assertAll(SoftAssert.java:46) ~[testng-7.10.1.jar:7.10.1]
	at org.testng.asserts.SoftAssert.assertAll(SoftAssert.java:30) ~[testng-7.10.1.jar:7.10.1]
	at com.swaglabtest.testcases.BrokenLinkTest.brokenLinkTestLoginPage(BrokenLinkTest.java:63) ~[test-classes/:?]
	at java.base/jdk.internal.reflect.DirectMethodHandleAccessor.invoke(DirectMethodHandleAccessor.java:103) ~[?:?]
	at java.base/java.lang.reflect.Method.invoke(Method.java:580) ~[?:?]
	at org.testng.internal.invokers.MethodInvocationHelper.invokeMethod(MethodInvocationHelper.java:141) ~[testng-7.10.1.jar:7.10.1]
	at org.testng.internal.invokers.TestInvoker.invokeMethod(TestInvoker.java:686) ~[testng-7.10.1.jar:7.10.1]
	at org.testng.internal.invokers.TestInvoker.invokeTestMethod(TestInvoker.java:230) ~[testng-7.10.1.jar:7.10.1]
	at org.testng.internal.invokers.MethodRunner.runInSequence(MethodRunner.java:63) ~[testng-7.10.1.jar:7.10.1]
	at org.testng.internal.invokers.TestInvoker$MethodInvocationAgent.invoke(TestInvoker.java:992) ~[testng-7.10.1.jar:7.10.1]
	at org.testng.internal.invokers.TestInvoker.invokeTestMethods(TestInvoker.java:203) ~[testng-7.10.1.jar:7.10.1]
	at org.testng.internal.invokers.TestMethodWorker.invokeTestMethods(TestMethodWorker.java:154) ~[testng-7.10.1.jar:7.10.1]
	at org.testng.internal.invokers.TestMethodWorker.run(TestMethodWorker.java:134) ~[testng-7.10.1.jar:7.10.1]
	at java.base/java.util.ArrayList.forEach(ArrayList.java:1596) [?:?]
	at org.testng.TestRunner.privateRun(TestRunner.java:739) [testng-7.10.1.jar:7.10.1]
	at org.testng.TestRunner.run(TestRunner.java:614) [testng-7.10.1.jar:7.10.1]
	at org.testng.SuiteRunner.runTest(SuiteRunner.java:421) [testng-7.10.1.jar:7.10.1]
	at org.testng.SuiteRunner.runSequentially(SuiteRunner.java:413) [testng-7.10.1.jar:7.10.1]
	at org.testng.SuiteRunner.privateRun(SuiteRunner.java:373) [testng-7.10.1.jar:7.10.1]
	at org.testng.SuiteRunner.run(SuiteRunner.java:312) [testng-7.10.1.jar:7.10.1]
	at org.testng.SuiteRunnerWorker.runSuite(SuiteRunnerWorker.java:52) [testng-7.10.1.jar:7.10.1]
	at org.testng.SuiteRunnerWorker.run(SuiteRunnerWorker.java:95) [testng-7.10.1.jar:7.10.1]
	at org.testng.TestNG.runSuitesSequentially(TestNG.java:1274) [testng-7.10.1.jar:7.10.1]
	at org.testng.TestNG.runSuitesLocally(TestNG.java:1208) [testng-7.10.1.jar:7.10.1]
	at org.testng.TestNG.runSuites(TestNG.java:1112) [testng-7.10.1.jar:7.10.1]
	at org.testng.TestNG.run(TestNG.java:1079) [testng-7.10.1.jar:7.10.1]
	at org.testng.remote.AbstractRemoteTestNG.run(AbstractRemoteTestNG.java:115) [testng-remote.jar:?]
	at org.testng.remote.RemoteTestNG.initAndRun(RemoteTestNG.java:293) [testng-remote.jar:?]
	at org.testng.remote.RemoteTestNG.main(RemoteTestNG.java:91) [testng-remote.jar:?]
2026-05-29 12:12:50 [main] INFO  com.swaglabtest.pages.BaseClass - Test started: brokenLinkTestPurchasePage
2026-05-29 12:12:51 [main] ERROR com.swaglabtest.pages.BaseClass - Test Failed: brokenLinkTestPurchasePage
java.lang.AssertionError: The following asserts failed:
	Broken URL https://www.saucedemo.com/icon/icon-192x192.png : 404,
	Broken URL https://www.saucedemo.com/icon/icon-192x192.png : 404
	at org.testng.asserts.SoftAssert.assertAll(SoftAssert.java:46) ~[testng-7.10.1.jar:7.10.1]
	at org.testng.asserts.SoftAssert.assertAll(SoftAssert.java:30) ~[testng-7.10.1.jar:7.10.1]
	at com.swaglabtest.testcases.BrokenLinkTest.brokenLinkTestPurchasePage(BrokenLinkTest.java:95) ~[test-classes/:?]
	at java.base/jdk.internal.reflect.DirectMethodHandleAccessor.invoke(DirectMethodHandleAccessor.java:103) ~[?:?]
	at java.base/java.lang.reflect.Method.invoke(Method.java:580) ~[?:?]
	at org.testng.internal.invokers.MethodInvocationHelper.invokeMethod(MethodInvocationHelper.java:141) ~[testng-7.10.1.jar:7.10.1]
	at org.testng.internal.invokers.TestInvoker.invokeMethod(TestInvoker.java:686) ~[testng-7.10.1.jar:7.10.1]
	at org.testng.internal.invokers.TestInvoker.invokeTestMethod(TestInvoker.java:230) ~[testng-7.10.1.jar:7.10.1]
	at org.testng.internal.invokers.MethodRunner.runInSequence(MethodRunner.java:63) ~[testng-7.10.1.jar:7.10.1]
	at org.testng.internal.invokers.TestInvoker$MethodInvocationAgent.invoke(TestInvoker.java:992) ~[testng-7.10.1.jar:7.10.1]
	at org.testng.internal.invokers.TestInvoker.invokeTestMethods(TestInvoker.java:203) ~[testng-7.10.1.jar:7.10.1]
	at org.testng.internal.invokers.TestMethodWorker.invokeTestMethods(TestMethodWorker.java:154) ~[testng-7.10.1.jar:7.10.1]
	at org.testng.internal.invokers.TestMethodWorker.run(TestMethodWorker.java:134) ~[testng-7.10.1.jar:7.10.1]
	at java.base/java.util.ArrayList.forEach(ArrayList.java:1596) [?:?]
	at org.testng.TestRunner.privateRun(TestRunner.java:739) [testng-7.10.1.jar:7.10.1]
	at org.testng.TestRunner.run(TestRunner.java:614) [testng-7.10.1.jar:7.10.1]
	at org.testng.SuiteRunner.runTest(SuiteRunner.java:421) [testng-7.10.1.jar:7.10.1]
	at org.testng.SuiteRunner.runSequentially(SuiteRunner.java:413) [testng-7.10.1.jar:7.10.1]
	at org.testng.SuiteRunner.privateRun(SuiteRunner.java:373) [testng-7.10.1.jar:7.10.1]
	at org.testng.SuiteRunner.run(SuiteRunner.java:312) [testng-7.10.1.jar:7.10.1]
	at org.testng.SuiteRunnerWorker.runSuite(SuiteRunnerWorker.java:52) [testng-7.10.1.jar:7.10.1]
	at org.testng.SuiteRunnerWorker.run(SuiteRunnerWorker.java:95) [testng-7.10.1.jar:7.10.1]
	at org.testng.TestNG.runSuitesSequentially(TestNG.java:1274) [testng-7.10.1.jar:7.10.1]
	at org.testng.TestNG.runSuitesLocally(TestNG.java:1208) [testng-7.10.1.jar:7.10.1]
	at org.testng.TestNG.runSuites(TestNG.java:1112) [testng-7.10.1.jar:7.10.1]
	at org.testng.TestNG.run(TestNG.java:1079) [testng-7.10.1.jar:7.10.1]
	at org.testng.remote.AbstractRemoteTestNG.run(AbstractRemoteTestNG.java:115) [testng-remote.jar:?]
	at org.testng.remote.RemoteTestNG.initAndRun(RemoteTestNG.java:293) [testng-remote.jar:?]
	at org.testng.remote.RemoteTestNG.main(RemoteTestNG.java:91) [testng-remote.jar:?]
2026-05-29 12:12:51 [main] INFO  com.swaglabtest.pages.BaseClass - Browser closed for class
2026-05-29 12:12:52 [main] INFO  com.swaglabtest.pages.BaseClass - Extent Report flushed
2026-05-29 12:12:52 [main] INFO  org.testng.internal.Utils - [TestNG] Time taken by org.testng.reporters.jq.Main@173b1af1: 61 ms
2026-05-29 12:12:52 [main] INFO  org.testng.internal.Utils - [TestNG] Time taken by org.testng.reporters.FailedReporter@7d126083: 13 ms
2026-05-29 12:12:52 [main] INFO  org.testng.internal.Utils - [TestNG] Time taken by org.testng.reporters.XMLReporter@6a2badb1: 11 ms
2026-05-29 12:12:52 [main] INFO  org.testng.internal.Utils - [TestNG] Time taken by org.testng.reporters.EmailableReporter2@6fd7aba8: 7 ms
2026-05-29 12:12:52 [main] INFO  org.testng.internal.Utils - [TestNG] Time taken by org.testng.reporters.JUnitReportReporter@717a8a76: 21 ms
2026-05-29 12:12:52 [main] INFO  org.testng.internal.Utils - [TestNG] Time taken by org.testng.internal.ExitCodeListener@62de73eb: 0 ms
2026-05-29 12:14:38 [main] INFO  org.testng.internal.Utils - [Utils] MethodGroupsHelper.collectMethodsByGroup() took 6 ms.
2026-05-29 12:14:38 [main] INFO  org.testng.internal.Utils - [Utils] MethodGroupsHelper.sortMethods() took 9 ms.
2026-05-29 12:14:38 [main] INFO  org.testng.internal.Utils - [Utils] MethodGroupsHelper.collectMethodsByGroup() took 0 ms.
2026-05-29 12:14:38 [main] INFO  org.testng.internal.Utils - [Utils] MethodGroupsHelper.sortMethods() took 0 ms.
2026-05-29 12:14:38 [main] INFO  org.testng.internal.Utils - [Utils] MethodGroupsHelper.collectMethodsByGroup() took 0 ms.
2026-05-29 12:14:38 [main] INFO  org.testng.internal.Utils - [Utils] MethodGroupsHelper.sortMethods() took 0 ms.
2026-05-29 12:14:38 [main] INFO  org.testng.internal.Utils - [Utils] MethodGroupsHelper.collectMethodsByGroup() took 0 ms.
2026-05-29 12:14:38 [main] INFO  org.testng.internal.Utils - [Utils] MethodGroupsHelper.sortMethods() took 0 ms.
2026-05-29 12:14:38 [main] INFO  org.testng.internal.Utils - [Utils] MethodGroupsHelper.collectMethodsByGroup() took 0 ms.
2026-05-29 12:14:38 [main] INFO  org.testng.internal.Utils - [Utils] MethodGroupsHelper.sortMethods() took 0 ms.
2026-05-29 12:14:38 [main] INFO  org.testng.internal.Utils - [Utils] MethodGroupsHelper.collectMethodsByGroup() took 0 ms.
2026-05-29 12:14:38 [main] INFO  org.testng.internal.Utils - [Utils] MethodGroupsHelper.sortMethods() took 0 ms.
2026-05-29 12:14:38 [main] INFO  org.testng.internal.Utils - [Utils] MethodGroupsHelper.collectMethodsByGroup() took 0 ms.
2026-05-29 12:14:38 [main] INFO  org.testng.internal.Utils - [Utils] MethodGroupsHelper.sortMethods() took 0 ms.
2026-05-29 12:14:38 [main] INFO  org.testng.internal.Utils - [Utils] MethodGroupsHelper.collectMethodsByGroup() took 0 ms.
2026-05-29 12:14:38 [main] INFO  org.testng.internal.Utils - [Utils] MethodGroupsHelper.sortMethods() took 0 ms.
2026-05-29 12:14:38 [main] INFO  org.testng.internal.Utils - [Utils] MethodGroupsHelper.collectMethodsByGroup() took 0 ms.
2026-05-29 12:14:38 [main] INFO  org.testng.internal.Utils - [Utils] MethodGroupsHelper.sortMethods() took 7 ms.
2026-05-29 12:14:38 [main] INFO  org.testng.internal.Utils - [Utils] MethodGroupsHelper.collectMethodsByGroup() took 0 ms.
2026-05-29 12:14:38 [main] INFO  org.testng.internal.Utils - [Utils] MethodGroupsHelper.sortMethods() took 0 ms.
2026-05-29 12:14:38 [main] INFO  org.testng.internal.Utils - [Utils] MethodGroupsHelper.collectMethodsByGroup() took 1 ms.
2026-05-29 12:14:38 [main] INFO  org.testng.internal.Utils - [Utils] MethodGroupsHelper.sortMethods() took 0 ms.
2026-05-29 12:14:38 [main] INFO  org.testng.internal.Utils - [Utils] MethodGroupsHelper.collectMethodsByGroup() took 0 ms.
2026-05-29 12:14:38 [main] INFO  org.testng.internal.Utils - [Utils] MethodGroupsHelper.sortMethods() took 0 ms.
2026-05-29 12:14:38 [main] INFO  org.testng.internal.Utils - [Utils] MethodGroupsHelper.collectMethodsByGroup() took 1 ms.
2026-05-29 12:14:38 [main] INFO  org.testng.internal.Utils - [Utils] MethodGroupsHelper.sortMethods() took 0 ms.
2026-05-29 12:14:38 [main] INFO  org.testng.internal.Utils - [Utils] MethodGroupsHelper.collectMethodsByGroup() took 0 ms.
2026-05-29 12:14:38 [main] INFO  org.testng.internal.Utils - [Utils] MethodGroupsHelper.sortMethods() took 1 ms.
2026-05-29 12:14:38 [main] INFO  org.testng.internal.Utils - [Utils] MethodGroupsHelper.collectMethodsByGroup() took 0 ms.
2026-05-29 12:14:38 [main] INFO  org.testng.internal.Utils - [Utils] MethodGroupsHelper.sortMethods() took 0 ms.
2026-05-29 12:14:38 [main] INFO  org.testng.internal.Utils - [TestNG] Running:
  C:\Users\STZ\AppData\Local\Temp\testng-eclipse-1900510470\testng-customsuite.xml

2026-05-29 12:14:38 [main] INFO  com.swaglabtest.pages.BaseClass - Starting Test Suite setup...
2026-05-29 12:14:39 [main] INFO  com.swaglabtest.pages.BaseClass - ExcelDataProvider initialized
2026-05-29 12:14:39 [main] INFO  com.swaglabtest.pages.BaseClass - ConfigProvider initialized
2026-05-29 12:14:39 [main] INFO  com.swaglabtest.pages.BaseClass - Extent Reports XML configuration loaded
2026-05-29 12:14:39 [main] INFO  com.swaglabtest.pages.BaseClass - Extent Report initialized at: C:\Users\STZ\EclipsWorkspace\NewSwagLab_Project/Reports/AutomationReport.html
2026-05-29 12:14:39 [main] INFO  org.testng.internal.Utils - [Utils] DynamicGraphHelper.createDynamicGraph() took 3 ms.
2026-05-29 12:14:40 [main] INFO  com.swaglabtest.pages.BaseClass - Initializing browser...
2026-05-29 12:14:40 [main] INFO  com.swaglabtest.pages.BaseClass - Browser selected: chrome
2026-05-29 12:14:42 [main] INFO  io.github.bonigarcia.wdm.WebDriverManager - Using chromedriver 148.0.7778.178 (resolved driver for Chrome 148)
2026-05-29 12:14:42 [main] INFO  io.github.bonigarcia.wdm.online.Downloader - Downloading https://storage.googleapis.com/chrome-for-testing-public/148.0.7778.178/win64/chromedriver-win64.zip
2026-05-29 12:14:46 [main] INFO  io.github.bonigarcia.wdm.online.Downloader - Extracting driver from compressed file chromedriver-win64.zip
2026-05-29 12:14:47 [main] INFO  io.github.bonigarcia.wdm.WebDriverManager - Exporting webdriver.chrome.driver as C:\Users\STZ\.cache\selenium\chromedriver\win64\148.0.7778.178\chromedriver.exe
2026-05-29 12:14:49 [main] INFO  com.swaglabtest.pages.BaseClass - Browser initialized successfully: chrome
2026-05-29 12:14:49 [main] INFO  com.swaglabtest.pages.BaseClass - Test started: brokenLinkTestLoginPage
2026-05-29 12:14:50 [main] ERROR com.swaglabtest.pages.BaseClass - Test Failed: brokenLinkTestLoginPage
java.lang.AssertionError: The following asserts failed:
	Broken URL https://www.saucedemo.com/icon/icon-192x192.png : 404
	at org.testng.asserts.SoftAssert.assertAll(SoftAssert.java:46) ~[testng-7.10.1.jar:7.10.1]
	at org.testng.asserts.SoftAssert.assertAll(SoftAssert.java:30) ~[testng-7.10.1.jar:7.10.1]
	at com.swaglabtest.testcases.BrokenLinkTest.brokenLinkTestLoginPage(BrokenLinkTest.java:64) ~[test-classes/:?]
	at java.base/jdk.internal.reflect.DirectMethodHandleAccessor.invoke(DirectMethodHandleAccessor.java:103) ~[?:?]
	at java.base/java.lang.reflect.Method.invoke(Method.java:580) ~[?:?]
	at org.testng.internal.invokers.MethodInvocationHelper.invokeMethod(MethodInvocationHelper.java:141) ~[testng-7.10.1.jar:7.10.1]
	at org.testng.internal.invokers.TestInvoker.invokeMethod(TestInvoker.java:686) ~[testng-7.10.1.jar:7.10.1]
	at org.testng.internal.invokers.TestInvoker.invokeTestMethod(TestInvoker.java:230) ~[testng-7.10.1.jar:7.10.1]
	at org.testng.internal.invokers.MethodRunner.runInSequence(MethodRunner.java:63) ~[testng-7.10.1.jar:7.10.1]
	at org.testng.internal.invokers.TestInvoker$MethodInvocationAgent.invoke(TestInvoker.java:992) ~[testng-7.10.1.jar:7.10.1]
	at org.testng.internal.invokers.TestInvoker.invokeTestMethods(TestInvoker.java:203) ~[testng-7.10.1.jar:7.10.1]
	at org.testng.internal.invokers.TestMethodWorker.invokeTestMethods(TestMethodWorker.java:154) ~[testng-7.10.1.jar:7.10.1]
	at org.testng.internal.invokers.TestMethodWorker.run(TestMethodWorker.java:134) ~[testng-7.10.1.jar:7.10.1]
	at java.base/java.util.ArrayList.forEach(ArrayList.java:1596) [?:?]
	at org.testng.TestRunner.privateRun(TestRunner.java:739) [testng-7.10.1.jar:7.10.1]
	at org.testng.TestRunner.run(TestRunner.java:614) [testng-7.10.1.jar:7.10.1]
	at org.testng.SuiteRunner.runTest(SuiteRunner.java:421) [testng-7.10.1.jar:7.10.1]
	at org.testng.SuiteRunner.runSequentially(SuiteRunner.java:413) [testng-7.10.1.jar:7.10.1]
	at org.testng.SuiteRunner.privateRun(SuiteRunner.java:373) [testng-7.10.1.jar:7.10.1]
	at org.testng.SuiteRunner.run(SuiteRunner.java:312) [testng-7.10.1.jar:7.10.1]
	at org.testng.SuiteRunnerWorker.runSuite(SuiteRunnerWorker.java:52) [testng-7.10.1.jar:7.10.1]
	at org.testng.SuiteRunnerWorker.run(SuiteRunnerWorker.java:95) [testng-7.10.1.jar:7.10.1]
	at org.testng.TestNG.runSuitesSequentially(TestNG.java:1274) [testng-7.10.1.jar:7.10.1]
	at org.testng.TestNG.runSuitesLocally(TestNG.java:1208) [testng-7.10.1.jar:7.10.1]
	at org.testng.TestNG.runSuites(TestNG.java:1112) [testng-7.10.1.jar:7.10.1]
	at org.testng.TestNG.run(TestNG.java:1079) [testng-7.10.1.jar:7.10.1]
	at org.testng.remote.AbstractRemoteTestNG.run(AbstractRemoteTestNG.java:115) [testng-remote.jar:?]
	at org.testng.remote.RemoteTestNG.initAndRun(RemoteTestNG.java:293) [testng-remote.jar:?]
	at org.testng.remote.RemoteTestNG.main(RemoteTestNG.java:91) [testng-remote.jar:?]
2026-05-29 12:14:50 [main] INFO  com.swaglabtest.pages.BaseClass - Test started: brokenLinkTestPurchasePage
2026-05-29 12:14:51 [main] ERROR com.swaglabtest.pages.BaseClass - Test Failed: brokenLinkTestPurchasePage
java.lang.AssertionError: The following asserts failed:
	Broken URL https://www.saucedemo.com/icon/icon-192x192.png : 404
	at org.testng.asserts.SoftAssert.assertAll(SoftAssert.java:46) ~[testng-7.10.1.jar:7.10.1]
	at org.testng.asserts.SoftAssert.assertAll(SoftAssert.java:30) ~[testng-7.10.1.jar:7.10.1]
	at com.swaglabtest.testcases.BrokenLinkTest.brokenLinkTestPurchasePage(BrokenLinkTest.java:97) ~[test-classes/:?]
	at java.base/jdk.internal.reflect.DirectMethodHandleAccessor.invoke(DirectMethodHandleAccessor.java:103) ~[?:?]
	at java.base/java.lang.reflect.Method.invoke(Method.java:580) ~[?:?]
	at org.testng.internal.invokers.MethodInvocationHelper.invokeMethod(MethodInvocationHelper.java:141) ~[testng-7.10.1.jar:7.10.1]
	at org.testng.internal.invokers.TestInvoker.invokeMethod(TestInvoker.java:686) ~[testng-7.10.1.jar:7.10.1]
	at org.testng.internal.invokers.TestInvoker.invokeTestMethod(TestInvoker.java:230) ~[testng-7.10.1.jar:7.10.1]
	at org.testng.internal.invokers.MethodRunner.runInSequence(MethodRunner.java:63) ~[testng-7.10.1.jar:7.10.1]
	at org.testng.internal.invokers.TestInvoker$MethodInvocationAgent.invoke(TestInvoker.java:992) ~[testng-7.10.1.jar:7.10.1]
	at org.testng.internal.invokers.TestInvoker.invokeTestMethods(TestInvoker.java:203) ~[testng-7.10.1.jar:7.10.1]
	at org.testng.internal.invokers.TestMethodWorker.invokeTestMethods(TestMethodWorker.java:154) ~[testng-7.10.1.jar:7.10.1]
	at org.testng.internal.invokers.TestMethodWorker.run(TestMethodWorker.java:134) ~[testng-7.10.1.jar:7.10.1]
	at java.base/java.util.ArrayList.forEach(ArrayList.java:1596) [?:?]
	at org.testng.TestRunner.privateRun(TestRunner.java:739) [testng-7.10.1.jar:7.10.1]
	at org.testng.TestRunner.run(TestRunner.java:614) [testng-7.10.1.jar:7.10.1]
	at org.testng.SuiteRunner.runTest(SuiteRunner.java:421) [testng-7.10.1.jar:7.10.1]
	at org.testng.SuiteRunner.runSequentially(SuiteRunner.java:413) [testng-7.10.1.jar:7.10.1]
	at org.testng.SuiteRunner.privateRun(SuiteRunner.java:373) [testng-7.10.1.jar:7.10.1]
	at org.testng.SuiteRunner.run(SuiteRunner.java:312) [testng-7.10.1.jar:7.10.1]
	at org.testng.SuiteRunnerWorker.runSuite(SuiteRunnerWorker.java:52) [testng-7.10.1.jar:7.10.1]
	at org.testng.SuiteRunnerWorker.run(SuiteRunnerWorker.java:95) [testng-7.10.1.jar:7.10.1]
	at org.testng.TestNG.runSuitesSequentially(TestNG.java:1274) [testng-7.10.1.jar:7.10.1]
	at org.testng.TestNG.runSuitesLocally(TestNG.java:1208) [testng-7.10.1.jar:7.10.1]
	at org.testng.TestNG.runSuites(TestNG.java:1112) [testng-7.10.1.jar:7.10.1]
	at org.testng.TestNG.run(TestNG.java:1079) [testng-7.10.1.jar:7.10.1]
	at org.testng.remote.AbstractRemoteTestNG.run(AbstractRemoteTestNG.java:115) [testng-remote.jar:?]
	at org.testng.remote.RemoteTestNG.initAndRun(RemoteTestNG.java:293) [testng-remote.jar:?]
	at org.testng.remote.RemoteTestNG.main(RemoteTestNG.java:91) [testng-remote.jar:?]
2026-05-29 12:14:52 [main] INFO  com.swaglabtest.pages.BaseClass - Browser closed for class
2026-05-29 12:14:52 [main] INFO  com.swaglabtest.pages.BaseClass - Extent Report flushed
2026-05-29 12:14:52 [main] INFO  org.testng.internal.Utils - [TestNG] Time taken by org.testng.reporters.jq.Main@173b1af1: 59 ms
2026-05-29 12:14:52 [main] INFO  org.testng.internal.Utils - [TestNG] Time taken by org.testng.reporters.FailedReporter@7d126083: 12 ms
2026-05-29 12:14:52 [main] INFO  org.testng.internal.Utils - [TestNG] Time taken by org.testng.reporters.XMLReporter@6a2badb1: 10 ms
2026-05-29 12:14:52 [main] INFO  org.testng.internal.Utils - [TestNG] Time taken by org.testng.reporters.EmailableReporter2@6fd7aba8: 6 ms
2026-05-29 12:14:52 [main] INFO  org.testng.internal.Utils - [TestNG] Time taken by org.testng.reporters.JUnitReportReporter@717a8a76: 5 ms
2026-05-29 12:14:52 [main] INFO  org.testng.internal.Utils - [TestNG] Time taken by org.testng.internal.ExitCodeListener@62de73eb: 0 ms
2026-05-29 12:18:28 [main] INFO  org.testng.internal.Utils - [Utils] MethodGroupsHelper.collectMethodsByGroup() took 6 ms.
2026-05-29 12:18:28 [main] INFO  org.testng.internal.Utils - [Utils] MethodGroupsHelper.sortMethods() took 8 ms.
2026-05-29 12:18:28 [main] INFO  org.testng.internal.Utils - [Utils] MethodGroupsHelper.collectMethodsByGroup() took 0 ms.
2026-05-29 12:18:28 [main] INFO  org.testng.internal.Utils - [Utils] MethodGroupsHelper.sortMethods() took 1 ms.
2026-05-29 12:18:28 [main] INFO  org.testng.internal.Utils - [Utils] MethodGroupsHelper.collectMethodsByGroup() took 0 ms.
2026-05-29 12:18:28 [main] INFO  org.testng.internal.Utils - [Utils] MethodGroupsHelper.sortMethods() took 0 ms.
2026-05-29 12:18:28 [main] INFO  org.testng.internal.Utils - [Utils] MethodGroupsHelper.collectMethodsByGroup() took 0 ms.
2026-05-29 12:18:28 [main] INFO  org.testng.internal.Utils - [Utils] MethodGroupsHelper.sortMethods() took 0 ms.
2026-05-29 12:18:28 [main] INFO  org.testng.internal.Utils - [Utils] MethodGroupsHelper.collectMethodsByGroup() took 0 ms.
2026-05-29 12:18:28 [main] INFO  org.testng.internal.Utils - [Utils] MethodGroupsHelper.sortMethods() took 1 ms.
2026-05-29 12:18:28 [main] INFO  org.testng.internal.Utils - [Utils] MethodGroupsHelper.collectMethodsByGroup() took 0 ms.
2026-05-29 12:18:28 [main] INFO  org.testng.internal.Utils - [Utils] MethodGroupsHelper.sortMethods() took 0 ms.
2026-05-29 12:18:28 [main] INFO  org.testng.internal.Utils - [Utils] MethodGroupsHelper.collectMethodsByGroup() took 0 ms.
2026-05-29 12:18:28 [main] INFO  org.testng.internal.Utils - [Utils] MethodGroupsHelper.sortMethods() took 0 ms.
2026-05-29 12:18:28 [main] INFO  org.testng.internal.Utils - [Utils] MethodGroupsHelper.collectMethodsByGroup() took 0 ms.
2026-05-29 12:18:28 [main] INFO  org.testng.internal.Utils - [Utils] MethodGroupsHelper.sortMethods() took 0 ms.
2026-05-29 12:18:28 [main] INFO  org.testng.internal.Utils - [Utils] MethodGroupsHelper.collectMethodsByGroup() took 0 ms.
2026-05-29 12:18:28 [main] INFO  org.testng.internal.Utils - [Utils] MethodGroupsHelper.sortMethods() took 7 ms.
2026-05-29 12:18:28 [main] INFO  org.testng.internal.Utils - [Utils] MethodGroupsHelper.collectMethodsByGroup() took 0 ms.
2026-05-29 12:18:28 [main] INFO  org.testng.internal.Utils - [Utils] MethodGroupsHelper.sortMethods() took 0 ms.
2026-05-29 12:18:28 [main] INFO  org.testng.internal.Utils - [Utils] MethodGroupsHelper.collectMethodsByGroup() took 0 ms.
2026-05-29 12:18:28 [main] INFO  org.testng.internal.Utils - [Utils] MethodGroupsHelper.sortMethods() took 0 ms.
2026-05-29 12:18:28 [main] INFO  org.testng.internal.Utils - [Utils] MethodGroupsHelper.collectMethodsByGroup() took 0 ms.
2026-05-29 12:18:28 [main] INFO  org.testng.internal.Utils - [Utils] MethodGroupsHelper.sortMethods() took 1 ms.
2026-05-29 12:18:28 [main] INFO  org.testng.internal.Utils - [Utils] MethodGroupsHelper.collectMethodsByGroup() took 0 ms.
2026-05-29 12:18:28 [main] INFO  org.testng.internal.Utils - [Utils] MethodGroupsHelper.sortMethods() took 1 ms.
2026-05-29 12:18:28 [main] INFO  org.testng.internal.Utils - [Utils] MethodGroupsHelper.collectMethodsByGroup() took 0 ms.
2026-05-29 12:18:28 [main] INFO  org.testng.internal.Utils - [Utils] MethodGroupsHelper.sortMethods() took 0 ms.
2026-05-29 12:18:28 [main] INFO  org.testng.internal.Utils - [Utils] MethodGroupsHelper.collectMethodsByGroup() took 0 ms.
2026-05-29 12:18:28 [main] INFO  org.testng.internal.Utils - [Utils] MethodGroupsHelper.sortMethods() took 0 ms.
2026-05-29 12:18:28 [main] INFO  org.testng.internal.Utils - [TestNG] Running:
  C:\Users\STZ\AppData\Local\Temp\testng-eclipse-1915621302\testng-customsuite.xml

2026-05-29 12:18:28 [main] INFO  com.swaglabtest.pages.BaseClass - Starting Test Suite setup...
2026-05-29 12:18:29 [main] INFO  com.swaglabtest.pages.BaseClass - ExcelDataProvider initialized
2026-05-29 12:18:29 [main] INFO  com.swaglabtest.pages.BaseClass - ConfigProvider initialized
2026-05-29 12:18:29 [main] INFO  com.swaglabtest.pages.BaseClass - Extent Reports XML configuration loaded
2026-05-29 12:18:29 [main] INFO  com.swaglabtest.pages.BaseClass - Extent Report initialized at: C:\Users\STZ\EclipsWorkspace\NewSwagLab_Project/Reports/AutomationReport.html
2026-05-29 12:18:29 [main] INFO  org.testng.internal.Utils - [Utils] DynamicGraphHelper.createDynamicGraph() took 3 ms.
2026-05-29 12:18:29 [main] INFO  com.swaglabtest.pages.BaseClass - Initializing browser...
2026-05-29 12:18:29 [main] INFO  com.swaglabtest.pages.BaseClass - Browser selected: chrome
2026-05-29 12:18:31 [main] INFO  io.github.bonigarcia.wdm.WebDriverManager - Using chromedriver 148.0.7778.178 (resolved driver for Chrome 148)
2026-05-29 12:18:31 [main] INFO  io.github.bonigarcia.wdm.online.Downloader - Downloading https://storage.googleapis.com/chrome-for-testing-public/148.0.7778.178/win64/chromedriver-win64.zip
2026-05-29 12:18:34 [main] INFO  io.github.bonigarcia.wdm.online.Downloader - Extracting driver from compressed file chromedriver-win64.zip
2026-05-29 12:18:34 [main] INFO  io.github.bonigarcia.wdm.WebDriverManager - Exporting webdriver.chrome.driver as C:\Users\STZ\.cache\selenium\chromedriver\win64\148.0.7778.178\chromedriver.exe
2026-05-29 12:18:37 [main] INFO  com.swaglabtest.pages.BaseClass - Browser initialized successfully: chrome
2026-05-29 12:18:37 [main] INFO  com.swaglabtest.pages.BaseClass - Test started: brokenLinkTestLoginPage
2026-05-29 12:18:38 [main] ERROR com.swaglabtest.pages.BaseClass - Test Failed: brokenLinkTestLoginPage
java.lang.AssertionError: The following asserts failed:
	Broken URL https://www.saucedemo.com/icon/icon-192x192.png : 404
	at org.testng.asserts.SoftAssert.assertAll(SoftAssert.java:46) ~[testng-7.10.1.jar:7.10.1]
	at org.testng.asserts.SoftAssert.assertAll(SoftAssert.java:30) ~[testng-7.10.1.jar:7.10.1]
	at com.swaglabtest.testcases.BrokenLinkTest.brokenLinkTestLoginPage(BrokenLinkTest.java:58) ~[test-classes/:?]
	at java.base/jdk.internal.reflect.DirectMethodHandleAccessor.invoke(DirectMethodHandleAccessor.java:103) ~[?:?]
	at java.base/java.lang.reflect.Method.invoke(Method.java:580) ~[?:?]
	at org.testng.internal.invokers.MethodInvocationHelper.invokeMethod(MethodInvocationHelper.java:141) ~[testng-7.10.1.jar:7.10.1]
	at org.testng.internal.invokers.TestInvoker.invokeMethod(TestInvoker.java:686) ~[testng-7.10.1.jar:7.10.1]
	at org.testng.internal.invokers.TestInvoker.invokeTestMethod(TestInvoker.java:230) ~[testng-7.10.1.jar:7.10.1]
	at org.testng.internal.invokers.MethodRunner.runInSequence(MethodRunner.java:63) ~[testng-7.10.1.jar:7.10.1]
	at org.testng.internal.invokers.TestInvoker$MethodInvocationAgent.invoke(TestInvoker.java:992) ~[testng-7.10.1.jar:7.10.1]
	at org.testng.internal.invokers.TestInvoker.invokeTestMethods(TestInvoker.java:203) ~[testng-7.10.1.jar:7.10.1]
	at org.testng.internal.invokers.TestMethodWorker.invokeTestMethods(TestMethodWorker.java:154) ~[testng-7.10.1.jar:7.10.1]
	at org.testng.internal.invokers.TestMethodWorker.run(TestMethodWorker.java:134) ~[testng-7.10.1.jar:7.10.1]
	at java.base/java.util.ArrayList.forEach(ArrayList.java:1596) [?:?]
	at org.testng.TestRunner.privateRun(TestRunner.java:739) [testng-7.10.1.jar:7.10.1]
	at org.testng.TestRunner.run(TestRunner.java:614) [testng-7.10.1.jar:7.10.1]
	at org.testng.SuiteRunner.runTest(SuiteRunner.java:421) [testng-7.10.1.jar:7.10.1]
	at org.testng.SuiteRunner.runSequentially(SuiteRunner.java:413) [testng-7.10.1.jar:7.10.1]
	at org.testng.SuiteRunner.privateRun(SuiteRunner.java:373) [testng-7.10.1.jar:7.10.1]
	at org.testng.SuiteRunner.run(SuiteRunner.java:312) [testng-7.10.1.jar:7.10.1]
	at org.testng.SuiteRunnerWorker.runSuite(SuiteRunnerWorker.java:52) [testng-7.10.1.jar:7.10.1]
	at org.testng.SuiteRunnerWorker.run(SuiteRunnerWorker.java:95) [testng-7.10.1.jar:7.10.1]
	at org.testng.TestNG.runSuitesSequentially(TestNG.java:1274) [testng-7.10.1.jar:7.10.1]
	at org.testng.TestNG.runSuitesLocally(TestNG.java:1208) [testng-7.10.1.jar:7.10.1]
	at org.testng.TestNG.runSuites(TestNG.java:1112) [testng-7.10.1.jar:7.10.1]
	at org.testng.TestNG.run(TestNG.java:1079) [testng-7.10.1.jar:7.10.1]
	at org.testng.remote.AbstractRemoteTestNG.run(AbstractRemoteTestNG.java:115) [testng-remote.jar:?]
	at org.testng.remote.RemoteTestNG.initAndRun(RemoteTestNG.java:293) [testng-remote.jar:?]
	at org.testng.remote.RemoteTestNG.main(RemoteTestNG.java:91) [testng-remote.jar:?]
2026-05-29 12:18:38 [main] INFO  com.swaglabtest.pages.BaseClass - Test started: brokenLinkTestPurchasePage
2026-05-29 12:18:39 [main] ERROR com.swaglabtest.pages.BaseClass - Test Failed: brokenLinkTestPurchasePage
java.lang.AssertionError: The following asserts failed:
	Broken URL https://www.saucedemo.com/icon/icon-192x192.png : 404
	at org.testng.asserts.SoftAssert.assertAll(SoftAssert.java:46) ~[testng-7.10.1.jar:7.10.1]
	at org.testng.asserts.SoftAssert.assertAll(SoftAssert.java:30) ~[testng-7.10.1.jar:7.10.1]
	at com.swaglabtest.testcases.BrokenLinkTest.brokenLinkTestPurchasePage(BrokenLinkTest.java:85) ~[test-classes/:?]
	at java.base/jdk.internal.reflect.DirectMethodHandleAccessor.invoke(DirectMethodHandleAccessor.java:103) ~[?:?]
	at java.base/java.lang.reflect.Method.invoke(Method.java:580) ~[?:?]
	at org.testng.internal.invokers.MethodInvocationHelper.invokeMethod(MethodInvocationHelper.java:141) ~[testng-7.10.1.jar:7.10.1]
	at org.testng.internal.invokers.TestInvoker.invokeMethod(TestInvoker.java:686) ~[testng-7.10.1.jar:7.10.1]
	at org.testng.internal.invokers.TestInvoker.invokeTestMethod(TestInvoker.java:230) ~[testng-7.10.1.jar:7.10.1]
	at org.testng.internal.invokers.MethodRunner.runInSequence(MethodRunner.java:63) ~[testng-7.10.1.jar:7.10.1]
	at org.testng.internal.invokers.TestInvoker$MethodInvocationAgent.invoke(TestInvoker.java:992) ~[testng-7.10.1.jar:7.10.1]
	at org.testng.internal.invokers.TestInvoker.invokeTestMethods(TestInvoker.java:203) ~[testng-7.10.1.jar:7.10.1]
	at org.testng.internal.invokers.TestMethodWorker.invokeTestMethods(TestMethodWorker.java:154) ~[testng-7.10.1.jar:7.10.1]
	at org.testng.internal.invokers.TestMethodWorker.run(TestMethodWorker.java:134) ~[testng-7.10.1.jar:7.10.1]
	at java.base/java.util.ArrayList.forEach(ArrayList.java:1596) [?:?]
	at org.testng.TestRunner.privateRun(TestRunner.java:739) [testng-7.10.1.jar:7.10.1]
	at org.testng.TestRunner.run(TestRunner.java:614) [testng-7.10.1.jar:7.10.1]
	at org.testng.SuiteRunner.runTest(SuiteRunner.java:421) [testng-7.10.1.jar:7.10.1]
	at org.testng.SuiteRunner.runSequentially(SuiteRunner.java:413) [testng-7.10.1.jar:7.10.1]
	at org.testng.SuiteRunner.privateRun(SuiteRunner.java:373) [testng-7.10.1.jar:7.10.1]
	at org.testng.SuiteRunner.run(SuiteRunner.java:312) [testng-7.10.1.jar:7.10.1]
	at org.testng.SuiteRunnerWorker.runSuite(SuiteRunnerWorker.java:52) [testng-7.10.1.jar:7.10.1]
	at org.testng.SuiteRunnerWorker.run(SuiteRunnerWorker.java:95) [testng-7.10.1.jar:7.10.1]
	at org.testng.TestNG.runSuitesSequentially(TestNG.java:1274) [testng-7.10.1.jar:7.10.1]
	at org.testng.TestNG.runSuitesLocally(TestNG.java:1208) [testng-7.10.1.jar:7.10.1]
	at org.testng.TestNG.runSuites(TestNG.java:1112) [testng-7.10.1.jar:7.10.1]
	at org.testng.TestNG.run(TestNG.java:1079) [testng-7.10.1.jar:7.10.1]
	at org.testng.remote.AbstractRemoteTestNG.run(AbstractRemoteTestNG.java:115) [testng-remote.jar:?]
	at org.testng.remote.RemoteTestNG.initAndRun(RemoteTestNG.java:293) [testng-remote.jar:?]
	at org.testng.remote.RemoteTestNG.main(RemoteTestNG.java:91) [testng-remote.jar:?]
2026-05-29 12:18:39 [main] INFO  com.swaglabtest.pages.BaseClass - Browser closed for class
2026-05-29 12:18:40 [main] INFO  com.swaglabtest.pages.BaseClass - Extent Report flushed
2026-05-29 12:18:40 [main] INFO  org.testng.internal.Utils - [TestNG] Time taken by org.testng.reporters.jq.Main@173b1af1: 84 ms
2026-05-29 12:18:40 [main] INFO  org.testng.internal.Utils - [TestNG] Time taken by org.testng.reporters.FailedReporter@7d126083: 14 ms
2026-05-29 12:18:40 [main] INFO  org.testng.internal.Utils - [TestNG] Time taken by org.testng.reporters.XMLReporter@6a2badb1: 13 ms
2026-05-29 12:18:40 [main] INFO  org.testng.internal.Utils - [TestNG] Time taken by org.testng.reporters.EmailableReporter2@6fd7aba8: 23 ms
2026-05-29 12:18:40 [main] INFO  org.testng.internal.Utils - [TestNG] Time taken by org.testng.reporters.JUnitReportReporter@717a8a76: 11 ms
2026-05-29 12:18:40 [main] INFO  org.testng.internal.Utils - [TestNG] Time taken by org.testng.internal.ExitCodeListener@62de73eb: 0 ms
2026-05-29 12:20:53 [main] INFO  org.testng.internal.Utils - [Utils] MethodGroupsHelper.collectMethodsByGroup() took 6 ms.
2026-05-29 12:20:53 [main] INFO  org.testng.internal.Utils - [Utils] MethodGroupsHelper.sortMethods() took 8 ms.
2026-05-29 12:20:53 [main] INFO  org.testng.internal.Utils - [Utils] MethodGroupsHelper.collectMethodsByGroup() took 0 ms.
2026-05-29 12:20:53 [main] INFO  org.testng.internal.Utils - [Utils] MethodGroupsHelper.sortMethods() took 0 ms.
2026-05-29 12:20:53 [main] INFO  org.testng.internal.Utils - [Utils] MethodGroupsHelper.collectMethodsByGroup() took 0 ms.
2026-05-29 12:20:53 [main] INFO  org.testng.internal.Utils - [Utils] MethodGroupsHelper.sortMethods() took 0 ms.
2026-05-29 12:20:53 [main] INFO  org.testng.internal.Utils - [Utils] MethodGroupsHelper.collectMethodsByGroup() took 0 ms.
2026-05-29 12:20:53 [main] INFO  org.testng.internal.Utils - [Utils] MethodGroupsHelper.sortMethods() took 0 ms.
2026-05-29 12:20:53 [main] INFO  org.testng.internal.Utils - [Utils] MethodGroupsHelper.collectMethodsByGroup() took 0 ms.
2026-05-29 12:20:53 [main] INFO  org.testng.internal.Utils - [Utils] MethodGroupsHelper.sortMethods() took 0 ms.
2026-05-29 12:20:53 [main] INFO  org.testng.internal.Utils - [Utils] MethodGroupsHelper.collectMethodsByGroup() took 0 ms.
2026-05-29 12:20:53 [main] INFO  org.testng.internal.Utils - [Utils] MethodGroupsHelper.sortMethods() took 0 ms.
2026-05-29 12:20:53 [main] INFO  org.testng.internal.Utils - [Utils] MethodGroupsHelper.collectMethodsByGroup() took 0 ms.
2026-05-29 12:20:53 [main] INFO  org.testng.internal.Utils - [Utils] MethodGroupsHelper.sortMethods() took 0 ms.
2026-05-29 12:20:53 [main] INFO  org.testng.internal.Utils - [Utils] MethodGroupsHelper.collectMethodsByGroup() took 0 ms.
2026-05-29 12:20:53 [main] INFO  org.testng.internal.Utils - [Utils] MethodGroupsHelper.sortMethods() took 0 ms.
2026-05-29 12:20:53 [main] INFO  org.testng.internal.Utils - [Utils] MethodGroupsHelper.collectMethodsByGroup() took 0 ms.
2026-05-29 12:20:53 [main] INFO  org.testng.internal.Utils - [Utils] MethodGroupsHelper.sortMethods() took 7 ms.
2026-05-29 12:20:53 [main] INFO  org.testng.internal.Utils - [Utils] MethodGroupsHelper.collectMethodsByGroup() took 0 ms.
2026-05-29 12:20:53 [main] INFO  org.testng.internal.Utils - [Utils] MethodGroupsHelper.sortMethods() took 1 ms.
2026-05-29 12:20:53 [main] INFO  org.testng.internal.Utils - [Utils] MethodGroupsHelper.collectMethodsByGroup() took 1 ms.
2026-05-29 12:20:53 [main] INFO  org.testng.internal.Utils - [Utils] MethodGroupsHelper.sortMethods() took 0 ms.
2026-05-29 12:20:53 [main] INFO  org.testng.internal.Utils - [Utils] MethodGroupsHelper.collectMethodsByGroup() took 0 ms.
2026-05-29 12:20:53 [main] INFO  org.testng.internal.Utils - [Utils] MethodGroupsHelper.sortMethods() took 0 ms.
2026-05-29 12:20:53 [main] INFO  org.testng.internal.Utils - [Utils] MethodGroupsHelper.collectMethodsByGroup() took 0 ms.
2026-05-29 12:20:53 [main] INFO  org.testng.internal.Utils - [Utils] MethodGroupsHelper.sortMethods() took 0 ms.
2026-05-29 12:20:53 [main] INFO  org.testng.internal.Utils - [Utils] MethodGroupsHelper.collectMethodsByGroup() took 0 ms.
2026-05-29 12:20:53 [main] INFO  org.testng.internal.Utils - [Utils] MethodGroupsHelper.sortMethods() took 0 ms.
2026-05-29 12:20:53 [main] INFO  org.testng.internal.Utils - [Utils] MethodGroupsHelper.collectMethodsByGroup() took 0 ms.
2026-05-29 12:20:53 [main] INFO  org.testng.internal.Utils - [Utils] MethodGroupsHelper.sortMethods() took 0 ms.
2026-05-29 12:20:53 [main] INFO  org.testng.internal.Utils - [TestNG] Running:
  C:\Users\STZ\AppData\Local\Temp\testng-eclipse--1063288573\testng-customsuite.xml

2026-05-29 12:20:53 [main] INFO  com.swaglabtest.pages.BaseClass - Starting Test Suite setup...
2026-05-29 12:20:54 [main] INFO  com.swaglabtest.pages.BaseClass - ExcelDataProvider initialized
2026-05-29 12:20:54 [main] INFO  com.swaglabtest.pages.BaseClass - ConfigProvider initialized
2026-05-29 12:20:54 [main] INFO  com.swaglabtest.pages.BaseClass - Extent Reports XML configuration loaded
2026-05-29 12:20:54 [main] INFO  com.swaglabtest.pages.BaseClass - Extent Report initialized at: C:\Users\STZ\EclipsWorkspace\NewSwagLab_Project/Reports/AutomationReport.html
2026-05-29 12:20:54 [main] INFO  org.testng.internal.Utils - [Utils] DynamicGraphHelper.createDynamicGraph() took 3 ms.
2026-05-29 12:20:54 [main] INFO  com.swaglabtest.pages.BaseClass - Initializing browser...
2026-05-29 12:20:54 [main] INFO  com.swaglabtest.pages.BaseClass - Browser selected: chrome
2026-05-29 12:21:00 [main] INFO  io.github.bonigarcia.wdm.WebDriverManager - Using chromedriver 148.0.7778.178 (resolved driver for Chrome 148)
2026-05-29 12:21:07 [main] INFO  io.github.bonigarcia.wdm.online.Downloader - Downloading https://storage.googleapis.com/chrome-for-testing-public/148.0.7778.178/win64/chromedriver-win64.zip
2026-05-29 12:21:11 [main] INFO  io.github.bonigarcia.wdm.online.Downloader - Extracting driver from compressed file chromedriver-win64.zip
2026-05-29 12:21:11 [main] INFO  io.github.bonigarcia.wdm.WebDriverManager - Exporting webdriver.chrome.driver as C:\Users\STZ\.cache\selenium\chromedriver\win64\148.0.7778.178\chromedriver.exe
2026-05-29 12:21:14 [main] INFO  com.swaglabtest.pages.BaseClass - Browser initialized successfully: chrome
2026-05-29 12:21:14 [main] INFO  com.swaglabtest.pages.BaseClass - Test started: brokenLinkTestLoginPage
2026-05-29 12:21:15 [main] ERROR com.swaglabtest.pages.BaseClass - Test Failed: brokenLinkTestLoginPage
java.lang.AssertionError: The following asserts failed:
	Broken URL https://www.saucedemo.com/icon/icon-192x192.png : 404
	at org.testng.asserts.SoftAssert.assertAll(SoftAssert.java:46) ~[testng-7.10.1.jar:7.10.1]
	at org.testng.asserts.SoftAssert.assertAll(SoftAssert.java:30) ~[testng-7.10.1.jar:7.10.1]
	at com.swaglabtest.testcases.BrokenLinkTest.brokenLinkTestLoginPage(BrokenLinkTest.java:58) ~[test-classes/:?]
	at java.base/jdk.internal.reflect.DirectMethodHandleAccessor.invoke(DirectMethodHandleAccessor.java:103) ~[?:?]
	at java.base/java.lang.reflect.Method.invoke(Method.java:580) ~[?:?]
	at org.testng.internal.invokers.MethodInvocationHelper.invokeMethod(MethodInvocationHelper.java:141) ~[testng-7.10.1.jar:7.10.1]
	at org.testng.internal.invokers.TestInvoker.invokeMethod(TestInvoker.java:686) ~[testng-7.10.1.jar:7.10.1]
	at org.testng.internal.invokers.TestInvoker.invokeTestMethod(TestInvoker.java:230) ~[testng-7.10.1.jar:7.10.1]
	at org.testng.internal.invokers.MethodRunner.runInSequence(MethodRunner.java:63) ~[testng-7.10.1.jar:7.10.1]
	at org.testng.internal.invokers.TestInvoker$MethodInvocationAgent.invoke(TestInvoker.java:992) ~[testng-7.10.1.jar:7.10.1]
	at org.testng.internal.invokers.TestInvoker.invokeTestMethods(TestInvoker.java:203) ~[testng-7.10.1.jar:7.10.1]
	at org.testng.internal.invokers.TestMethodWorker.invokeTestMethods(TestMethodWorker.java:154) ~[testng-7.10.1.jar:7.10.1]
	at org.testng.internal.invokers.TestMethodWorker.run(TestMethodWorker.java:134) ~[testng-7.10.1.jar:7.10.1]
	at java.base/java.util.ArrayList.forEach(ArrayList.java:1596) [?:?]
	at org.testng.TestRunner.privateRun(TestRunner.java:739) [testng-7.10.1.jar:7.10.1]
	at org.testng.TestRunner.run(TestRunner.java:614) [testng-7.10.1.jar:7.10.1]
	at org.testng.SuiteRunner.runTest(SuiteRunner.java:421) [testng-7.10.1.jar:7.10.1]
	at org.testng.SuiteRunner.runSequentially(SuiteRunner.java:413) [testng-7.10.1.jar:7.10.1]
	at org.testng.SuiteRunner.privateRun(SuiteRunner.java:373) [testng-7.10.1.jar:7.10.1]
	at org.testng.SuiteRunner.run(SuiteRunner.java:312) [testng-7.10.1.jar:7.10.1]
	at org.testng.SuiteRunnerWorker.runSuite(SuiteRunnerWorker.java:52) [testng-7.10.1.jar:7.10.1]
	at org.testng.SuiteRunnerWorker.run(SuiteRunnerWorker.java:95) [testng-7.10.1.jar:7.10.1]
	at org.testng.TestNG.runSuitesSequentially(TestNG.java:1274) [testng-7.10.1.jar:7.10.1]
	at org.testng.TestNG.runSuitesLocally(TestNG.java:1208) [testng-7.10.1.jar:7.10.1]
	at org.testng.TestNG.runSuites(TestNG.java:1112) [testng-7.10.1.jar:7.10.1]
	at org.testng.TestNG.run(TestNG.java:1079) [testng-7.10.1.jar:7.10.1]
	at org.testng.remote.AbstractRemoteTestNG.run(AbstractRemoteTestNG.java:115) [testng-remote.jar:?]
	at org.testng.remote.RemoteTestNG.initAndRun(RemoteTestNG.java:293) [testng-remote.jar:?]
	at org.testng.remote.RemoteTestNG.main(RemoteTestNG.java:91) [testng-remote.jar:?]
2026-05-29 12:21:15 [main] INFO  com.swaglabtest.pages.BaseClass - Test started: brokenLinkTestPurchasePage
2026-05-29 12:21:16 [main] ERROR com.swaglabtest.pages.BaseClass - Test Failed: brokenLinkTestPurchasePage
java.lang.AssertionError: The following asserts failed:
	Broken URL https://www.saucedemo.com/icon/icon-192x192.png : 404
	at org.testng.asserts.SoftAssert.assertAll(SoftAssert.java:46) ~[testng-7.10.1.jar:7.10.1]
	at org.testng.asserts.SoftAssert.assertAll(SoftAssert.java:30) ~[testng-7.10.1.jar:7.10.1]
	at com.swaglabtest.testcases.BrokenLinkTest.brokenLinkTestPurchasePage(BrokenLinkTest.java:85) ~[test-classes/:?]
	at java.base/jdk.internal.reflect.DirectMethodHandleAccessor.invoke(DirectMethodHandleAccessor.java:103) ~[?:?]
	at java.base/java.lang.reflect.Method.invoke(Method.java:580) ~[?:?]
	at org.testng.internal.invokers.MethodInvocationHelper.invokeMethod(MethodInvocationHelper.java:141) ~[testng-7.10.1.jar:7.10.1]
	at org.testng.internal.invokers.TestInvoker.invokeMethod(TestInvoker.java:686) ~[testng-7.10.1.jar:7.10.1]
	at org.testng.internal.invokers.TestInvoker.invokeTestMethod(TestInvoker.java:230) ~[testng-7.10.1.jar:7.10.1]
	at org.testng.internal.invokers.MethodRunner.runInSequence(MethodRunner.java:63) ~[testng-7.10.1.jar:7.10.1]
	at org.testng.internal.invokers.TestInvoker$MethodInvocationAgent.invoke(TestInvoker.java:992) ~[testng-7.10.1.jar:7.10.1]
	at org.testng.internal.invokers.TestInvoker.invokeTestMethods(TestInvoker.java:203) ~[testng-7.10.1.jar:7.10.1]
	at org.testng.internal.invokers.TestMethodWorker.invokeTestMethods(TestMethodWorker.java:154) ~[testng-7.10.1.jar:7.10.1]
	at org.testng.internal.invokers.TestMethodWorker.run(TestMethodWorker.java:134) ~[testng-7.10.1.jar:7.10.1]
	at java.base/java.util.ArrayList.forEach(ArrayList.java:1596) [?:?]
	at org.testng.TestRunner.privateRun(TestRunner.java:739) [testng-7.10.1.jar:7.10.1]
	at org.testng.TestRunner.run(TestRunner.java:614) [testng-7.10.1.jar:7.10.1]
	at org.testng.SuiteRunner.runTest(SuiteRunner.java:421) [testng-7.10.1.jar:7.10.1]
	at org.testng.SuiteRunner.runSequentially(SuiteRunner.java:413) [testng-7.10.1.jar:7.10.1]
	at org.testng.SuiteRunner.privateRun(SuiteRunner.java:373) [testng-7.10.1.jar:7.10.1]
	at org.testng.SuiteRunner.run(SuiteRunner.java:312) [testng-7.10.1.jar:7.10.1]
	at org.testng.SuiteRunnerWorker.runSuite(SuiteRunnerWorker.java:52) [testng-7.10.1.jar:7.10.1]
	at org.testng.SuiteRunnerWorker.run(SuiteRunnerWorker.java:95) [testng-7.10.1.jar:7.10.1]
	at org.testng.TestNG.runSuitesSequentially(TestNG.java:1274) [testng-7.10.1.jar:7.10.1]
	at org.testng.TestNG.runSuitesLocally(TestNG.java:1208) [testng-7.10.1.jar:7.10.1]
	at org.testng.TestNG.runSuites(TestNG.java:1112) [testng-7.10.1.jar:7.10.1]
	at org.testng.TestNG.run(TestNG.java:1079) [testng-7.10.1.jar:7.10.1]
	at org.testng.remote.AbstractRemoteTestNG.run(AbstractRemoteTestNG.java:115) [testng-remote.jar:?]
	at org.testng.remote.RemoteTestNG.initAndRun(RemoteTestNG.java:293) [testng-remote.jar:?]
	at org.testng.remote.RemoteTestNG.main(RemoteTestNG.java:91) [testng-remote.jar:?]
2026-05-29 12:21:16 [main] INFO  com.swaglabtest.pages.BaseClass - Browser closed for class
2026-05-29 12:21:17 [main] INFO  com.swaglabtest.pages.BaseClass - Extent Report flushed
2026-05-29 12:21:17 [main] INFO  org.testng.internal.Utils - [TestNG] Time taken by org.testng.reporters.jq.Main@173b1af1: 87 ms
2026-05-29 12:21:17 [main] INFO  org.testng.internal.Utils - [TestNG] Time taken by org.testng.reporters.FailedReporter@7d126083: 17 ms
2026-05-29 12:21:17 [main] INFO  org.testng.internal.Utils - [TestNG] Time taken by org.testng.reporters.XMLReporter@6a2badb1: 12 ms
2026-05-29 12:21:17 [main] INFO  org.testng.internal.Utils - [TestNG] Time taken by org.testng.reporters.EmailableReporter2@6fd7aba8: 10 ms
2026-05-29 12:21:17 [main] INFO  org.testng.internal.Utils - [TestNG] Time taken by org.testng.reporters.JUnitReportReporter@717a8a76: 7 ms
2026-05-29 12:21:17 [main] INFO  org.testng.internal.Utils - [TestNG] Time taken by org.testng.internal.ExitCodeListener@62de73eb: 0 ms
2026-05-29 12:21:52 [main] INFO  com.swaglabtest.pages.BaseClass - Starting Test Suite setup...
2026-05-29 12:21:53 [main] INFO  com.swaglabtest.pages.BaseClass - ExcelDataProvider initialized
2026-05-29 12:21:53 [main] INFO  com.swaglabtest.pages.BaseClass - ConfigProvider initialized
2026-05-29 12:21:53 [main] INFO  com.swaglabtest.pages.BaseClass - Extent Reports XML configuration loaded
2026-05-29 12:21:53 [main] INFO  com.swaglabtest.pages.BaseClass - Extent Report initialized at: C:\Users\STZ\EclipsWorkspace\NewSwagLab_Project/Reports/AutomationReport.html
2026-05-29 12:21:53 [main] INFO  com.swaglabtest.pages.BaseClass - Initializing browser...
2026-05-29 12:21:53 [main] INFO  com.swaglabtest.pages.BaseClass - Browser selected: chrome
2026-05-29 12:21:55 [main] INFO  io.github.bonigarcia.wdm.WebDriverManager - Using chromedriver 148.0.7778.178 (resolved driver for Chrome 148)
2026-05-29 12:21:55 [main] INFO  io.github.bonigarcia.wdm.online.Downloader - Downloading https://storage.googleapis.com/chrome-for-testing-public/148.0.7778.178/win64/chromedriver-win64.zip
2026-05-29 12:21:59 [main] INFO  io.github.bonigarcia.wdm.online.Downloader - Extracting driver from compressed file chromedriver-win64.zip
2026-05-29 12:21:59 [main] INFO  io.github.bonigarcia.wdm.WebDriverManager - Exporting webdriver.chrome.driver as C:\Users\STZ\.cache\selenium\chromedriver\win64\148.0.7778.178\chromedriver.exe
2026-05-29 12:22:02 [main] INFO  com.swaglabtest.pages.BaseClass - Browser initialized successfully: chrome
2026-05-29 12:22:02 [main] INFO  com.swaglabtest.pages.BaseClass - Test started: brokenLinkTestLoginPage
2026-05-29 12:22:03 [main] ERROR com.swaglabtest.pages.BaseClass - Test Failed: brokenLinkTestLoginPage
java.lang.AssertionError: The following asserts failed:
	Broken URL https://www.saucedemo.com/icon/icon-192x192.png : 404
	at org.testng.asserts.SoftAssert.assertAll(SoftAssert.java:46) ~[testng-7.10.1.jar:7.10.1]
	at org.testng.asserts.SoftAssert.assertAll(SoftAssert.java:30) ~[testng-7.10.1.jar:7.10.1]
	at com.swaglabtest.testcases.BrokenLinkTest.brokenLinkTestLoginPage(BrokenLinkTest.java:58) ~[test-classes/:?]
	at java.base/jdk.internal.reflect.DirectMethodHandleAccessor.invoke(DirectMethodHandleAccessor.java:103) ~[?:?]
	at java.base/java.lang.reflect.Method.invoke(Method.java:580) ~[?:?]
	at org.testng.internal.invokers.MethodInvocationHelper.invokeMethod(MethodInvocationHelper.java:141) ~[testng-7.10.1.jar:7.10.1]
	at org.testng.internal.invokers.TestInvoker.invokeMethod(TestInvoker.java:686) ~[testng-7.10.1.jar:7.10.1]
	at org.testng.internal.invokers.TestInvoker.invokeTestMethod(TestInvoker.java:230) ~[testng-7.10.1.jar:7.10.1]
	at org.testng.internal.invokers.MethodRunner.runInSequence(MethodRunner.java:63) ~[testng-7.10.1.jar:7.10.1]
	at org.testng.internal.invokers.TestInvoker$MethodInvocationAgent.invoke(TestInvoker.java:992) ~[testng-7.10.1.jar:7.10.1]
	at org.testng.internal.invokers.TestInvoker.invokeTestMethods(TestInvoker.java:203) ~[testng-7.10.1.jar:7.10.1]
	at org.testng.internal.invokers.TestMethodWorker.invokeTestMethods(TestMethodWorker.java:154) ~[testng-7.10.1.jar:7.10.1]
	at org.testng.internal.invokers.TestMethodWorker.run(TestMethodWorker.java:134) ~[testng-7.10.1.jar:7.10.1]
	at java.base/java.util.ArrayList.forEach(ArrayList.java:1597) [?:?]
	at org.testng.TestRunner.privateRun(TestRunner.java:739) [testng-7.10.1.jar:7.10.1]
	at org.testng.TestRunner.run(TestRunner.java:614) [testng-7.10.1.jar:7.10.1]
	at org.testng.SuiteRunner.runTest(SuiteRunner.java:421) [testng-7.10.1.jar:7.10.1]
	at org.testng.SuiteRunner.runSequentially(SuiteRunner.java:413) [testng-7.10.1.jar:7.10.1]
	at org.testng.SuiteRunner.privateRun(SuiteRunner.java:373) [testng-7.10.1.jar:7.10.1]
	at org.testng.SuiteRunner.run(SuiteRunner.java:312) [testng-7.10.1.jar:7.10.1]
	at org.testng.SuiteRunnerWorker.runSuite(SuiteRunnerWorker.java:52) [testng-7.10.1.jar:7.10.1]
	at org.testng.SuiteRunnerWorker.run(SuiteRunnerWorker.java:95) [testng-7.10.1.jar:7.10.1]
	at org.testng.TestNG.runSuitesSequentially(TestNG.java:1274) [testng-7.10.1.jar:7.10.1]
	at org.testng.TestNG.runSuitesLocally(TestNG.java:1208) [testng-7.10.1.jar:7.10.1]
	at org.testng.TestNG.runSuites(TestNG.java:1112) [testng-7.10.1.jar:7.10.1]
	at org.testng.TestNG.run(TestNG.java:1079) [testng-7.10.1.jar:7.10.1]
	at org.apache.maven.surefire.testng.TestNGExecutor.run(TestNGExecutor.java:155) [surefire-testng-3.0.0.jar:3.0.0]
	at org.apache.maven.surefire.testng.TestNGDirectoryTestSuite.executeMulti(TestNGDirectoryTestSuite.java:169) [surefire-testng-3.0.0.jar:3.0.0]
	at org.apache.maven.surefire.testng.TestNGDirectoryTestSuite.execute(TestNGDirectoryTestSuite.java:88) [surefire-testng-3.0.0.jar:3.0.0]
	at org.apache.maven.surefire.testng.TestNGProvider.invoke(TestNGProvider.java:137) [surefire-testng-3.0.0.jar:3.0.0]
	at org.apache.maven.surefire.booter.ForkedBooter.runSuitesInProcess(ForkedBooter.java:385) [surefire-booter-3.0.0.jar:3.0.0]
	at org.apache.maven.surefire.booter.ForkedBooter.execute(ForkedBooter.java:162) [surefire-booter-3.0.0.jar:3.0.0]
	at org.apache.maven.surefire.booter.ForkedBooter.run(ForkedBooter.java:507) [surefire-booter-3.0.0.jar:3.0.0]
	at org.apache.maven.surefire.booter.ForkedBooter.main(ForkedBooter.java:495) [surefire-booter-3.0.0.jar:3.0.0]
2026-05-29 12:22:03 [main] INFO  com.swaglabtest.pages.BaseClass - Test started: brokenLinkTestPurchasePage
2026-05-29 12:22:04 [main] ERROR com.swaglabtest.pages.BaseClass - Test Failed: brokenLinkTestPurchasePage
java.lang.AssertionError: The following asserts failed:
	Broken URL https://www.saucedemo.com/icon/icon-192x192.png : 404
	at org.testng.asserts.SoftAssert.assertAll(SoftAssert.java:46) ~[testng-7.10.1.jar:7.10.1]
	at org.testng.asserts.SoftAssert.assertAll(SoftAssert.java:30) ~[testng-7.10.1.jar:7.10.1]
	at com.swaglabtest.testcases.BrokenLinkTest.brokenLinkTestPurchasePage(BrokenLinkTest.java:85) ~[test-classes/:?]
	at java.base/jdk.internal.reflect.DirectMethodHandleAccessor.invoke(DirectMethodHandleAccessor.java:103) ~[?:?]
	at java.base/java.lang.reflect.Method.invoke(Method.java:580) ~[?:?]
	at org.testng.internal.invokers.MethodInvocationHelper.invokeMethod(MethodInvocationHelper.java:141) ~[testng-7.10.1.jar:7.10.1]
	at org.testng.internal.invokers.TestInvoker.invokeMethod(TestInvoker.java:686) ~[testng-7.10.1.jar:7.10.1]
	at org.testng.internal.invokers.TestInvoker.invokeTestMethod(TestInvoker.java:230) ~[testng-7.10.1.jar:7.10.1]
	at org.testng.internal.invokers.MethodRunner.runInSequence(MethodRunner.java:63) ~[testng-7.10.1.jar:7.10.1]
	at org.testng.internal.invokers.TestInvoker$MethodInvocationAgent.invoke(TestInvoker.java:992) ~[testng-7.10.1.jar:7.10.1]
	at org.testng.internal.invokers.TestInvoker.invokeTestMethods(TestInvoker.java:203) ~[testng-7.10.1.jar:7.10.1]
	at org.testng.internal.invokers.TestMethodWorker.invokeTestMethods(TestMethodWorker.java:154) ~[testng-7.10.1.jar:7.10.1]
	at org.testng.internal.invokers.TestMethodWorker.run(TestMethodWorker.java:134) ~[testng-7.10.1.jar:7.10.1]
	at java.base/java.util.ArrayList.forEach(ArrayList.java:1597) [?:?]
	at org.testng.TestRunner.privateRun(TestRunner.java:739) [testng-7.10.1.jar:7.10.1]
	at org.testng.TestRunner.run(TestRunner.java:614) [testng-7.10.1.jar:7.10.1]
	at org.testng.SuiteRunner.runTest(SuiteRunner.java:421) [testng-7.10.1.jar:7.10.1]
	at org.testng.SuiteRunner.runSequentially(SuiteRunner.java:413) [testng-7.10.1.jar:7.10.1]
	at org.testng.SuiteRunner.privateRun(SuiteRunner.java:373) [testng-7.10.1.jar:7.10.1]
	at org.testng.SuiteRunner.run(SuiteRunner.java:312) [testng-7.10.1.jar:7.10.1]
	at org.testng.SuiteRunnerWorker.runSuite(SuiteRunnerWorker.java:52) [testng-7.10.1.jar:7.10.1]
	at org.testng.SuiteRunnerWorker.run(SuiteRunnerWorker.java:95) [testng-7.10.1.jar:7.10.1]
	at org.testng.TestNG.runSuitesSequentially(TestNG.java:1274) [testng-7.10.1.jar:7.10.1]
	at org.testng.TestNG.runSuitesLocally(TestNG.java:1208) [testng-7.10.1.jar:7.10.1]
	at org.testng.TestNG.runSuites(TestNG.java:1112) [testng-7.10.1.jar:7.10.1]
	at org.testng.TestNG.run(TestNG.java:1079) [testng-7.10.1.jar:7.10.1]
	at org.apache.maven.surefire.testng.TestNGExecutor.run(TestNGExecutor.java:155) [surefire-testng-3.0.0.jar:3.0.0]
	at org.apache.maven.surefire.testng.TestNGDirectoryTestSuite.executeMulti(TestNGDirectoryTestSuite.java:169) [surefire-testng-3.0.0.jar:3.0.0]
	at org.apache.maven.surefire.testng.TestNGDirectoryTestSuite.execute(TestNGDirectoryTestSuite.java:88) [surefire-testng-3.0.0.jar:3.0.0]
	at org.apache.maven.surefire.testng.TestNGProvider.invoke(TestNGProvider.java:137) [surefire-testng-3.0.0.jar:3.0.0]
	at org.apache.maven.surefire.booter.ForkedBooter.runSuitesInProcess(ForkedBooter.java:385) [surefire-booter-3.0.0.jar:3.0.0]
	at org.apache.maven.surefire.booter.ForkedBooter.execute(ForkedBooter.java:162) [surefire-booter-3.0.0.jar:3.0.0]
	at org.apache.maven.surefire.booter.ForkedBooter.run(ForkedBooter.java:507) [surefire-booter-3.0.0.jar:3.0.0]
	at org.apache.maven.surefire.booter.ForkedBooter.main(ForkedBooter.java:495) [surefire-booter-3.0.0.jar:3.0.0]
2026-05-29 12:22:04 [main] INFO  com.swaglabtest.pages.BaseClass - Browser closed for class
2026-05-29 12:22:04 [main] INFO  com.swaglabtest.pages.BaseClass - Initializing browser...
2026-05-29 12:22:04 [main] INFO  com.swaglabtest.pages.BaseClass - Browser selected: chrome
2026-05-29 12:22:05 [main] INFO  io.github.bonigarcia.wdm.WebDriverManager - Using chromedriver 148.0.7778.178 (resolved driver for Chrome 148)
2026-05-29 12:22:05 [main] INFO  io.github.bonigarcia.wdm.online.Downloader - Downloading https://storage.googleapis.com/chrome-for-testing-public/148.0.7778.178/win64/chromedriver-win64.zip
2026-05-29 12:22:10 [main] INFO  io.github.bonigarcia.wdm.online.Downloader - Extracting driver from compressed file chromedriver-win64.zip
2026-05-29 12:22:10 [main] INFO  io.github.bonigarcia.wdm.WebDriverManager - Exporting webdriver.chrome.driver as C:\Users\STZ\.cache\selenium\chromedriver\win64\148.0.7778.178\chromedriver.exe
2026-05-29 12:22:12 [main] INFO  com.swaglabtest.pages.BaseClass - Browser initialized successfully: chrome
2026-05-29 12:22:12 [main] INFO  com.swaglabtest.pages.BaseClass - Test started: UserLogingWithCredentials
2026-05-29 12:22:12 [main] INFO  com.swaglabtest.pages.BaseClass - Test Passed: UserLogingWithCredentials
2026-05-29 12:22:12 [main] INFO  com.swaglabtest.pages.BaseClass - Browser closed for class
2026-05-29 12:22:12 [main] INFO  com.swaglabtest.pages.BaseClass - Initializing browser...
2026-05-29 12:22:12 [main] INFO  com.swaglabtest.pages.BaseClass - Browser selected: chrome
2026-05-29 12:22:13 [main] INFO  io.github.bonigarcia.wdm.WebDriverManager - Using chromedriver 148.0.7778.178 (resolved driver for Chrome 148)
2026-05-29 12:22:13 [main] INFO  io.github.bonigarcia.wdm.online.Downloader - Downloading https://storage.googleapis.com/chrome-for-testing-public/148.0.7778.178/win64/chromedriver-win64.zip
2026-05-29 12:22:18 [main] INFO  io.github.bonigarcia.wdm.online.Downloader - Extracting driver from compressed file chromedriver-win64.zip
2026-05-29 12:22:18 [main] INFO  io.github.bonigarcia.wdm.WebDriverManager - Exporting webdriver.chrome.driver as C:\Users\STZ\.cache\selenium\chromedriver\win64\148.0.7778.178\chromedriver.exe
2026-05-29 12:22:20 [main] INFO  com.swaglabtest.pages.BaseClass - Browser initialized successfully: chrome
2026-05-29 12:22:20 [main] INFO  com.swaglabtest.pages.BaseClass - Test started: newPurchasing
2026-05-29 12:22:53 [main] INFO  com.swaglabtest.pages.BaseClass - Test Passed: newPurchasing
2026-05-29 12:22:53 [main] INFO  com.swaglabtest.pages.BaseClass - Test started: sortOrderAscending
2026-05-29 12:22:53 [main] INFO  com.swaglabtest.pages.BaseClass - Test Passed: sortOrderAscending
2026-05-29 12:22:53 [main] INFO  com.swaglabtest.pages.BaseClass - Test started: sortOrderDescending
2026-05-29 12:22:53 [main] INFO  com.swaglabtest.pages.BaseClass - Test Passed: sortOrderDescending
2026-05-29 12:22:53 [main] INFO  com.swaglabtest.pages.BaseClass - Test started: lowerToHighPriceListDown
2026-05-29 12:22:54 [main] INFO  com.swaglabtest.pages.BaseClass - Test Passed: lowerToHighPriceListDown
2026-05-29 12:22:54 [main] INFO  com.swaglabtest.pages.BaseClass - Test started: highToLowerPriceListDown
2026-05-29 12:22:54 [main] INFO  com.swaglabtest.pages.BaseClass - Test Passed: highToLowerPriceListDown
2026-05-29 12:22:54 [main] INFO  com.swaglabtest.pages.BaseClass - Browser closed for class
2026-05-29 12:22:54 [main] INFO  com.swaglabtest.pages.BaseClass - Extent Report flushed
2026-05-29 12:24:53 [main] INFO  com.swaglabtest.pages.BaseClass - Starting Test Suite setup...
2026-05-29 12:24:54 [main] INFO  com.swaglabtest.pages.BaseClass - ExcelDataProvider initialized
2026-05-29 12:24:54 [main] INFO  com.swaglabtest.pages.BaseClass - ConfigProvider initialized
2026-05-29 12:24:54 [main] INFO  com.swaglabtest.pages.BaseClass - Extent Reports XML configuration loaded
2026-05-29 12:24:54 [main] INFO  com.swaglabtest.pages.BaseClass - Extent Report initialized at: C:\Users\STZ\EclipsWorkspace\NewSwagLab_Project/Reports/AutomationReport.html
2026-05-29 12:24:54 [main] INFO  com.swaglabtest.pages.BaseClass - Initializing browser...
2026-05-29 12:24:54 [main] INFO  com.swaglabtest.pages.BaseClass - Browser selected: chrome
2026-05-29 12:24:56 [main] INFO  io.github.bonigarcia.wdm.WebDriverManager - Using chromedriver 148.0.7778.178 (resolved driver for Chrome 148)
2026-05-29 12:24:56 [main] INFO  io.github.bonigarcia.wdm.online.Downloader - Downloading https://storage.googleapis.com/chrome-for-testing-public/148.0.7778.178/win64/chromedriver-win64.zip
2026-05-29 12:25:01 [main] INFO  io.github.bonigarcia.wdm.online.Downloader - Extracting driver from compressed file chromedriver-win64.zip
2026-05-29 12:25:01 [main] INFO  io.github.bonigarcia.wdm.WebDriverManager - Exporting webdriver.chrome.driver as C:\Users\STZ\.cache\selenium\chromedriver\win64\148.0.7778.178\chromedriver.exe
2026-05-29 12:25:04 [main] INFO  com.swaglabtest.pages.BaseClass - Browser initialized successfully: chrome
2026-05-29 12:25:04 [main] INFO  com.swaglabtest.pages.BaseClass - Test started: brokenLinkTestLoginPage
2026-05-29 12:25:05 [main] ERROR com.swaglabtest.pages.BaseClass - Test Failed: brokenLinkTestLoginPage
java.lang.AssertionError: The following asserts failed:
	Broken URL https://www.saucedemo.com/icon/icon-192x192.png : 404
	at org.testng.asserts.SoftAssert.assertAll(SoftAssert.java:46) ~[testng-7.10.1.jar:7.10.1]
	at org.testng.asserts.SoftAssert.assertAll(SoftAssert.java:30) ~[testng-7.10.1.jar:7.10.1]
	at com.swaglabtest.testcases.BrokenLinkTest.brokenLinkTestLoginPage(BrokenLinkTest.java:58) ~[test-classes/:?]
	at java.base/jdk.internal.reflect.DirectMethodHandleAccessor.invoke(DirectMethodHandleAccessor.java:103) ~[?:?]
	at java.base/java.lang.reflect.Method.invoke(Method.java:580) ~[?:?]
	at org.testng.internal.invokers.MethodInvocationHelper.invokeMethod(MethodInvocationHelper.java:141) ~[testng-7.10.1.jar:7.10.1]
	at org.testng.internal.invokers.TestInvoker.invokeMethod(TestInvoker.java:686) ~[testng-7.10.1.jar:7.10.1]
	at org.testng.internal.invokers.TestInvoker.invokeTestMethod(TestInvoker.java:230) ~[testng-7.10.1.jar:7.10.1]
	at org.testng.internal.invokers.MethodRunner.runInSequence(MethodRunner.java:63) ~[testng-7.10.1.jar:7.10.1]
	at org.testng.internal.invokers.TestInvoker$MethodInvocationAgent.invoke(TestInvoker.java:992) ~[testng-7.10.1.jar:7.10.1]
	at org.testng.internal.invokers.TestInvoker.invokeTestMethods(TestInvoker.java:203) ~[testng-7.10.1.jar:7.10.1]
	at org.testng.internal.invokers.TestMethodWorker.invokeTestMethods(TestMethodWorker.java:154) ~[testng-7.10.1.jar:7.10.1]
	at org.testng.internal.invokers.TestMethodWorker.run(TestMethodWorker.java:134) ~[testng-7.10.1.jar:7.10.1]
	at java.base/java.util.ArrayList.forEach(ArrayList.java:1597) [?:?]
	at org.testng.TestRunner.privateRun(TestRunner.java:739) [testng-7.10.1.jar:7.10.1]
	at org.testng.TestRunner.run(TestRunner.java:614) [testng-7.10.1.jar:7.10.1]
	at org.testng.SuiteRunner.runTest(SuiteRunner.java:421) [testng-7.10.1.jar:7.10.1]
	at org.testng.SuiteRunner.runSequentially(SuiteRunner.java:413) [testng-7.10.1.jar:7.10.1]
	at org.testng.SuiteRunner.privateRun(SuiteRunner.java:373) [testng-7.10.1.jar:7.10.1]
	at org.testng.SuiteRunner.run(SuiteRunner.java:312) [testng-7.10.1.jar:7.10.1]
	at org.testng.SuiteRunnerWorker.runSuite(SuiteRunnerWorker.java:52) [testng-7.10.1.jar:7.10.1]
	at org.testng.SuiteRunnerWorker.run(SuiteRunnerWorker.java:95) [testng-7.10.1.jar:7.10.1]
	at org.testng.TestNG.runSuitesSequentially(TestNG.java:1274) [testng-7.10.1.jar:7.10.1]
	at org.testng.TestNG.runSuitesLocally(TestNG.java:1208) [testng-7.10.1.jar:7.10.1]
	at org.testng.TestNG.runSuites(TestNG.java:1112) [testng-7.10.1.jar:7.10.1]
	at org.testng.TestNG.run(TestNG.java:1079) [testng-7.10.1.jar:7.10.1]
	at org.apache.maven.surefire.testng.TestNGExecutor.run(TestNGExecutor.java:155) [surefire-testng-3.0.0.jar:3.0.0]
	at org.apache.maven.surefire.testng.TestNGDirectoryTestSuite.executeMulti(TestNGDirectoryTestSuite.java:169) [surefire-testng-3.0.0.jar:3.0.0]
	at org.apache.maven.surefire.testng.TestNGDirectoryTestSuite.execute(TestNGDirectoryTestSuite.java:88) [surefire-testng-3.0.0.jar:3.0.0]
	at org.apache.maven.surefire.testng.TestNGProvider.invoke(TestNGProvider.java:137) [surefire-testng-3.0.0.jar:3.0.0]
	at org.apache.maven.surefire.booter.ForkedBooter.runSuitesInProcess(ForkedBooter.java:385) [surefire-booter-3.0.0.jar:3.0.0]
	at org.apache.maven.surefire.booter.ForkedBooter.execute(ForkedBooter.java:162) [surefire-booter-3.0.0.jar:3.0.0]
	at org.apache.maven.surefire.booter.ForkedBooter.run(ForkedBooter.java:507) [surefire-booter-3.0.0.jar:3.0.0]
	at org.apache.maven.surefire.booter.ForkedBooter.main(ForkedBooter.java:495) [surefire-booter-3.0.0.jar:3.0.0]
2026-05-29 12:25:05 [main] INFO  com.swaglabtest.pages.BaseClass - Test started: brokenLinkTestPurchasePage
2026-05-29 12:25:06 [main] ERROR com.swaglabtest.pages.BaseClass - Test Failed: brokenLinkTestPurchasePage
java.lang.AssertionError: The following asserts failed:
	Broken URL https://www.saucedemo.com/icon/icon-192x192.png : 404
	at org.testng.asserts.SoftAssert.assertAll(SoftAssert.java:46) ~[testng-7.10.1.jar:7.10.1]
	at org.testng.asserts.SoftAssert.assertAll(SoftAssert.java:30) ~[testng-7.10.1.jar:7.10.1]
	at com.swaglabtest.testcases.BrokenLinkTest.brokenLinkTestPurchasePage(BrokenLinkTest.java:85) ~[test-classes/:?]
	at java.base/jdk.internal.reflect.DirectMethodHandleAccessor.invoke(DirectMethodHandleAccessor.java:103) ~[?:?]
	at java.base/java.lang.reflect.Method.invoke(Method.java:580) ~[?:?]
	at org.testng.internal.invokers.MethodInvocationHelper.invokeMethod(MethodInvocationHelper.java:141) ~[testng-7.10.1.jar:7.10.1]
	at org.testng.internal.invokers.TestInvoker.invokeMethod(TestInvoker.java:686) ~[testng-7.10.1.jar:7.10.1]
	at org.testng.internal.invokers.TestInvoker.invokeTestMethod(TestInvoker.java:230) ~[testng-7.10.1.jar:7.10.1]
	at org.testng.internal.invokers.MethodRunner.runInSequence(MethodRunner.java:63) ~[testng-7.10.1.jar:7.10.1]
	at org.testng.internal.invokers.TestInvoker$MethodInvocationAgent.invoke(TestInvoker.java:992) ~[testng-7.10.1.jar:7.10.1]
	at org.testng.internal.invokers.TestInvoker.invokeTestMethods(TestInvoker.java:203) ~[testng-7.10.1.jar:7.10.1]
	at org.testng.internal.invokers.TestMethodWorker.invokeTestMethods(TestMethodWorker.java:154) ~[testng-7.10.1.jar:7.10.1]
	at org.testng.internal.invokers.TestMethodWorker.run(TestMethodWorker.java:134) ~[testng-7.10.1.jar:7.10.1]
	at java.base/java.util.ArrayList.forEach(ArrayList.java:1597) [?:?]
	at org.testng.TestRunner.privateRun(TestRunner.java:739) [testng-7.10.1.jar:7.10.1]
	at org.testng.TestRunner.run(TestRunner.java:614) [testng-7.10.1.jar:7.10.1]
	at org.testng.SuiteRunner.runTest(SuiteRunner.java:421) [testng-7.10.1.jar:7.10.1]
	at org.testng.SuiteRunner.runSequentially(SuiteRunner.java:413) [testng-7.10.1.jar:7.10.1]
	at org.testng.SuiteRunner.privateRun(SuiteRunner.java:373) [testng-7.10.1.jar:7.10.1]
	at org.testng.SuiteRunner.run(SuiteRunner.java:312) [testng-7.10.1.jar:7.10.1]
	at org.testng.SuiteRunnerWorker.runSuite(SuiteRunnerWorker.java:52) [testng-7.10.1.jar:7.10.1]
	at org.testng.SuiteRunnerWorker.run(SuiteRunnerWorker.java:95) [testng-7.10.1.jar:7.10.1]
	at org.testng.TestNG.runSuitesSequentially(TestNG.java:1274) [testng-7.10.1.jar:7.10.1]
	at org.testng.TestNG.runSuitesLocally(TestNG.java:1208) [testng-7.10.1.jar:7.10.1]
	at org.testng.TestNG.runSuites(TestNG.java:1112) [testng-7.10.1.jar:7.10.1]
	at org.testng.TestNG.run(TestNG.java:1079) [testng-7.10.1.jar:7.10.1]
	at org.apache.maven.surefire.testng.TestNGExecutor.run(TestNGExecutor.java:155) [surefire-testng-3.0.0.jar:3.0.0]
	at org.apache.maven.surefire.testng.TestNGDirectoryTestSuite.executeMulti(TestNGDirectoryTestSuite.java:169) [surefire-testng-3.0.0.jar:3.0.0]
	at org.apache.maven.surefire.testng.TestNGDirectoryTestSuite.execute(TestNGDirectoryTestSuite.java:88) [surefire-testng-3.0.0.jar:3.0.0]
	at org.apache.maven.surefire.testng.TestNGProvider.invoke(TestNGProvider.java:137) [surefire-testng-3.0.0.jar:3.0.0]
	at org.apache.maven.surefire.booter.ForkedBooter.runSuitesInProcess(ForkedBooter.java:385) [surefire-booter-3.0.0.jar:3.0.0]
	at org.apache.maven.surefire.booter.ForkedBooter.execute(ForkedBooter.java:162) [surefire-booter-3.0.0.jar:3.0.0]
	at org.apache.maven.surefire.booter.ForkedBooter.run(ForkedBooter.java:507) [surefire-booter-3.0.0.jar:3.0.0]
	at org.apache.maven.surefire.booter.ForkedBooter.main(ForkedBooter.java:495) [surefire-booter-3.0.0.jar:3.0.0]
2026-05-29 12:25:06 [main] INFO  com.swaglabtest.pages.BaseClass - Browser closed for class
2026-05-29 12:25:06 [main] INFO  com.swaglabtest.pages.BaseClass - Initializing browser...
2026-05-29 12:25:06 [main] INFO  com.swaglabtest.pages.BaseClass - Browser selected: chrome
2026-05-29 12:25:08 [main] INFO  io.github.bonigarcia.wdm.WebDriverManager - Using chromedriver 148.0.7778.178 (resolved driver for Chrome 148)
2026-05-29 12:25:08 [main] INFO  io.github.bonigarcia.wdm.online.Downloader - Downloading https://storage.googleapis.com/chrome-for-testing-public/148.0.7778.178/win64/chromedriver-win64.zip
2026-05-29 12:25:11 [main] INFO  io.github.bonigarcia.wdm.online.Downloader - Extracting driver from compressed file chromedriver-win64.zip
2026-05-29 12:25:11 [main] INFO  io.github.bonigarcia.wdm.WebDriverManager - Exporting webdriver.chrome.driver as C:\Users\STZ\.cache\selenium\chromedriver\win64\148.0.7778.178\chromedriver.exe
2026-05-29 12:25:14 [main] INFO  com.swaglabtest.pages.BaseClass - Browser initialized successfully: chrome
2026-05-29 12:25:14 [main] INFO  com.swaglabtest.pages.BaseClass - Test started: UserLogingWithCredentials
2026-05-29 12:25:14 [main] INFO  com.swaglabtest.pages.BaseClass - Test Passed: UserLogingWithCredentials
2026-05-29 12:25:14 [main] INFO  com.swaglabtest.pages.BaseClass - Browser closed for class
2026-05-29 12:25:14 [main] INFO  com.swaglabtest.pages.BaseClass - Initializing browser...
2026-05-29 12:25:14 [main] INFO  com.swaglabtest.pages.BaseClass - Browser selected: chrome
2026-05-29 12:25:15 [main] INFO  io.github.bonigarcia.wdm.WebDriverManager - Using chromedriver 148.0.7778.178 (resolved driver for Chrome 148)
2026-05-29 12:25:15 [main] INFO  io.github.bonigarcia.wdm.online.Downloader - Downloading https://storage.googleapis.com/chrome-for-testing-public/148.0.7778.178/win64/chromedriver-win64.zip
2026-05-29 12:25:18 [main] INFO  io.github.bonigarcia.wdm.online.Downloader - Extracting driver from compressed file chromedriver-win64.zip
2026-05-29 12:25:18 [main] INFO  io.github.bonigarcia.wdm.WebDriverManager - Exporting webdriver.chrome.driver as C:\Users\STZ\.cache\selenium\chromedriver\win64\148.0.7778.178\chromedriver.exe
2026-05-29 12:25:20 [main] INFO  com.swaglabtest.pages.BaseClass - Browser initialized successfully: chrome
2026-05-29 12:25:20 [main] INFO  com.swaglabtest.pages.BaseClass - Test started: newPurchasing
2026-05-29 12:25:53 [main] INFO  com.swaglabtest.pages.BaseClass - Test Passed: newPurchasing
2026-05-29 12:25:53 [main] INFO  com.swaglabtest.pages.BaseClass - Test started: sortOrderAscending
2026-05-29 12:25:53 [main] INFO  com.swaglabtest.pages.BaseClass - Test Passed: sortOrderAscending
2026-05-29 12:25:53 [main] INFO  com.swaglabtest.pages.BaseClass - Test started: sortOrderDescending
2026-05-29 12:25:53 [main] INFO  com.swaglabtest.pages.BaseClass - Test Passed: sortOrderDescending
2026-05-29 12:25:53 [main] INFO  com.swaglabtest.pages.BaseClass - Test started: lowerToHighPriceListDown
2026-05-29 12:25:54 [main] INFO  com.swaglabtest.pages.BaseClass - Test Passed: lowerToHighPriceListDown
2026-05-29 12:25:54 [main] INFO  com.swaglabtest.pages.BaseClass - Test started: highToLowerPriceListDown
2026-05-29 12:25:54 [main] INFO  com.swaglabtest.pages.BaseClass - Test Passed: highToLowerPriceListDown
2026-05-29 12:25:54 [main] INFO  com.swaglabtest.pages.BaseClass - Browser closed for class
2026-05-29 12:25:54 [main] INFO  com.swaglabtest.pages.BaseClass - Extent Report flushed
2026-05-29 12:32:03 [main] INFO  org.testng.internal.Utils - [Utils] MethodGroupsHelper.collectMethodsByGroup() took 7 ms.
2026-05-29 12:32:03 [main] INFO  org.testng.internal.Utils - [Utils] MethodGroupsHelper.sortMethods() took 27 ms.
2026-05-29 12:32:03 [main] INFO  org.testng.internal.Utils - [Utils] MethodGroupsHelper.collectMethodsByGroup() took 0 ms.
2026-05-29 12:32:03 [main] INFO  org.testng.internal.Utils - [Utils] MethodGroupsHelper.sortMethods() took 0 ms.
2026-05-29 12:32:03 [main] INFO  org.testng.internal.Utils - [Utils] MethodGroupsHelper.collectMethodsByGroup() took 0 ms.
2026-05-29 12:32:03 [main] INFO  org.testng.internal.Utils - [Utils] MethodGroupsHelper.sortMethods() took 0 ms.
2026-05-29 12:32:03 [main] INFO  org.testng.internal.Utils - [Utils] MethodGroupsHelper.collectMethodsByGroup() took 0 ms.
2026-05-29 12:32:03 [main] INFO  org.testng.internal.Utils - [Utils] MethodGroupsHelper.sortMethods() took 0 ms.
2026-05-29 12:32:03 [main] INFO  org.testng.internal.Utils - [Utils] MethodGroupsHelper.collectMethodsByGroup() took 0 ms.
2026-05-29 12:32:03 [main] INFO  org.testng.internal.Utils - [Utils] MethodGroupsHelper.sortMethods() took 0 ms.
2026-05-29 12:32:03 [main] INFO  org.testng.internal.Utils - [Utils] MethodGroupsHelper.collectMethodsByGroup() took 0 ms.
2026-05-29 12:32:03 [main] INFO  org.testng.internal.Utils - [Utils] MethodGroupsHelper.sortMethods() took 0 ms.
2026-05-29 12:32:03 [main] INFO  org.testng.internal.Utils - [Utils] MethodGroupsHelper.collectMethodsByGroup() took 0 ms.
2026-05-29 12:32:03 [main] INFO  org.testng.internal.Utils - [Utils] MethodGroupsHelper.sortMethods() took 0 ms.
2026-05-29 12:32:03 [main] INFO  org.testng.internal.Utils - [Utils] MethodGroupsHelper.collectMethodsByGroup() took 0 ms.
2026-05-29 12:32:03 [main] INFO  org.testng.internal.Utils - [Utils] MethodGroupsHelper.sortMethods() took 0 ms.
2026-05-29 12:32:03 [main] INFO  org.testng.internal.Utils - [Utils] MethodGroupsHelper.collectMethodsByGroup() took 0 ms.
2026-05-29 12:32:03 [main] INFO  org.testng.internal.Utils - [Utils] MethodGroupsHelper.sortMethods() took 10 ms.
2026-05-29 12:32:03 [main] INFO  org.testng.internal.Utils - [Utils] MethodGroupsHelper.collectMethodsByGroup() took 0 ms.
2026-05-29 12:32:03 [main] INFO  org.testng.internal.Utils - [Utils] MethodGroupsHelper.sortMethods() took 0 ms.
2026-05-29 12:32:03 [main] INFO  org.testng.internal.Utils - [Utils] MethodGroupsHelper.collectMethodsByGroup() took 0 ms.
2026-05-29 12:32:03 [main] INFO  org.testng.internal.Utils - [Utils] MethodGroupsHelper.sortMethods() took 0 ms.
2026-05-29 12:32:03 [main] INFO  org.testng.internal.Utils - [Utils] MethodGroupsHelper.collectMethodsByGroup() took 0 ms.
2026-05-29 12:32:03 [main] INFO  org.testng.internal.Utils - [Utils] MethodGroupsHelper.sortMethods() took 0 ms.
2026-05-29 12:32:03 [main] INFO  org.testng.internal.Utils - [Utils] MethodGroupsHelper.collectMethodsByGroup() took 0 ms.
2026-05-29 12:32:03 [main] INFO  org.testng.internal.Utils - [Utils] MethodGroupsHelper.sortMethods() took 0 ms.
2026-05-29 12:32:03 [main] INFO  org.testng.internal.Utils - [Utils] MethodGroupsHelper.collectMethodsByGroup() took 0 ms.
2026-05-29 12:32:03 [main] INFO  org.testng.internal.Utils - [Utils] MethodGroupsHelper.sortMethods() took 0 ms.
2026-05-29 12:32:03 [main] INFO  org.testng.internal.Utils - [Utils] MethodGroupsHelper.collectMethodsByGroup() took 0 ms.
2026-05-29 12:32:03 [main] INFO  org.testng.internal.Utils - [Utils] MethodGroupsHelper.sortMethods() took 1 ms.
2026-05-29 12:32:03 [main] INFO  org.testng.internal.Utils - [TestNG] Running:
  C:\Users\STZ\AppData\Local\Temp\testng-eclipse--1073539996\testng-customsuite.xml

2026-05-29 12:32:03 [main] INFO  com.swaglabtest.pages.BaseClass - Starting Test Suite setup...
2026-05-29 12:32:04 [main] INFO  com.swaglabtest.pages.BaseClass - ExcelDataProvider initialized
2026-05-29 12:32:04 [main] INFO  com.swaglabtest.pages.BaseClass - ConfigProvider initialized
2026-05-29 12:32:04 [main] INFO  com.swaglabtest.pages.BaseClass - Extent Reports XML configuration loaded
2026-05-29 12:32:04 [main] INFO  com.swaglabtest.pages.BaseClass - Extent Report initialized at: C:\Users\STZ\EclipsWorkspace\NewSwagLab_Project/Reports/AutomationReport.html
2026-05-29 12:32:04 [main] INFO  org.testng.internal.Utils - [Utils] DynamicGraphHelper.createDynamicGraph() took 5 ms.
2026-05-29 12:32:04 [main] INFO  com.swaglabtest.pages.BaseClass - Initializing browser...
2026-05-29 12:32:04 [main] INFO  com.swaglabtest.pages.BaseClass - Browser selected: chrome
2026-05-29 12:32:06 [main] INFO  io.github.bonigarcia.wdm.WebDriverManager - Using chromedriver 148.0.7778.178 (resolved driver for Chrome 148)
2026-05-29 12:32:06 [main] INFO  io.github.bonigarcia.wdm.online.Downloader - Downloading https://storage.googleapis.com/chrome-for-testing-public/148.0.7778.178/win64/chromedriver-win64.zip
2026-05-29 12:32:12 [main] INFO  io.github.bonigarcia.wdm.online.Downloader - Extracting driver from compressed file chromedriver-win64.zip
2026-05-29 12:32:12 [main] INFO  io.github.bonigarcia.wdm.WebDriverManager - Exporting webdriver.chrome.driver as C:\Users\STZ\.cache\selenium\chromedriver\win64\148.0.7778.178\chromedriver.exe
2026-05-29 12:32:16 [main] INFO  com.swaglabtest.pages.BaseClass - Browser initialized successfully: chrome
2026-05-29 12:32:16 [main] INFO  com.swaglabtest.pages.BaseClass - Test started: brokenLinkTestLoginPage
2026-05-29 12:32:18 [main] INFO  com.swaglabtest.pages.BaseClass - Test Passed: brokenLinkTestLoginPage
2026-05-29 12:32:18 [main] INFO  com.swaglabtest.pages.BaseClass - Test started: brokenLinkTestPurchasePage
2026-05-29 12:32:19 [main] INFO  com.swaglabtest.pages.BaseClass - Test Passed: brokenLinkTestPurchasePage
2026-05-29 12:32:19 [main] INFO  com.swaglabtest.pages.BaseClass - Browser closed for class
2026-05-29 12:32:19 [main] INFO  com.swaglabtest.pages.BaseClass - Extent Report flushed
2026-05-29 12:32:19 [main] INFO  org.testng.internal.Utils - [TestNG] Time taken by org.testng.reporters.jq.Main@35329a05: 89 ms
2026-05-29 12:32:19 [main] INFO  org.testng.internal.Utils - [TestNG] Time taken by org.testng.reporters.FailedReporter@36c783ca: 1 ms
2026-05-29 12:32:19 [main] INFO  org.testng.internal.Utils - [TestNG] Time taken by org.testng.reporters.XMLReporter@3041beb3: 15 ms
2026-05-29 12:32:19 [main] INFO  org.testng.internal.Utils - [TestNG] Time taken by org.testng.reporters.EmailableReporter2@83ebdc5: 7 ms
2026-05-29 12:32:19 [main] INFO  org.testng.internal.Utils - [TestNG] Time taken by org.testng.reporters.JUnitReportReporter@284c4f02: 6 ms
2026-05-29 12:32:19 [main] INFO  org.testng.internal.Utils - [TestNG] Time taken by org.testng.internal.ExitCodeListener@709d6de5: 0 ms
2026-05-29 12:32:38 [main] INFO  com.swaglabtest.pages.BaseClass - Starting Test Suite setup...
2026-05-29 12:32:38 [main] INFO  com.swaglabtest.pages.BaseClass - ExcelDataProvider initialized
2026-05-29 12:32:38 [main] INFO  com.swaglabtest.pages.BaseClass - ConfigProvider initialized
2026-05-29 12:32:38 [main] INFO  com.swaglabtest.pages.BaseClass - Extent Reports XML configuration loaded
2026-05-29 12:32:39 [main] INFO  com.swaglabtest.pages.BaseClass - Extent Report initialized at: C:\Users\STZ\EclipsWorkspace\NewSwagLab_Project/Reports/AutomationReport.html
2026-05-29 12:32:39 [main] INFO  com.swaglabtest.pages.BaseClass - Initializing browser...
2026-05-29 12:32:39 [main] INFO  com.swaglabtest.pages.BaseClass - Browser selected: chrome
2026-05-29 12:32:40 [main] INFO  io.github.bonigarcia.wdm.WebDriverManager - Using chromedriver 148.0.7778.178 (resolved driver for Chrome 148)
2026-05-29 12:32:41 [main] INFO  io.github.bonigarcia.wdm.online.Downloader - Downloading https://storage.googleapis.com/chrome-for-testing-public/148.0.7778.178/win64/chromedriver-win64.zip
2026-05-29 12:32:48 [main] INFO  io.github.bonigarcia.wdm.online.Downloader - Extracting driver from compressed file chromedriver-win64.zip
2026-05-29 12:32:48 [main] INFO  io.github.bonigarcia.wdm.WebDriverManager - Exporting webdriver.chrome.driver as C:\Users\STZ\.cache\selenium\chromedriver\win64\148.0.7778.178\chromedriver.exe
2026-05-29 12:32:52 [main] INFO  com.swaglabtest.pages.BaseClass - Browser initialized successfully: chrome
2026-05-29 12:32:52 [main] INFO  com.swaglabtest.pages.BaseClass - Test started: brokenLinkTestLoginPage
2026-05-29 12:32:54 [main] INFO  com.swaglabtest.pages.BaseClass - Test Passed: brokenLinkTestLoginPage
2026-05-29 12:32:54 [main] INFO  com.swaglabtest.pages.BaseClass - Test started: brokenLinkTestPurchasePage
2026-05-29 12:32:54 [main] INFO  com.swaglabtest.pages.BaseClass - Test Passed: brokenLinkTestPurchasePage
2026-05-29 12:32:55 [main] INFO  com.swaglabtest.pages.BaseClass - Browser closed for class
2026-05-29 12:32:55 [main] INFO  com.swaglabtest.pages.BaseClass - Initializing browser...
2026-05-29 12:32:55 [main] INFO  com.swaglabtest.pages.BaseClass - Browser selected: chrome
2026-05-29 12:32:56 [main] INFO  io.github.bonigarcia.wdm.WebDriverManager - Using chromedriver 148.0.7778.178 (resolved driver for Chrome 148)
2026-05-29 12:32:56 [main] INFO  io.github.bonigarcia.wdm.online.Downloader - Downloading https://storage.googleapis.com/chrome-for-testing-public/148.0.7778.178/win64/chromedriver-win64.zip
2026-05-29 12:33:03 [main] INFO  io.github.bonigarcia.wdm.online.Downloader - Extracting driver from compressed file chromedriver-win64.zip
2026-05-29 12:33:03 [main] INFO  io.github.bonigarcia.wdm.WebDriverManager - Exporting webdriver.chrome.driver as C:\Users\STZ\.cache\selenium\chromedriver\win64\148.0.7778.178\chromedriver.exe
2026-05-29 12:33:06 [main] INFO  com.swaglabtest.pages.BaseClass - Browser initialized successfully: chrome
2026-05-29 12:33:06 [main] INFO  com.swaglabtest.pages.BaseClass - Test started: UserLogingWithCredentials
2026-05-29 12:33:06 [main] INFO  com.swaglabtest.pages.BaseClass - Test Passed: UserLogingWithCredentials
2026-05-29 12:33:06 [main] INFO  com.swaglabtest.pages.BaseClass - Browser closed for class
2026-05-29 12:33:06 [main] INFO  com.swaglabtest.pages.BaseClass - Initializing browser...
2026-05-29 12:33:06 [main] INFO  com.swaglabtest.pages.BaseClass - Browser selected: chrome
2026-05-29 12:33:08 [main] INFO  io.github.bonigarcia.wdm.WebDriverManager - Using chromedriver 148.0.7778.178 (resolved driver for Chrome 148)
2026-05-29 12:33:08 [main] INFO  io.github.bonigarcia.wdm.online.Downloader - Downloading https://storage.googleapis.com/chrome-for-testing-public/148.0.7778.178/win64/chromedriver-win64.zip
2026-05-29 12:33:14 [main] INFO  io.github.bonigarcia.wdm.online.Downloader - Extracting driver from compressed file chromedriver-win64.zip
2026-05-29 12:33:15 [main] INFO  io.github.bonigarcia.wdm.WebDriverManager - Exporting webdriver.chrome.driver as C:\Users\STZ\.cache\selenium\chromedriver\win64\148.0.7778.178\chromedriver.exe
2026-05-29 12:33:17 [main] INFO  com.swaglabtest.pages.BaseClass - Browser initialized successfully: chrome
2026-05-29 12:33:17 [main] INFO  com.swaglabtest.pages.BaseClass - Test started: newPurchasing
2026-05-29 12:33:50 [main] INFO  com.swaglabtest.pages.BaseClass - Test Passed: newPurchasing
2026-05-29 12:33:50 [main] INFO  com.swaglabtest.pages.BaseClass - Test started: sortOrderAscending
2026-05-29 12:33:50 [main] INFO  com.swaglabtest.pages.BaseClass - Test Passed: sortOrderAscending
2026-05-29 12:33:50 [main] INFO  com.swaglabtest.pages.BaseClass - Test started: sortOrderDescending
2026-05-29 12:33:50 [main] INFO  com.swaglabtest.pages.BaseClass - Test Passed: sortOrderDescending
2026-05-29 12:33:50 [main] INFO  com.swaglabtest.pages.BaseClass - Test started: lowerToHighPriceListDown
2026-05-29 12:33:51 [main] INFO  com.swaglabtest.pages.BaseClass - Test Passed: lowerToHighPriceListDown
2026-05-29 12:33:51 [main] INFO  com.swaglabtest.pages.BaseClass - Test started: highToLowerPriceListDown
2026-05-29 12:33:51 [main] INFO  com.swaglabtest.pages.BaseClass - Test Passed: highToLowerPriceListDown
2026-05-29 12:33:51 [main] INFO  com.swaglabtest.pages.BaseClass - Browser closed for class
2026-05-29 12:33:51 [main] INFO  com.swaglabtest.pages.BaseClass - Extent Report flushed
2026-05-29 12:45:34 [main] INFO  com.swaglabtest.pages.BaseClass - Starting Test Suite setup...
2026-05-29 12:45:35 [main] INFO  com.swaglabtest.pages.BaseClass - ExcelDataProvider initialized
2026-05-29 12:45:35 [main] INFO  com.swaglabtest.pages.BaseClass - ConfigProvider initialized
2026-05-29 12:45:35 [main] INFO  com.swaglabtest.pages.BaseClass - Extent Reports XML configuration loaded
2026-05-29 12:45:35 [main] INFO  com.swaglabtest.pages.BaseClass - Extent Report initialized at: C:\Users\STZ\EclipsWorkspace\NewSwagLab_Project/Reports/AutomationReport.html
2026-05-29 12:45:35 [main] INFO  com.swaglabtest.pages.BaseClass - Initializing browser...
2026-05-29 12:45:35 [main] INFO  com.swaglabtest.pages.BaseClass - Browser selected: chrome
2026-05-29 12:45:37 [main] INFO  io.github.bonigarcia.wdm.WebDriverManager - Using chromedriver 148.0.7778.178 (resolved driver for Chrome 148)
2026-05-29 12:45:38 [main] INFO  io.github.bonigarcia.wdm.online.Downloader - Downloading https://storage.googleapis.com/chrome-for-testing-public/148.0.7778.178/win64/chromedriver-win64.zip
2026-05-29 12:45:43 [main] INFO  io.github.bonigarcia.wdm.online.Downloader - Extracting driver from compressed file chromedriver-win64.zip
2026-05-29 12:45:43 [main] INFO  io.github.bonigarcia.wdm.WebDriverManager - Exporting webdriver.chrome.driver as C:\Users\STZ\.cache\selenium\chromedriver\win64\148.0.7778.178\chromedriver.exe
2026-05-29 12:45:46 [main] INFO  com.swaglabtest.pages.BaseClass - Browser initialized successfully: chrome
2026-05-29 12:45:46 [main] INFO  com.swaglabtest.pages.BaseClass - Test started: brokenLinkTestLoginPage
2026-05-29 12:45:48 [main] INFO  com.swaglabtest.pages.BaseClass - Test Passed: brokenLinkTestLoginPage
2026-05-29 12:45:48 [main] INFO  com.swaglabtest.pages.BaseClass - Test started: brokenLinkTestPurchasePage
2026-05-29 12:45:49 [main] INFO  com.swaglabtest.pages.BaseClass - Test Passed: brokenLinkTestPurchasePage
2026-05-29 12:45:49 [main] INFO  com.swaglabtest.pages.BaseClass - Browser closed for class
2026-05-29 12:45:49 [main] INFO  com.swaglabtest.pages.BaseClass - Initializing browser...
2026-05-29 12:45:49 [main] INFO  com.swaglabtest.pages.BaseClass - Browser selected: chrome
2026-05-29 12:45:51 [main] INFO  io.github.bonigarcia.wdm.WebDriverManager - Using chromedriver 148.0.7778.178 (resolved driver for Chrome 148)
2026-05-29 12:45:51 [main] INFO  io.github.bonigarcia.wdm.online.Downloader - Downloading https://storage.googleapis.com/chrome-for-testing-public/148.0.7778.178/win64/chromedriver-win64.zip
2026-05-29 12:45:54 [main] INFO  io.github.bonigarcia.wdm.online.Downloader - Extracting driver from compressed file chromedriver-win64.zip
2026-05-29 12:45:54 [main] INFO  io.github.bonigarcia.wdm.WebDriverManager - Exporting webdriver.chrome.driver as C:\Users\STZ\.cache\selenium\chromedriver\win64\148.0.7778.178\chromedriver.exe
2026-05-29 12:45:58 [main] INFO  com.swaglabtest.pages.BaseClass - Browser initialized successfully: chrome
2026-05-29 12:45:58 [main] INFO  com.swaglabtest.pages.BaseClass - Test started: UserLogingWithCredentials
2026-05-29 12:45:58 [main] INFO  com.swaglabtest.pages.BaseClass - Test Passed: UserLogingWithCredentials
2026-05-29 12:45:58 [main] INFO  com.swaglabtest.pages.BaseClass - Browser closed for class
2026-05-29 12:45:58 [main] INFO  com.swaglabtest.pages.BaseClass - Initializing browser...
2026-05-29 12:45:58 [main] INFO  com.swaglabtest.pages.BaseClass - Browser selected: chrome
2026-05-29 12:45:59 [main] INFO  io.github.bonigarcia.wdm.WebDriverManager - Using chromedriver 148.0.7778.178 (resolved driver for Chrome 148)
2026-05-29 12:45:59 [main] INFO  io.github.bonigarcia.wdm.online.Downloader - Downloading https://storage.googleapis.com/chrome-for-testing-public/148.0.7778.178/win64/chromedriver-win64.zip
2026-05-29 12:46:05 [main] INFO  io.github.bonigarcia.wdm.online.Downloader - Extracting driver from compressed file chromedriver-win64.zip
2026-05-29 12:46:05 [main] INFO  io.github.bonigarcia.wdm.WebDriverManager - Exporting webdriver.chrome.driver as C:\Users\STZ\.cache\selenium\chromedriver\win64\148.0.7778.178\chromedriver.exe
2026-05-29 12:46:08 [main] INFO  com.swaglabtest.pages.BaseClass - Browser initialized successfully: chrome
2026-05-29 12:46:08 [main] INFO  com.swaglabtest.pages.BaseClass - Test started: newPurchasing
2026-05-29 12:46:41 [main] INFO  com.swaglabtest.pages.BaseClass - Test Passed: newPurchasing
2026-05-29 12:46:41 [main] INFO  com.swaglabtest.pages.BaseClass - Test started: sortOrderAscending
2026-05-29 12:46:41 [main] INFO  com.swaglabtest.pages.BaseClass - Test Passed: sortOrderAscending
2026-05-29 12:46:41 [main] INFO  com.swaglabtest.pages.BaseClass - Test started: sortOrderDescending
2026-05-29 12:46:41 [main] INFO  com.swaglabtest.pages.BaseClass - Test Passed: sortOrderDescending
2026-05-29 12:46:41 [main] INFO  com.swaglabtest.pages.BaseClass - Test started: lowerToHighPriceListDown
2026-05-29 12:46:41 [main] INFO  com.swaglabtest.pages.BaseClass - Test Passed: lowerToHighPriceListDown
2026-05-29 12:46:41 [main] INFO  com.swaglabtest.pages.BaseClass - Test started: highToLowerPriceListDown
2026-05-29 12:46:42 [main] INFO  com.swaglabtest.pages.BaseClass - Test Passed: highToLowerPriceListDown
2026-05-29 12:46:42 [main] INFO  com.swaglabtest.pages.BaseClass - Browser closed for class
2026-05-29 12:46:42 [main] INFO  com.swaglabtest.pages.BaseClass - Extent Report flushed
2026-05-29 14:14:42 [main] INFO  org.testng.internal.Utils - [Utils] MethodGroupsHelper.collectMethodsByGroup() took 7 ms.
2026-05-29 14:14:42 [main] INFO  org.testng.internal.Utils - [Utils] MethodGroupsHelper.sortMethods() took 8 ms.
2026-05-29 14:14:42 [main] INFO  org.testng.internal.Utils - [Utils] MethodGroupsHelper.collectMethodsByGroup() took 0 ms.
2026-05-29 14:14:42 [main] INFO  org.testng.internal.Utils - [Utils] MethodGroupsHelper.sortMethods() took 1 ms.
2026-05-29 14:14:42 [main] INFO  org.testng.internal.Utils - [Utils] MethodGroupsHelper.collectMethodsByGroup() took 0 ms.
2026-05-29 14:14:42 [main] INFO  org.testng.internal.Utils - [Utils] MethodGroupsHelper.sortMethods() took 0 ms.
2026-05-29 14:14:42 [main] INFO  org.testng.internal.Utils - [Utils] MethodGroupsHelper.collectMethodsByGroup() took 0 ms.
2026-05-29 14:14:42 [main] INFO  org.testng.internal.Utils - [Utils] MethodGroupsHelper.sortMethods() took 0 ms.
2026-05-29 14:14:42 [main] INFO  org.testng.internal.Utils - [Utils] MethodGroupsHelper.collectMethodsByGroup() took 0 ms.
2026-05-29 14:14:42 [main] INFO  org.testng.internal.Utils - [Utils] MethodGroupsHelper.sortMethods() took 0 ms.
2026-05-29 14:14:42 [main] INFO  org.testng.internal.Utils - [Utils] MethodGroupsHelper.collectMethodsByGroup() took 0 ms.
2026-05-29 14:14:42 [main] INFO  org.testng.internal.Utils - [Utils] MethodGroupsHelper.sortMethods() took 0 ms.
2026-05-29 14:14:42 [main] INFO  org.testng.internal.Utils - [Utils] MethodGroupsHelper.collectMethodsByGroup() took 0 ms.
2026-05-29 14:14:42 [main] INFO  org.testng.internal.Utils - [Utils] MethodGroupsHelper.sortMethods() took 0 ms.
2026-05-29 14:14:42 [main] INFO  org.testng.internal.Utils - [Utils] MethodGroupsHelper.collectMethodsByGroup() took 0 ms.
2026-05-29 14:14:42 [main] INFO  org.testng.internal.Utils - [Utils] MethodGroupsHelper.sortMethods() took 0 ms.
2026-05-29 14:14:42 [main] INFO  org.testng.internal.Utils - [Utils] MethodGroupsHelper.collectMethodsByGroup() took 0 ms.
2026-05-29 14:14:42 [main] INFO  org.testng.internal.Utils - [Utils] MethodGroupsHelper.sortMethods() took 7 ms.
2026-05-29 14:14:42 [main] INFO  org.testng.internal.Utils - [Utils] MethodGroupsHelper.collectMethodsByGroup() took 0 ms.
2026-05-29 14:14:42 [main] INFO  org.testng.internal.Utils - [Utils] MethodGroupsHelper.sortMethods() took 0 ms.
2026-05-29 14:14:42 [main] INFO  org.testng.internal.Utils - [Utils] MethodGroupsHelper.collectMethodsByGroup() took 0 ms.
2026-05-29 14:14:42 [main] INFO  org.testng.internal.Utils - [Utils] MethodGroupsHelper.sortMethods() took 0 ms.
2026-05-29 14:14:42 [main] INFO  org.testng.internal.Utils - [Utils] MethodGroupsHelper.collectMethodsByGroup() took 0 ms.
2026-05-29 14:14:42 [main] INFO  org.testng.internal.Utils - [Utils] MethodGroupsHelper.sortMethods() took 0 ms.
2026-05-29 14:14:42 [main] INFO  org.testng.internal.Utils - [Utils] MethodGroupsHelper.collectMethodsByGroup() took 1 ms.
2026-05-29 14:14:42 [main] INFO  org.testng.internal.Utils - [Utils] MethodGroupsHelper.sortMethods() took 0 ms.
2026-05-29 14:14:42 [main] INFO  org.testng.internal.Utils - [Utils] MethodGroupsHelper.collectMethodsByGroup() took 0 ms.
2026-05-29 14:14:42 [main] INFO  org.testng.internal.Utils - [Utils] MethodGroupsHelper.sortMethods() took 1 ms.
2026-05-29 14:14:42 [main] INFO  org.testng.internal.Utils - [Utils] MethodGroupsHelper.collectMethodsByGroup() took 0 ms.
2026-05-29 14:14:42 [main] INFO  org.testng.internal.Utils - [Utils] MethodGroupsHelper.sortMethods() took 0 ms.
2026-05-29 14:14:42 [main] INFO  org.testng.internal.Utils - [TestNG] Running:
  C:\Users\STZ\AppData\Local\Temp\testng-eclipse-920206305\testng-customsuite.xml

2026-05-29 14:14:42 [main] INFO  com.swaglabtest.pages.BaseClass - Starting Test Suite setup...
2026-05-29 14:14:42 [main] INFO  com.swaglabtest.pages.BaseClass - ExcelDataProvider initialized
2026-05-29 14:14:42 [main] INFO  com.swaglabtest.pages.BaseClass - ConfigProvider initialized
2026-05-29 14:14:43 [main] INFO  com.swaglabtest.pages.BaseClass - Extent Reports XML configuration loaded
2026-05-29 14:14:43 [main] INFO  com.swaglabtest.pages.BaseClass - Extent Report initialized at: C:\Users\STZ\EclipsWorkspace\NewSwagLab_Project/Reports/AutomationReport.html
2026-05-29 14:14:43 [main] INFO  org.testng.internal.Utils - [Utils] DynamicGraphHelper.createDynamicGraph() took 7 ms.
2026-05-29 14:14:43 [main] INFO  com.swaglabtest.pages.BaseClass - Initializing browser...
2026-05-29 14:14:43 [main] INFO  com.swaglabtest.pages.BaseClass - Browser selected: chrome
2026-05-29 14:14:46 [main] INFO  io.github.bonigarcia.wdm.WebDriverManager - Using chromedriver 148.0.7778.178 (resolved driver for Chrome 148)
2026-05-29 14:14:46 [main] INFO  io.github.bonigarcia.wdm.online.Downloader - Downloading https://storage.googleapis.com/chrome-for-testing-public/148.0.7778.178/win64/chromedriver-win64.zip
2026-05-29 14:14:55 [main] INFO  io.github.bonigarcia.wdm.online.Downloader - Extracting driver from compressed file chromedriver-win64.zip
2026-05-29 14:14:56 [main] INFO  io.github.bonigarcia.wdm.WebDriverManager - Exporting webdriver.chrome.driver as C:\Users\STZ\.cache\selenium\chromedriver\win64\148.0.7778.178\chromedriver.exe
2026-05-29 14:14:59 [main] INFO  com.swaglabtest.pages.BaseClass - Browser initialized successfully: chrome
2026-05-29 14:14:59 [main] INFO  com.swaglabtest.pages.BaseClass - Test started: checkLogoutUser
2026-05-29 14:14:59 [main] ERROR com.swaglabtest.pages.BaseClass - Test Failed: checkLogoutUser
java.lang.Error: Unresolved compilation problem: 
	system cannot be resolved

	at com.swaglabtest.testcases.SeccurityTest.checkLogoutUser(SeccurityTest.java:50) ~[test-classes/:?]
	at java.base/jdk.internal.reflect.DirectMethodHandleAccessor.invoke(DirectMethodHandleAccessor.java:103) ~[?:?]
	at java.base/java.lang.reflect.Method.invoke(Method.java:580) ~[?:?]
	at org.testng.internal.invokers.MethodInvocationHelper.invokeMethod(MethodInvocationHelper.java:141) ~[testng-7.10.1.jar:7.10.1]
	at org.testng.internal.invokers.TestInvoker.invokeMethod(TestInvoker.java:686) ~[testng-7.10.1.jar:7.10.1]
	at org.testng.internal.invokers.TestInvoker.invokeTestMethod(TestInvoker.java:230) ~[testng-7.10.1.jar:7.10.1]
	at org.testng.internal.invokers.MethodRunner.runInSequence(MethodRunner.java:63) ~[testng-7.10.1.jar:7.10.1]
	at org.testng.internal.invokers.TestInvoker$MethodInvocationAgent.invoke(TestInvoker.java:992) ~[testng-7.10.1.jar:7.10.1]
	at org.testng.internal.invokers.TestInvoker.invokeTestMethods(TestInvoker.java:203) ~[testng-7.10.1.jar:7.10.1]
	at org.testng.internal.invokers.TestMethodWorker.invokeTestMethods(TestMethodWorker.java:154) ~[testng-7.10.1.jar:7.10.1]
	at org.testng.internal.invokers.TestMethodWorker.run(TestMethodWorker.java:134) ~[testng-7.10.1.jar:7.10.1]
	at java.base/java.util.ArrayList.forEach(ArrayList.java:1596) [?:?]
	at org.testng.TestRunner.privateRun(TestRunner.java:739) [testng-7.10.1.jar:7.10.1]
	at org.testng.TestRunner.run(TestRunner.java:614) [testng-7.10.1.jar:7.10.1]
	at org.testng.SuiteRunner.runTest(SuiteRunner.java:421) [testng-7.10.1.jar:7.10.1]
	at org.testng.SuiteRunner.runSequentially(SuiteRunner.java:413) [testng-7.10.1.jar:7.10.1]
	at org.testng.SuiteRunner.privateRun(SuiteRunner.java:373) [testng-7.10.1.jar:7.10.1]
	at org.testng.SuiteRunner.run(SuiteRunner.java:312) [testng-7.10.1.jar:7.10.1]
	at org.testng.SuiteRunnerWorker.runSuite(SuiteRunnerWorker.java:52) [testng-7.10.1.jar:7.10.1]
	at org.testng.SuiteRunnerWorker.run(SuiteRunnerWorker.java:95) [testng-7.10.1.jar:7.10.1]
	at org.testng.TestNG.runSuitesSequentially(TestNG.java:1274) [testng-7.10.1.jar:7.10.1]
	at org.testng.TestNG.runSuitesLocally(TestNG.java:1208) [testng-7.10.1.jar:7.10.1]
	at org.testng.TestNG.runSuites(TestNG.java:1112) [testng-7.10.1.jar:7.10.1]
	at org.testng.TestNG.run(TestNG.java:1079) [testng-7.10.1.jar:7.10.1]
	at org.testng.remote.AbstractRemoteTestNG.run(AbstractRemoteTestNG.java:115) [testng-remote.jar:?]
	at org.testng.remote.RemoteTestNG.initAndRun(RemoteTestNG.java:293) [testng-remote.jar:?]
	at org.testng.remote.RemoteTestNG.main(RemoteTestNG.java:91) [testng-remote.jar:?]
2026-05-29 14:14:59 [main] INFO  com.swaglabtest.pages.BaseClass - Browser closed for class
2026-05-29 14:15:00 [main] INFO  com.swaglabtest.pages.BaseClass - Extent Report flushed
2026-05-29 14:15:00 [main] INFO  org.testng.internal.Utils - [TestNG] Time taken by org.testng.reporters.jq.Main@3dfe92ef: 94 ms
2026-05-29 14:15:00 [main] INFO  org.testng.internal.Utils - [TestNG] Time taken by org.testng.reporters.FailedReporter@255ed8e4: 40 ms
2026-05-29 14:15:00 [main] INFO  org.testng.internal.Utils - [TestNG] Time taken by org.testng.reporters.XMLReporter@38d525aa: 13 ms
2026-05-29 14:15:00 [main] INFO  org.testng.internal.Utils - [TestNG] Time taken by org.testng.reporters.EmailableReporter2@4b691611: 8 ms
2026-05-29 14:15:00 [main] INFO  org.testng.internal.Utils - [TestNG] Time taken by org.testng.reporters.JUnitReportReporter@542c65d9: 6 ms
2026-05-29 14:15:00 [main] INFO  org.testng.internal.Utils - [TestNG] Time taken by org.testng.internal.ExitCodeListener@cdbe995: 0 ms
2026-05-29 14:15:35 [main] INFO  org.testng.internal.Utils - [Utils] MethodGroupsHelper.collectMethodsByGroup() took 7 ms.
2026-05-29 14:15:35 [main] INFO  org.testng.internal.Utils - [Utils] MethodGroupsHelper.sortMethods() took 23 ms.
2026-05-29 14:15:35 [main] INFO  org.testng.internal.Utils - [Utils] MethodGroupsHelper.collectMethodsByGroup() took 0 ms.
2026-05-29 14:15:35 [main] INFO  org.testng.internal.Utils - [Utils] MethodGroupsHelper.sortMethods() took 1 ms.
2026-05-29 14:15:35 [main] INFO  org.testng.internal.Utils - [Utils] MethodGroupsHelper.collectMethodsByGroup() took 0 ms.
2026-05-29 14:15:35 [main] INFO  org.testng.internal.Utils - [Utils] MethodGroupsHelper.sortMethods() took 0 ms.
2026-05-29 14:15:35 [main] INFO  org.testng.internal.Utils - [Utils] MethodGroupsHelper.collectMethodsByGroup() took 0 ms.
2026-05-29 14:15:35 [main] INFO  org.testng.internal.Utils - [Utils] MethodGroupsHelper.sortMethods() took 0 ms.
2026-05-29 14:15:35 [main] INFO  org.testng.internal.Utils - [Utils] MethodGroupsHelper.collectMethodsByGroup() took 0 ms.
2026-05-29 14:15:35 [main] INFO  org.testng.internal.Utils - [Utils] MethodGroupsHelper.sortMethods() took 1 ms.
2026-05-29 14:15:35 [main] INFO  org.testng.internal.Utils - [Utils] MethodGroupsHelper.collectMethodsByGroup() took 0 ms.
2026-05-29 14:15:35 [main] INFO  org.testng.internal.Utils - [Utils] MethodGroupsHelper.sortMethods() took 0 ms.
2026-05-29 14:15:35 [main] INFO  org.testng.internal.Utils - [Utils] MethodGroupsHelper.collectMethodsByGroup() took 0 ms.
2026-05-29 14:15:35 [main] INFO  org.testng.internal.Utils - [Utils] MethodGroupsHelper.sortMethods() took 0 ms.
2026-05-29 14:15:35 [main] INFO  org.testng.internal.Utils - [Utils] MethodGroupsHelper.collectMethodsByGroup() took 0 ms.
2026-05-29 14:15:35 [main] INFO  org.testng.internal.Utils - [Utils] MethodGroupsHelper.sortMethods() took 0 ms.
2026-05-29 14:15:35 [main] INFO  org.testng.internal.Utils - [Utils] MethodGroupsHelper.collectMethodsByGroup() took 0 ms.
2026-05-29 14:15:35 [main] INFO  org.testng.internal.Utils - [Utils] MethodGroupsHelper.sortMethods() took 25 ms.
2026-05-29 14:15:35 [main] INFO  org.testng.internal.Utils - [Utils] MethodGroupsHelper.collectMethodsByGroup() took 0 ms.
2026-05-29 14:15:35 [main] INFO  org.testng.internal.Utils - [Utils] MethodGroupsHelper.sortMethods() took 0 ms.
2026-05-29 14:15:35 [main] INFO  org.testng.internal.Utils - [Utils] MethodGroupsHelper.collectMethodsByGroup() took 0 ms.
2026-05-29 14:15:35 [main] INFO  org.testng.internal.Utils - [Utils] MethodGroupsHelper.sortMethods() took 0 ms.
2026-05-29 14:15:35 [main] INFO  org.testng.internal.Utils - [Utils] MethodGroupsHelper.collectMethodsByGroup() took 0 ms.
2026-05-29 14:15:35 [main] INFO  org.testng.internal.Utils - [Utils] MethodGroupsHelper.sortMethods() took 0 ms.
2026-05-29 14:15:35 [main] INFO  org.testng.internal.Utils - [Utils] MethodGroupsHelper.collectMethodsByGroup() took 2 ms.
2026-05-29 14:15:35 [main] INFO  org.testng.internal.Utils - [Utils] MethodGroupsHelper.sortMethods() took 0 ms.
2026-05-29 14:15:35 [main] INFO  org.testng.internal.Utils - [Utils] MethodGroupsHelper.collectMethodsByGroup() took 0 ms.
2026-05-29 14:15:35 [main] INFO  org.testng.internal.Utils - [Utils] MethodGroupsHelper.sortMethods() took 0 ms.
2026-05-29 14:15:35 [main] INFO  org.testng.internal.Utils - [Utils] MethodGroupsHelper.collectMethodsByGroup() took 0 ms.
2026-05-29 14:15:35 [main] INFO  org.testng.internal.Utils - [Utils] MethodGroupsHelper.sortMethods() took 1 ms.
2026-05-29 14:15:35 [main] INFO  org.testng.internal.Utils - [TestNG] Running:
  C:\Users\STZ\AppData\Local\Temp\testng-eclipse--1064820540\testng-customsuite.xml

2026-05-29 14:15:35 [main] INFO  com.swaglabtest.pages.BaseClass - Starting Test Suite setup...
2026-05-29 14:15:36 [main] INFO  com.swaglabtest.pages.BaseClass - ExcelDataProvider initialized
2026-05-29 14:15:36 [main] INFO  com.swaglabtest.pages.BaseClass - ConfigProvider initialized
2026-05-29 14:15:36 [main] INFO  com.swaglabtest.pages.BaseClass - Extent Reports XML configuration loaded
2026-05-29 14:15:36 [main] INFO  com.swaglabtest.pages.BaseClass - Extent Report initialized at: C:\Users\STZ\EclipsWorkspace\NewSwagLab_Project/Reports/AutomationReport.html
2026-05-29 14:15:36 [main] INFO  org.testng.internal.Utils - [Utils] DynamicGraphHelper.createDynamicGraph() took 5 ms.
2026-05-29 14:15:36 [main] INFO  com.swaglabtest.pages.BaseClass - Initializing browser...
2026-05-29 14:15:36 [main] INFO  com.swaglabtest.pages.BaseClass - Browser selected: chrome
2026-05-29 14:15:38 [main] INFO  io.github.bonigarcia.wdm.WebDriverManager - Using chromedriver 148.0.7778.178 (resolved driver for Chrome 148)
2026-05-29 14:15:39 [main] INFO  io.github.bonigarcia.wdm.online.Downloader - Downloading https://storage.googleapis.com/chrome-for-testing-public/148.0.7778.178/win64/chromedriver-win64.zip
2026-05-29 14:15:46 [main] INFO  io.github.bonigarcia.wdm.online.Downloader - Extracting driver from compressed file chromedriver-win64.zip
2026-05-29 14:15:47 [main] INFO  io.github.bonigarcia.wdm.WebDriverManager - Exporting webdriver.chrome.driver as C:\Users\STZ\.cache\selenium\chromedriver\win64\148.0.7778.178\chromedriver.exe
2026-05-29 14:15:49 [main] INFO  com.swaglabtest.pages.BaseClass - Browser initialized successfully: chrome
2026-05-29 14:15:49 [main] INFO  com.swaglabtest.pages.BaseClass - Test started: checkLogoutUser
2026-05-29 14:15:50 [main] INFO  com.swaglabtest.pages.BaseClass - Test Passed: checkLogoutUser
2026-05-29 14:15:50 [main] INFO  com.swaglabtest.pages.BaseClass - Browser closed for class
2026-05-29 14:15:50 [main] INFO  com.swaglabtest.pages.BaseClass - Extent Report flushed
2026-05-29 14:15:51 [main] INFO  org.testng.internal.Utils - [TestNG] Time taken by org.testng.reporters.jq.Main@704d3b00: 76 ms
2026-05-29 14:15:51 [main] INFO  org.testng.internal.Utils - [TestNG] Time taken by org.testng.reporters.FailedReporter@21e484b: 0 ms
2026-05-29 14:15:51 [main] INFO  org.testng.internal.Utils - [TestNG] Time taken by org.testng.reporters.XMLReporter@c318864: 20 ms
2026-05-29 14:15:51 [main] INFO  org.testng.internal.Utils - [TestNG] Time taken by org.testng.reporters.EmailableReporter2@4e4d0a0b: 7 ms
2026-05-29 14:15:51 [main] INFO  org.testng.internal.Utils - [TestNG] Time taken by org.testng.reporters.JUnitReportReporter@6d420cdd: 4 ms
2026-05-29 14:15:51 [main] INFO  org.testng.internal.Utils - [TestNG] Time taken by org.testng.internal.ExitCodeListener@bd273b2: 0 ms
2026-05-29 14:19:06 [main] INFO  org.testng.internal.Utils - [Utils] MethodGroupsHelper.collectMethodsByGroup() took 5 ms.
2026-05-29 14:19:06 [main] INFO  org.testng.internal.Utils - [Utils] MethodGroupsHelper.sortMethods() took 8 ms.
2026-05-29 14:19:06 [main] INFO  org.testng.internal.Utils - [Utils] MethodGroupsHelper.collectMethodsByGroup() took 0 ms.
2026-05-29 14:19:06 [main] INFO  org.testng.internal.Utils - [Utils] MethodGroupsHelper.sortMethods() took 0 ms.
2026-05-29 14:19:06 [main] INFO  org.testng.internal.Utils - [Utils] MethodGroupsHelper.collectMethodsByGroup() took 0 ms.
2026-05-29 14:19:06 [main] INFO  org.testng.internal.Utils - [Utils] MethodGroupsHelper.sortMethods() took 0 ms.
2026-05-29 14:19:06 [main] INFO  org.testng.internal.Utils - [Utils] MethodGroupsHelper.collectMethodsByGroup() took 0 ms.
2026-05-29 14:19:06 [main] INFO  org.testng.internal.Utils - [Utils] MethodGroupsHelper.sortMethods() took 0 ms.
2026-05-29 14:19:06 [main] INFO  org.testng.internal.Utils - [Utils] MethodGroupsHelper.collectMethodsByGroup() took 0 ms.
2026-05-29 14:19:06 [main] INFO  org.testng.internal.Utils - [Utils] MethodGroupsHelper.sortMethods() took 0 ms.
2026-05-29 14:19:06 [main] INFO  org.testng.internal.Utils - [Utils] MethodGroupsHelper.collectMethodsByGroup() took 0 ms.
2026-05-29 14:19:06 [main] INFO  org.testng.internal.Utils - [Utils] MethodGroupsHelper.sortMethods() took 0 ms.
2026-05-29 14:19:06 [main] INFO  org.testng.internal.Utils - [Utils] MethodGroupsHelper.collectMethodsByGroup() took 0 ms.
2026-05-29 14:19:06 [main] INFO  org.testng.internal.Utils - [Utils] MethodGroupsHelper.sortMethods() took 0 ms.
2026-05-29 14:19:06 [main] INFO  org.testng.internal.Utils - [Utils] MethodGroupsHelper.collectMethodsByGroup() took 0 ms.
2026-05-29 14:19:06 [main] INFO  org.testng.internal.Utils - [Utils] MethodGroupsHelper.sortMethods() took 0 ms.
2026-05-29 14:19:06 [main] INFO  org.testng.internal.Utils - [Utils] MethodGroupsHelper.collectMethodsByGroup() took 0 ms.
2026-05-29 14:19:06 [main] INFO  org.testng.internal.Utils - [Utils] MethodGroupsHelper.sortMethods() took 8 ms.
2026-05-29 14:19:06 [main] INFO  org.testng.internal.Utils - [Utils] MethodGroupsHelper.collectMethodsByGroup() took 0 ms.
2026-05-29 14:19:06 [main] INFO  org.testng.internal.Utils - [Utils] MethodGroupsHelper.sortMethods() took 0 ms.
2026-05-29 14:19:06 [main] INFO  org.testng.internal.Utils - [Utils] MethodGroupsHelper.collectMethodsByGroup() took 0 ms.
2026-05-29 14:19:06 [main] INFO  org.testng.internal.Utils - [Utils] MethodGroupsHelper.sortMethods() took 0 ms.
2026-05-29 14:19:06 [main] INFO  org.testng.internal.Utils - [Utils] MethodGroupsHelper.collectMethodsByGroup() took 0 ms.
2026-05-29 14:19:06 [main] INFO  org.testng.internal.Utils - [Utils] MethodGroupsHelper.sortMethods() took 0 ms.
2026-05-29 14:19:06 [main] INFO  org.testng.internal.Utils - [Utils] MethodGroupsHelper.collectMethodsByGroup() took 1 ms.
2026-05-29 14:19:06 [main] INFO  org.testng.internal.Utils - [Utils] MethodGroupsHelper.sortMethods() took 0 ms.
2026-05-29 14:19:06 [main] INFO  org.testng.internal.Utils - [Utils] MethodGroupsHelper.collectMethodsByGroup() took 0 ms.
2026-05-29 14:19:06 [main] INFO  org.testng.internal.Utils - [Utils] MethodGroupsHelper.sortMethods() took 0 ms.
2026-05-29 14:19:06 [main] INFO  org.testng.internal.Utils - [Utils] MethodGroupsHelper.collectMethodsByGroup() took 0 ms.
2026-05-29 14:19:06 [main] INFO  org.testng.internal.Utils - [Utils] MethodGroupsHelper.sortMethods() took 0 ms.
2026-05-29 14:19:06 [main] INFO  org.testng.internal.Utils - [TestNG] Running:
  C:\Users\STZ\AppData\Local\Temp\testng-eclipse-1042908911\testng-customsuite.xml

2026-05-29 14:19:06 [main] INFO  com.swaglabtest.pages.BaseClass - Starting Test Suite setup...
2026-05-29 14:19:07 [main] INFO  com.swaglabtest.pages.BaseClass - ExcelDataProvider initialized
2026-05-29 14:19:07 [main] INFO  com.swaglabtest.pages.BaseClass - ConfigProvider initialized
2026-05-29 14:19:07 [main] INFO  com.swaglabtest.pages.BaseClass - Extent Reports XML configuration loaded
2026-05-29 14:19:07 [main] INFO  com.swaglabtest.pages.BaseClass - Extent Report initialized at: C:\Users\STZ\EclipsWorkspace\NewSwagLab_Project/Reports/AutomationReport.html
2026-05-29 14:19:07 [main] INFO  org.testng.internal.Utils - [Utils] DynamicGraphHelper.createDynamicGraph() took 4 ms.
2026-05-29 14:19:07 [main] INFO  com.swaglabtest.pages.BaseClass - Initializing browser...
2026-05-29 14:19:07 [main] INFO  com.swaglabtest.pages.BaseClass - Browser selected: chrome
2026-05-29 14:19:09 [main] INFO  io.github.bonigarcia.wdm.WebDriverManager - Using chromedriver 148.0.7778.178 (resolved driver for Chrome 148)
2026-05-29 14:19:10 [main] INFO  io.github.bonigarcia.wdm.online.Downloader - Downloading https://storage.googleapis.com/chrome-for-testing-public/148.0.7778.178/win64/chromedriver-win64.zip
2026-05-29 14:19:14 [main] INFO  io.github.bonigarcia.wdm.online.Downloader - Extracting driver from compressed file chromedriver-win64.zip
2026-05-29 14:19:14 [main] INFO  io.github.bonigarcia.wdm.WebDriverManager - Exporting webdriver.chrome.driver as C:\Users\STZ\.cache\selenium\chromedriver\win64\148.0.7778.178\chromedriver.exe
2026-05-29 14:19:17 [main] INFO  com.swaglabtest.pages.BaseClass - Browser initialized successfully: chrome
2026-05-29 14:19:17 [main] INFO  com.swaglabtest.pages.BaseClass - Test started: checkLogoutUser
2026-05-29 14:19:17 [main] INFO  com.swaglabtest.pages.BaseClass - Test Passed: checkLogoutUser
2026-05-29 14:19:18 [main] INFO  com.swaglabtest.pages.BaseClass - Browser closed for class
2026-05-29 14:19:18 [main] INFO  com.swaglabtest.pages.BaseClass - Extent Report flushed
2026-05-29 14:19:18 [main] INFO  org.testng.internal.Utils - [TestNG] Time taken by org.testng.reporters.jq.Main@3866c96e: 124 ms
2026-05-29 14:19:18 [main] INFO  org.testng.internal.Utils - [TestNG] Time taken by org.testng.reporters.FailedReporter@241fc278: 0 ms
2026-05-29 14:19:18 [main] INFO  org.testng.internal.Utils - [TestNG] Time taken by org.testng.reporters.XMLReporter@6d420cdd: 36 ms
2026-05-29 14:19:18 [main] INFO  org.testng.internal.Utils - [TestNG] Time taken by org.testng.reporters.EmailableReporter2@144a5e6e: 12 ms
2026-05-29 14:19:18 [main] INFO  org.testng.internal.Utils - [TestNG] Time taken by org.testng.reporters.JUnitReportReporter@5c5c7cc4: 7 ms
2026-05-29 14:19:18 [main] INFO  org.testng.internal.Utils - [TestNG] Time taken by org.testng.internal.ExitCodeListener@6c27e700: 0 ms
2026-05-29 14:23:50 [main] WARN  org.testng.TestNG - Ignoring duplicate listener : io.qameta.allure.testng.AllureTestNg
2026-05-29 14:23:50 [main] WARN  org.testng.TestNG - Ignoring duplicate listener : io.qameta.allure.testng.AllureTestNg
2026-05-29 14:23:50 [main] WARN  org.testng.TestNG - Ignoring duplicate listener : io.qameta.allure.testng.AllureTestNg
2026-05-29 14:23:51 [main] INFO  org.testng.internal.Utils - [TestNG] Running:
  C:\Users\STZ\EclipsWorkspace\NewSwagLab_Project\XMLFiles\testng.xml

2026-05-29 14:23:51 [main] INFO  com.swaglabtest.pages.BaseClass - Starting Test Suite setup...
2026-05-29 14:23:52 [main] INFO  com.swaglabtest.pages.BaseClass - ExcelDataProvider initialized
2026-05-29 14:23:52 [main] INFO  com.swaglabtest.pages.BaseClass - ConfigProvider initialized
2026-05-29 14:23:52 [main] INFO  com.swaglabtest.pages.BaseClass - Extent Reports XML configuration loaded
2026-05-29 14:23:52 [main] INFO  com.swaglabtest.pages.BaseClass - Extent Report initialized at: C:\Users\STZ\EclipsWorkspace\NewSwagLab_Project/Reports/AutomationReport.html
2026-05-29 14:23:52 [main] INFO  com.swaglabtest.pages.BaseClass - Initializing browser...
2026-05-29 14:23:52 [main] INFO  com.swaglabtest.pages.BaseClass - Browser selected: chrome
2026-05-29 14:23:54 [main] INFO  io.github.bonigarcia.wdm.WebDriverManager - Using chromedriver 148.0.7778.178 (resolved driver for Chrome 148)
2026-05-29 14:23:54 [main] INFO  io.github.bonigarcia.wdm.online.Downloader - Downloading https://storage.googleapis.com/chrome-for-testing-public/148.0.7778.178/win64/chromedriver-win64.zip
2026-05-29 14:24:08 [main] INFO  io.github.bonigarcia.wdm.online.Downloader - Extracting driver from compressed file chromedriver-win64.zip
2026-05-29 14:24:09 [main] INFO  io.github.bonigarcia.wdm.WebDriverManager - Exporting webdriver.chrome.driver as C:\Users\STZ\.cache\selenium\chromedriver\win64\148.0.7778.178\chromedriver.exe
2026-05-29 14:24:12 [main] INFO  com.swaglabtest.pages.BaseClass - Browser initialized successfully: chrome
2026-05-29 14:24:12 [main] INFO  com.swaglabtest.pages.BaseClass - Test started: UserLogingWithCredentials
2026-05-29 14:24:12 [main] INFO  com.swaglabtest.pages.BaseClass - Test Passed: UserLogingWithCredentials
2026-05-29 14:24:12 [main] INFO  com.swaglabtest.pages.BaseClass - Browser closed for class
2026-05-29 14:24:12 [main] INFO  com.swaglabtest.pages.BaseClass - Initializing browser...
2026-05-29 14:24:12 [main] INFO  com.swaglabtest.pages.BaseClass - Browser selected: chrome
2026-05-29 14:24:13 [main] INFO  io.github.bonigarcia.wdm.WebDriverManager - Using chromedriver 148.0.7778.178 (resolved driver for Chrome 148)
2026-05-29 14:24:13 [main] INFO  io.github.bonigarcia.wdm.online.Downloader - Downloading https://storage.googleapis.com/chrome-for-testing-public/148.0.7778.178/win64/chromedriver-win64.zip
2026-05-29 14:24:25 [main] INFO  io.github.bonigarcia.wdm.online.Downloader - Extracting driver from compressed file chromedriver-win64.zip
2026-05-29 14:24:25 [main] INFO  io.github.bonigarcia.wdm.WebDriverManager - Exporting webdriver.chrome.driver as C:\Users\STZ\.cache\selenium\chromedriver\win64\148.0.7778.178\chromedriver.exe
2026-05-29 14:24:28 [main] INFO  com.swaglabtest.pages.BaseClass - Browser initialized successfully: chrome
2026-05-29 14:24:28 [main] INFO  com.swaglabtest.pages.BaseClass - Test started: newPurchasing
2026-05-29 14:25:03 [main] INFO  com.swaglabtest.pages.BaseClass - Test Passed: newPurchasing
2026-05-29 14:25:03 [main] INFO  com.swaglabtest.pages.BaseClass - Test started: sortOrderAscending
2026-05-29 14:25:03 [main] INFO  com.swaglabtest.pages.BaseClass - Test Passed: sortOrderAscending
2026-05-29 14:25:03 [main] INFO  com.swaglabtest.pages.BaseClass - Test started: sortOrderDescending
2026-05-29 14:25:03 [main] INFO  com.swaglabtest.pages.BaseClass - Test Passed: sortOrderDescending
2026-05-29 14:25:03 [main] INFO  com.swaglabtest.pages.BaseClass - Test started: lowerToHighPriceListDown
2026-05-29 14:25:04 [main] INFO  com.swaglabtest.pages.BaseClass - Test Passed: lowerToHighPriceListDown
2026-05-29 14:25:04 [main] INFO  com.swaglabtest.pages.BaseClass - Test started: highToLowerPriceListDown
2026-05-29 14:25:04 [main] INFO  com.swaglabtest.pages.BaseClass - Test Passed: highToLowerPriceListDown
2026-05-29 14:25:04 [main] INFO  com.swaglabtest.pages.BaseClass - Browser closed for class
2026-05-29 14:25:04 [main] INFO  com.swaglabtest.pages.BaseClass - Initializing browser...
2026-05-29 14:25:04 [main] INFO  com.swaglabtest.pages.BaseClass - Browser selected: chrome
2026-05-29 14:25:06 [main] INFO  io.github.bonigarcia.wdm.WebDriverManager - Using chromedriver 148.0.7778.178 (resolved driver for Chrome 148)
2026-05-29 14:25:06 [main] INFO  io.github.bonigarcia.wdm.online.Downloader - Downloading https://storage.googleapis.com/chrome-for-testing-public/148.0.7778.178/win64/chromedriver-win64.zip
2026-05-29 14:25:13 [main] INFO  io.github.bonigarcia.wdm.online.Downloader - Extracting driver from compressed file chromedriver-win64.zip
2026-05-29 14:25:14 [main] INFO  io.github.bonigarcia.wdm.WebDriverManager - Exporting webdriver.chrome.driver as C:\Users\STZ\.cache\selenium\chromedriver\win64\148.0.7778.178\chromedriver.exe
2026-05-29 14:25:16 [main] INFO  com.swaglabtest.pages.BaseClass - Browser initialized successfully: chrome
2026-05-29 14:25:16 [main] INFO  com.swaglabtest.pages.BaseClass - Test started: brokenLinkTestLoginPage
2026-05-29 14:25:18 [main] INFO  com.swaglabtest.pages.BaseClass - Test Passed: brokenLinkTestLoginPage
2026-05-29 14:25:18 [main] INFO  com.swaglabtest.pages.BaseClass - Test started: brokenLinkTestPurchasePage
2026-05-29 14:25:19 [main] INFO  com.swaglabtest.pages.BaseClass - Test Passed: brokenLinkTestPurchasePage
2026-05-29 14:25:20 [main] INFO  com.swaglabtest.pages.BaseClass - Browser closed for class
2026-05-29 14:25:20 [main] INFO  com.swaglabtest.pages.BaseClass - Initializing browser...
2026-05-29 14:25:20 [main] INFO  com.swaglabtest.pages.BaseClass - Browser selected: chrome
2026-05-29 14:25:21 [main] INFO  io.github.bonigarcia.wdm.WebDriverManager - Using chromedriver 148.0.7778.178 (resolved driver for Chrome 148)
2026-05-29 14:25:21 [main] INFO  io.github.bonigarcia.wdm.online.Downloader - Downloading https://storage.googleapis.com/chrome-for-testing-public/148.0.7778.178/win64/chromedriver-win64.zip
2026-05-29 14:25:35 [main] INFO  io.github.bonigarcia.wdm.online.Downloader - Extracting driver from compressed file chromedriver-win64.zip
2026-05-29 14:25:35 [main] INFO  io.github.bonigarcia.wdm.WebDriverManager - Exporting webdriver.chrome.driver as C:\Users\STZ\.cache\selenium\chromedriver\win64\148.0.7778.178\chromedriver.exe
2026-05-29 14:25:37 [main] INFO  com.swaglabtest.pages.BaseClass - Browser initialized successfully: chrome
2026-05-29 14:25:37 [main] INFO  com.swaglabtest.pages.BaseClass - Test started: VerifyWithoutLogin
2026-05-29 14:25:38 [main] INFO  com.swaglabtest.pages.BaseClass - Test Passed: VerifyWithoutLogin
2026-05-29 14:25:38 [main] INFO  com.swaglabtest.pages.BaseClass - Test started: checkLogoutUser
2026-05-29 14:25:38 [main] INFO  com.swaglabtest.pages.BaseClass - Test Passed: checkLogoutUser
2026-05-29 14:25:38 [main] INFO  com.swaglabtest.pages.BaseClass - Browser closed for class
2026-05-29 14:25:39 [main] INFO  com.swaglabtest.pages.BaseClass - Initializing browser...
2026-05-29 14:25:39 [main] INFO  com.swaglabtest.pages.BaseClass - Browser selected: firefox
2026-05-29 14:25:39 [main] INFO  io.github.bonigarcia.wdm.WebDriverManager - Using geckodriver 0.36.0 (resolved driver for Firefox 150)
2026-05-29 14:25:39 [main] INFO  io.github.bonigarcia.wdm.WebDriverManager - Reading https://raw.githubusercontent.com/bonigarcia/webdrivermanager/master/docs/mirror/geckodriver to seek geckodriver
2026-05-29 14:25:40 [main] INFO  io.github.bonigarcia.wdm.online.Downloader - Downloading https://github.com/mozilla/geckodriver/releases/download/v0.36.0/geckodriver-v0.36.0-win64.zip
2026-05-29 14:25:43 [main] INFO  io.github.bonigarcia.wdm.online.Downloader - Extracting driver from compressed file geckodriver-v0.36.0-win64.zip
2026-05-29 14:25:43 [main] INFO  io.github.bonigarcia.wdm.WebDriverManager - Exporting webdriver.gecko.driver as C:\Users\STZ\.cache\selenium\geckodriver\win64\0.36.0\geckodriver.exe
2026-05-29 14:25:50 [main] INFO  com.swaglabtest.pages.BaseClass - Browser initialized successfully: firefox
2026-05-29 14:25:50 [main] INFO  com.swaglabtest.pages.BaseClass - Test started: UserLogingWithCredentials
2026-05-29 14:25:50 [main] INFO  com.swaglabtest.pages.BaseClass - Test Passed: UserLogingWithCredentials
2026-05-29 14:25:51 [main] INFO  com.swaglabtest.pages.BaseClass - Browser closed for class
2026-05-29 14:25:51 [main] INFO  com.swaglabtest.pages.BaseClass - Initializing browser...
2026-05-29 14:25:51 [main] INFO  com.swaglabtest.pages.BaseClass - Browser selected: firefox
2026-05-29 14:25:51 [main] INFO  io.github.bonigarcia.wdm.WebDriverManager - Using geckodriver 0.36.0 (resolved driver for Firefox 150)
2026-05-29 14:25:51 [main] INFO  io.github.bonigarcia.wdm.WebDriverManager - Exporting webdriver.gecko.driver as C:\Users\STZ\.cache\selenium\geckodriver\win64\0.36.0\geckodriver.exe
2026-05-29 14:25:56 [main] INFO  com.swaglabtest.pages.BaseClass - Browser initialized successfully: firefox
2026-05-29 14:25:56 [main] INFO  com.swaglabtest.pages.BaseClass - Test started: newPurchasing
2026-05-29 14:26:32 [main] INFO  com.swaglabtest.pages.BaseClass - Test Passed: newPurchasing
2026-05-29 14:26:32 [main] INFO  com.swaglabtest.pages.BaseClass - Test started: sortOrderAscending
2026-05-29 14:26:32 [main] INFO  com.swaglabtest.pages.BaseClass - Test Passed: sortOrderAscending
2026-05-29 14:26:32 [main] INFO  com.swaglabtest.pages.BaseClass - Test started: sortOrderDescending
2026-05-29 14:26:32 [main] INFO  com.swaglabtest.pages.BaseClass - Test Passed: sortOrderDescending
2026-05-29 14:26:32 [main] INFO  com.swaglabtest.pages.BaseClass - Test started: lowerToHighPriceListDown
2026-05-29 14:26:32 [main] INFO  com.swaglabtest.pages.BaseClass - Test Passed: lowerToHighPriceListDown
2026-05-29 14:26:32 [main] INFO  com.swaglabtest.pages.BaseClass - Test started: highToLowerPriceListDown
2026-05-29 14:26:33 [main] INFO  com.swaglabtest.pages.BaseClass - Test Passed: highToLowerPriceListDown
2026-05-29 14:26:34 [main] INFO  com.swaglabtest.pages.BaseClass - Browser closed for class
2026-05-29 14:26:34 [main] INFO  com.swaglabtest.pages.BaseClass - Initializing browser...
2026-05-29 14:26:34 [main] INFO  com.swaglabtest.pages.BaseClass - Browser selected: firefox
2026-05-29 14:26:34 [main] INFO  io.github.bonigarcia.wdm.WebDriverManager - Using geckodriver 0.36.0 (resolved driver for Firefox 150)
2026-05-29 14:26:34 [main] INFO  io.github.bonigarcia.wdm.WebDriverManager - Exporting webdriver.gecko.driver as C:\Users\STZ\.cache\selenium\geckodriver\win64\0.36.0\geckodriver.exe
2026-05-29 14:26:39 [main] INFO  com.swaglabtest.pages.BaseClass - Browser initialized successfully: firefox
2026-05-29 14:26:39 [main] INFO  com.swaglabtest.pages.BaseClass - Test started: brokenLinkTestLoginPage
2026-05-29 14:26:42 [main] INFO  com.swaglabtest.pages.BaseClass - Test Passed: brokenLinkTestLoginPage
2026-05-29 14:26:42 [main] INFO  com.swaglabtest.pages.BaseClass - Test started: brokenLinkTestPurchasePage
2026-05-29 14:26:43 [main] INFO  com.swaglabtest.pages.BaseClass - Test Passed: brokenLinkTestPurchasePage
2026-05-29 14:26:44 [main] INFO  com.swaglabtest.pages.BaseClass - Browser closed for class
2026-05-29 14:26:44 [main] INFO  com.swaglabtest.pages.BaseClass - Initializing browser...
2026-05-29 14:26:44 [main] INFO  com.swaglabtest.pages.BaseClass - Browser selected: firefox
2026-05-29 14:26:44 [main] INFO  io.github.bonigarcia.wdm.WebDriverManager - Using geckodriver 0.36.0 (resolved driver for Firefox 150)
2026-05-29 14:26:44 [main] INFO  io.github.bonigarcia.wdm.WebDriverManager - Exporting webdriver.gecko.driver as C:\Users\STZ\.cache\selenium\geckodriver\win64\0.36.0\geckodriver.exe
2026-05-29 14:26:49 [main] INFO  com.swaglabtest.pages.BaseClass - Browser initialized successfully: firefox
2026-05-29 14:26:49 [main] INFO  com.swaglabtest.pages.BaseClass - Test started: VerifyWithoutLogin
2026-05-29 14:26:50 [main] INFO  com.swaglabtest.pages.BaseClass - Test Passed: VerifyWithoutLogin
2026-05-29 14:26:50 [main] INFO  com.swaglabtest.pages.BaseClass - Test started: checkLogoutUser
2026-05-29 14:26:50 [main] INFO  com.swaglabtest.pages.BaseClass - Test Passed: checkLogoutUser
2026-05-29 14:26:52 [main] INFO  com.swaglabtest.pages.BaseClass - Browser closed for class
2026-05-29 14:26:52 [main] INFO  com.swaglabtest.pages.BaseClass - Extent Report flushed
2026-05-29 14:33:28 [main] INFO  com.swaglabtest.pages.BaseClass - Starting Test Suite setup...
2026-05-29 14:33:31 [main] INFO  com.swaglabtest.pages.BaseClass - ExcelDataProvider initialized
2026-05-29 14:33:31 [main] INFO  com.swaglabtest.pages.BaseClass - ConfigProvider initialized
2026-05-29 14:33:31 [main] INFO  com.swaglabtest.pages.BaseClass - Extent Reports XML configuration loaded
2026-05-29 14:33:32 [main] INFO  com.swaglabtest.pages.BaseClass - Extent Report initialized at: C:\Users\STZ\EclipsWorkspace\NewSwagLab_Project/Reports/AutomationReport.html
2026-05-29 14:33:32 [main] INFO  com.swaglabtest.pages.BaseClass - Initializing browser...
2026-05-29 14:33:32 [main] INFO  com.swaglabtest.pages.BaseClass - Browser selected: chrome
2026-05-29 14:33:56 [main] INFO  io.github.bonigarcia.wdm.WebDriverManager - Using chromedriver 148.0.7778.178 (resolved driver for Chrome 148)
2026-05-29 14:34:03 [main] INFO  io.github.bonigarcia.wdm.online.Downloader - Downloading https://storage.googleapis.com/chrome-for-testing-public/148.0.7778.178/win64/chromedriver-win64.zip
2026-05-29 14:34:03 [main] WARN  io.github.bonigarcia.wdm.WebDriverManager - There was an error managing chromedriver 148.0.7778.178 (No such host is known (storage.googleapis.com)) ... trying again using latest driver stored in cache
2026-05-29 14:34:03 [main] INFO  io.github.bonigarcia.wdm.WebDriverManager - Using chromedriver 148.0.7778.178 (resolved driver for Chrome 148)
2026-05-29 14:34:09 [main] INFO  io.github.bonigarcia.wdm.online.Downloader - Downloading https://storage.googleapis.com/chrome-for-testing-public/148.0.7778.178/win64/chromedriver-win64.zip
2026-05-29 14:34:09 [main] ERROR io.github.bonigarcia.wdm.WebDriverManager - There was an error managing chromedriver 148.0.7778.178 (storage.googleapis.com)
java.net.UnknownHostException: storage.googleapis.com
	at java.base/java.net.InetAddress$CachedLookup.get(InetAddress.java:998) ~[?:?]
	at java.base/java.net.InetAddress.getAllByName0(InetAddress.java:1806) ~[?:?]
	at java.base/java.net.InetAddress.getAllByName(InetAddress.java:1676) ~[?:?]
	at org.apache.hc.client5.http.SystemDefaultDnsResolver.resolve(SystemDefaultDnsResolver.java:43) ~[httpclient5-5.2.1.jar:5.2.1]
	at org.apache.hc.client5.http.impl.io.DefaultHttpClientConnectionOperator.connect(DefaultHttpClientConnectionOperator.java:141) ~[httpclient5-5.2.1.jar:5.2.1]
	at org.apache.hc.client5.http.impl.io.PoolingHttpClientConnectionManager.connect(PoolingHttpClientConnectionManager.java:447) ~[httpclient5-5.2.1.jar:5.2.1]
	at org.apache.hc.client5.http.impl.classic.InternalExecRuntime.connectEndpoint(InternalExecRuntime.java:162) ~[httpclient5-5.2.1.jar:5.2.1]
	at org.apache.hc.client5.http.impl.classic.InternalExecRuntime.connectEndpoint(InternalExecRuntime.java:172) ~[httpclient5-5.2.1.jar:5.2.1]
	at org.apache.hc.client5.http.impl.classic.ConnectExec.execute(ConnectExec.java:142) ~[httpclient5-5.2.1.jar:5.2.1]
	at org.apache.hc.client5.http.impl.classic.ExecChainElement.execute(ExecChainElement.java:51) ~[httpclient5-5.2.1.jar:5.2.1]
	at org.apache.hc.client5.http.impl.classic.ProtocolExec.execute(ProtocolExec.java:192) ~[httpclient5-5.2.1.jar:5.2.1]
	at org.apache.hc.client5.http.impl.classic.ExecChainElement.execute(ExecChainElement.java:51) ~[httpclient5-5.2.1.jar:5.2.1]
	at org.apache.hc.client5.http.impl.classic.HttpRequestRetryExec.execute(HttpRequestRetryExec.java:96) ~[httpclient5-5.2.1.jar:5.2.1]
	at org.apache.hc.client5.http.impl.classic.ExecChainElement.execute(ExecChainElement.java:51) ~[httpclient5-5.2.1.jar:5.2.1]
	at org.apache.hc.client5.http.impl.classic.ContentCompressionExec.execute(ContentCompressionExec.java:152) ~[httpclient5-5.2.1.jar:5.2.1]
	at org.apache.hc.client5.http.impl.classic.ExecChainElement.execute(ExecChainElement.java:51) ~[httpclient5-5.2.1.jar:5.2.1]
	at org.apache.hc.client5.http.impl.classic.RedirectExec.execute(RedirectExec.java:115) ~[httpclient5-5.2.1.jar:5.2.1]
	at org.apache.hc.client5.http.impl.classic.ExecChainElement.execute(ExecChainElement.java:51) ~[httpclient5-5.2.1.jar:5.2.1]
	at org.apache.hc.client5.http.impl.classic.InternalHttpClient.doExecute(InternalHttpClient.java:170) ~[httpclient5-5.2.1.jar:5.2.1]
	at org.apache.hc.client5.http.impl.classic.CloseableHttpClient.execute(CloseableHttpClient.java:87) ~[httpclient5-5.2.1.jar:5.2.1]
	at org.apache.hc.client5.http.impl.classic.CloseableHttpClient.execute(CloseableHttpClient.java:55) ~[httpclient5-5.2.1.jar:5.2.1]
	at org.apache.hc.client5.http.classic.HttpClient.executeOpen(HttpClient.java:183) ~[httpclient5-5.2.1.jar:5.2.1]
	at io.github.bonigarcia.wdm.online.HttpClient.execute(HttpClient.java:157) ~[webdrivermanager-5.9.2.jar:?]
	at io.github.bonigarcia.wdm.online.Downloader.downloadAndExtract(Downloader.java:136) ~[webdrivermanager-5.9.2.jar:?]
	at io.github.bonigarcia.wdm.online.Downloader.download(Downloader.java:91) ~[webdrivermanager-5.9.2.jar:?]
	at io.github.bonigarcia.wdm.WebDriverManager.download(WebDriverManager.java:1273) ~[webdrivermanager-5.9.2.jar:?]
	at io.github.bonigarcia.wdm.WebDriverManager.manage(WebDriverManager.java:1184) ~[webdrivermanager-5.9.2.jar:?]
	at io.github.bonigarcia.wdm.WebDriverManager.fallback(WebDriverManager.java:1437) ~[webdrivermanager-5.9.2.jar:?]
	at io.github.bonigarcia.wdm.WebDriverManager.handleException(WebDriverManager.java:1415) ~[webdrivermanager-5.9.2.jar:?]
	at io.github.bonigarcia.wdm.WebDriverManager.manage(WebDriverManager.java:1190) ~[webdrivermanager-5.9.2.jar:?]
	at io.github.bonigarcia.wdm.WebDriverManager.setup(WebDriverManager.java:427) ~[webdrivermanager-5.9.2.jar:?]
	at com.swaglabtest.utility.BrowserFactory.startApplication(BrowserFactory.java:24) ~[test-classes/:?]
	at com.swaglabtest.pages.BaseClass.setupClass(BaseClass.java:100) ~[test-classes/:?]
	at java.base/jdk.internal.reflect.DirectMethodHandleAccessor.invoke(DirectMethodHandleAccessor.java:103) ~[?:?]
	at java.base/java.lang.reflect.Method.invoke(Method.java:580) ~[?:?]
	at org.testng.internal.invokers.MethodInvocationHelper.invokeMethod(MethodInvocationHelper.java:141) ~[testng-7.10.1.jar:7.10.1]
	at org.testng.internal.invokers.MethodInvocationHelper.invokeMethodConsideringTimeout(MethodInvocationHelper.java:71) ~[testng-7.10.1.jar:7.10.1]
	at org.testng.internal.invokers.ConfigInvoker.invokeConfigurationMethod(ConfigInvoker.java:400) ~[testng-7.10.1.jar:7.10.1]
	at org.testng.internal.invokers.ConfigInvoker.invokeConfigurations(ConfigInvoker.java:333) ~[testng-7.10.1.jar:7.10.1]
	at org.testng.internal.invokers.TestMethodWorker.invokeBeforeClassMethods(TestMethodWorker.java:188) ~[testng-7.10.1.jar:7.10.1]
	at org.testng.internal.invokers.TestMethodWorker.run(TestMethodWorker.java:128) ~[testng-7.10.1.jar:7.10.1]
	at java.base/java.util.ArrayList.forEach(ArrayList.java:1597) [?:?]
	at org.testng.TestRunner.privateRun(TestRunner.java:739) [testng-7.10.1.jar:7.10.1]
	at org.testng.TestRunner.run(TestRunner.java:614) [testng-7.10.1.jar:7.10.1]
	at org.testng.SuiteRunner.runTest(SuiteRunner.java:421) [testng-7.10.1.jar:7.10.1]
	at org.testng.SuiteRunner.runSequentially(SuiteRunner.java:413) [testng-7.10.1.jar:7.10.1]
	at org.testng.SuiteRunner.privateRun(SuiteRunner.java:373) [testng-7.10.1.jar:7.10.1]
	at org.testng.SuiteRunner.run(SuiteRunner.java:312) [testng-7.10.1.jar:7.10.1]
	at org.testng.SuiteRunnerWorker.runSuite(SuiteRunnerWorker.java:52) [testng-7.10.1.jar:7.10.1]
	at org.testng.SuiteRunnerWorker.run(SuiteRunnerWorker.java:95) [testng-7.10.1.jar:7.10.1]
	at org.testng.TestNG.runSuitesSequentially(TestNG.java:1274) [testng-7.10.1.jar:7.10.1]
	at org.testng.TestNG.runSuitesLocally(TestNG.java:1208) [testng-7.10.1.jar:7.10.1]
	at org.testng.TestNG.runSuites(TestNG.java:1112) [testng-7.10.1.jar:7.10.1]
	at org.testng.TestNG.run(TestNG.java:1079) [testng-7.10.1.jar:7.10.1]
	at org.apache.maven.surefire.testng.TestNGExecutor.run(TestNGExecutor.java:155) [surefire-testng-3.0.0.jar:3.0.0]
	at org.apache.maven.surefire.testng.TestNGDirectoryTestSuite.executeMulti(TestNGDirectoryTestSuite.java:169) [surefire-testng-3.0.0.jar:3.0.0]
	at org.apache.maven.surefire.testng.TestNGDirectoryTestSuite.execute(TestNGDirectoryTestSuite.java:88) [surefire-testng-3.0.0.jar:3.0.0]
	at org.apache.maven.surefire.testng.TestNGProvider.invoke(TestNGProvider.java:137) [surefire-testng-3.0.0.jar:3.0.0]
	at org.apache.maven.surefire.booter.ForkedBooter.runSuitesInProcess(ForkedBooter.java:385) [surefire-booter-3.0.0.jar:3.0.0]
	at org.apache.maven.surefire.booter.ForkedBooter.execute(ForkedBooter.java:162) [surefire-booter-3.0.0.jar:3.0.0]
	at org.apache.maven.surefire.booter.ForkedBooter.run(ForkedBooter.java:507) [surefire-booter-3.0.0.jar:3.0.0]
	at org.apache.maven.surefire.booter.ForkedBooter.main(ForkedBooter.java:495) [surefire-booter-3.0.0.jar:3.0.0]
2026-05-29 14:34:11 [main] INFO  com.swaglabtest.pages.BaseClass - Initializing browser...
2026-05-29 14:34:11 [main] INFO  com.swaglabtest.pages.BaseClass - Browser selected: chrome
2026-05-29 14:34:49 [main] INFO  io.github.bonigarcia.wdm.WebDriverManager - Using chromedriver 148.0.7778.178 (resolved driver for Chrome 148)
2026-05-29 14:34:54 [main] INFO  io.github.bonigarcia.wdm.online.Downloader - Downloading https://storage.googleapis.com/chrome-for-testing-public/148.0.7778.178/win64/chromedriver-win64.zip
2026-05-29 14:35:37 [main] INFO  org.apache.hc.client5.http.impl.classic.HttpRequestRetryExec - Recoverable I/O exception (org.apache.hc.core5.http.NoHttpResponseException) caught when processing request to {s}->https://storage.googleapis.com:443
2026-05-29 14:36:06 [main] INFO  io.github.bonigarcia.wdm.online.Downloader - Extracting driver from compressed file chromedriver-win64.zip
2026-05-29 14:36:06 [main] INFO  io.github.bonigarcia.wdm.WebDriverManager - Exporting webdriver.chrome.driver as C:\Users\STZ\.cache\selenium\chromedriver\win64\148.0.7778.178\chromedriver.exe
2026-05-29 14:36:11 [main] INFO  com.swaglabtest.pages.BaseClass - Browser initialized successfully: chrome
2026-05-29 14:36:11 [main] INFO  com.swaglabtest.pages.BaseClass - Test started: UserLogingWithCredentials
2026-05-29 14:36:11 [main] INFO  com.swaglabtest.pages.BaseClass - Test Passed: UserLogingWithCredentials
2026-05-29 14:36:11 [main] INFO  com.swaglabtest.pages.BaseClass - Browser closed for class
2026-05-29 14:36:11 [main] INFO  com.swaglabtest.pages.BaseClass - Initializing browser...
2026-05-29 14:36:11 [main] INFO  com.swaglabtest.pages.BaseClass - Browser selected: chrome
2026-05-29 14:36:12 [main] INFO  io.github.bonigarcia.wdm.WebDriverManager - Using chromedriver 148.0.7778.178 (resolved driver for Chrome 148)
2026-05-29 14:36:13 [main] INFO  io.github.bonigarcia.wdm.online.Downloader - Downloading https://storage.googleapis.com/chrome-for-testing-public/148.0.7778.178/win64/chromedriver-win64.zip
2026-05-29 14:36:23 [main] INFO  io.github.bonigarcia.wdm.online.Downloader - Extracting driver from compressed file chromedriver-win64.zip
2026-05-29 14:36:23 [main] INFO  io.github.bonigarcia.wdm.WebDriverManager - Exporting webdriver.chrome.driver as C:\Users\STZ\.cache\selenium\chromedriver\win64\148.0.7778.178\chromedriver.exe
2026-05-29 14:36:31 [main] INFO  com.swaglabtest.pages.BaseClass - Browser initialized successfully: chrome
2026-05-29 14:36:31 [main] INFO  com.swaglabtest.pages.BaseClass - Test started: newPurchasing
2026-05-29 14:37:05 [main] INFO  com.swaglabtest.pages.BaseClass - Test Passed: newPurchasing
2026-05-29 14:37:05 [main] INFO  com.swaglabtest.pages.BaseClass - Test started: sortOrderAscending
2026-05-29 14:37:05 [main] INFO  com.swaglabtest.pages.BaseClass - Test Passed: sortOrderAscending
2026-05-29 14:37:05 [main] INFO  com.swaglabtest.pages.BaseClass - Test started: sortOrderDescending
2026-05-29 14:37:05 [main] INFO  com.swaglabtest.pages.BaseClass - Test Passed: sortOrderDescending
2026-05-29 14:37:05 [main] INFO  com.swaglabtest.pages.BaseClass - Test started: lowerToHighPriceListDown
2026-05-29 14:37:06 [main] INFO  com.swaglabtest.pages.BaseClass - Test Passed: lowerToHighPriceListDown
2026-05-29 14:37:06 [main] INFO  com.swaglabtest.pages.BaseClass - Test started: highToLowerPriceListDown
2026-05-29 14:37:06 [main] INFO  com.swaglabtest.pages.BaseClass - Test Passed: highToLowerPriceListDown
2026-05-29 14:37:06 [main] INFO  com.swaglabtest.pages.BaseClass - Browser closed for class
2026-05-29 14:37:06 [main] INFO  com.swaglabtest.pages.BaseClass - Initializing browser...
2026-05-29 14:37:06 [main] INFO  com.swaglabtest.pages.BaseClass - Browser selected: chrome
2026-05-29 14:37:07 [main] INFO  io.github.bonigarcia.wdm.WebDriverManager - Using chromedriver 148.0.7778.178 (resolved driver for Chrome 148)
2026-05-29 14:37:07 [main] INFO  io.github.bonigarcia.wdm.online.Downloader - Downloading https://storage.googleapis.com/chrome-for-testing-public/148.0.7778.178/win64/chromedriver-win64.zip
2026-05-29 14:37:13 [main] INFO  io.github.bonigarcia.wdm.online.Downloader - Extracting driver from compressed file chromedriver-win64.zip
2026-05-29 14:37:14 [main] INFO  io.github.bonigarcia.wdm.WebDriverManager - Exporting webdriver.chrome.driver as C:\Users\STZ\.cache\selenium\chromedriver\win64\148.0.7778.178\chromedriver.exe
2026-05-29 14:37:16 [main] INFO  com.swaglabtest.pages.BaseClass - Browser initialized successfully: chrome
2026-05-29 14:37:16 [main] INFO  com.swaglabtest.pages.BaseClass - Test started: VerifyWithoutLogin
2026-05-29 14:37:17 [main] INFO  com.swaglabtest.pages.BaseClass - Test Passed: VerifyWithoutLogin
2026-05-29 14:37:17 [main] INFO  com.swaglabtest.pages.BaseClass - Test started: checkLogoutUser
2026-05-29 14:37:17 [main] INFO  com.swaglabtest.pages.BaseClass - Test Passed: checkLogoutUser
2026-05-29 14:37:17 [main] INFO  com.swaglabtest.pages.BaseClass - Browser closed for class
2026-05-29 14:37:18 [main] INFO  com.swaglabtest.pages.BaseClass - Extent Report flushed
2026-05-29 14:38:52 [main] WARN  org.testng.TestNG - Ignoring duplicate listener : io.qameta.allure.testng.AllureTestNg
2026-05-29 14:38:52 [main] WARN  org.testng.TestNG - Ignoring duplicate listener : io.qameta.allure.testng.AllureTestNg
2026-05-29 14:38:52 [main] WARN  org.testng.TestNG - Ignoring duplicate listener : io.qameta.allure.testng.AllureTestNg
2026-05-29 14:38:52 [main] INFO  org.testng.internal.Utils - [TestNG] Running:
  C:\Users\STZ\EclipsWorkspace\NewSwagLab_Project\XMLFiles\testng.xml

2026-05-29 14:38:52 [main] INFO  com.swaglabtest.pages.BaseClass - Starting Test Suite setup...
2026-05-29 14:38:53 [main] INFO  com.swaglabtest.pages.BaseClass - ExcelDataProvider initialized
2026-05-29 14:38:53 [main] INFO  com.swaglabtest.pages.BaseClass - ConfigProvider initialized
2026-05-29 14:38:53 [main] INFO  com.swaglabtest.pages.BaseClass - Extent Reports XML configuration loaded
2026-05-29 14:38:53 [main] INFO  com.swaglabtest.pages.BaseClass - Extent Report initialized at: C:\Users\STZ\EclipsWorkspace\NewSwagLab_Project/Reports/AutomationReport.html
2026-05-29 14:38:53 [main] INFO  com.swaglabtest.pages.BaseClass - Initializing browser...
2026-05-29 14:38:53 [main] INFO  com.swaglabtest.pages.BaseClass - Browser selected: chrome
2026-05-29 14:38:55 [main] INFO  io.github.bonigarcia.wdm.WebDriverManager - Using chromedriver 148.0.7778.178 (resolved driver for Chrome 148)
2026-05-29 14:38:56 [main] INFO  io.github.bonigarcia.wdm.online.Downloader - Downloading https://storage.googleapis.com/chrome-for-testing-public/148.0.7778.178/win64/chromedriver-win64.zip
2026-05-29 14:39:08 [main] INFO  io.github.bonigarcia.wdm.online.Downloader - Extracting driver from compressed file chromedriver-win64.zip
2026-05-29 14:39:09 [main] INFO  io.github.bonigarcia.wdm.WebDriverManager - Exporting webdriver.chrome.driver as C:\Users\STZ\.cache\selenium\chromedriver\win64\148.0.7778.178\chromedriver.exe
2026-05-29 14:39:16 [main] INFO  com.swaglabtest.pages.BaseClass - Browser initialized successfully: chrome
2026-05-29 14:39:16 [main] INFO  com.swaglabtest.pages.BaseClass - Test started: UserLogingWithCredentials
2026-05-29 14:39:16 [main] INFO  com.swaglabtest.pages.BaseClass - Test Passed: UserLogingWithCredentials
2026-05-29 14:39:16 [main] INFO  com.swaglabtest.pages.BaseClass - Browser closed for class
2026-05-29 14:39:16 [main] INFO  com.swaglabtest.pages.BaseClass - Initializing browser...
2026-05-29 14:39:16 [main] INFO  com.swaglabtest.pages.BaseClass - Browser selected: chrome
2026-05-29 14:39:17 [main] INFO  io.github.bonigarcia.wdm.WebDriverManager - Using chromedriver 148.0.7778.178 (resolved driver for Chrome 148)
2026-05-29 14:39:17 [main] INFO  io.github.bonigarcia.wdm.online.Downloader - Downloading https://storage.googleapis.com/chrome-for-testing-public/148.0.7778.178/win64/chromedriver-win64.zip
2026-05-29 14:39:27 [main] INFO  io.github.bonigarcia.wdm.online.Downloader - Extracting driver from compressed file chromedriver-win64.zip
2026-05-29 14:39:27 [main] INFO  io.github.bonigarcia.wdm.WebDriverManager - Exporting webdriver.chrome.driver as C:\Users\STZ\.cache\selenium\chromedriver\win64\148.0.7778.178\chromedriver.exe
2026-05-29 14:39:29 [main] INFO  com.swaglabtest.pages.BaseClass - Browser initialized successfully: chrome
2026-05-29 14:39:29 [main] INFO  com.swaglabtest.pages.BaseClass - Test started: newPurchasing
2026-05-29 14:40:03 [main] INFO  com.swaglabtest.pages.BaseClass - Test Passed: newPurchasing
2026-05-29 14:40:03 [main] INFO  com.swaglabtest.pages.BaseClass - Test started: sortOrderAscending
2026-05-29 14:40:03 [main] INFO  com.swaglabtest.pages.BaseClass - Test Passed: sortOrderAscending
2026-05-29 14:40:03 [main] INFO  com.swaglabtest.pages.BaseClass - Test started: sortOrderDescending
2026-05-29 14:40:03 [main] INFO  com.swaglabtest.pages.BaseClass - Test Passed: sortOrderDescending
2026-05-29 14:40:03 [main] INFO  com.swaglabtest.pages.BaseClass - Test started: lowerToHighPriceListDown
2026-05-29 14:40:03 [main] INFO  com.swaglabtest.pages.BaseClass - Test Passed: lowerToHighPriceListDown
2026-05-29 14:40:03 [main] INFO  com.swaglabtest.pages.BaseClass - Test started: highToLowerPriceListDown
2026-05-29 14:40:03 [main] INFO  com.swaglabtest.pages.BaseClass - Test Passed: highToLowerPriceListDown
2026-05-29 14:40:04 [main] INFO  com.swaglabtest.pages.BaseClass - Browser closed for class
2026-05-29 14:40:04 [main] INFO  com.swaglabtest.pages.BaseClass - Initializing browser...
2026-05-29 14:40:04 [main] INFO  com.swaglabtest.pages.BaseClass - Browser selected: chrome
2026-05-29 14:40:05 [main] INFO  io.github.bonigarcia.wdm.WebDriverManager - Using chromedriver 148.0.7778.178 (resolved driver for Chrome 148)
2026-05-29 14:40:05 [main] INFO  io.github.bonigarcia.wdm.online.Downloader - Downloading https://storage.googleapis.com/chrome-for-testing-public/148.0.7778.178/win64/chromedriver-win64.zip
2026-05-29 14:40:14 [main] INFO  io.github.bonigarcia.wdm.online.Downloader - Extracting driver from compressed file chromedriver-win64.zip
2026-05-29 14:40:14 [main] INFO  io.github.bonigarcia.wdm.WebDriverManager - Exporting webdriver.chrome.driver as C:\Users\STZ\.cache\selenium\chromedriver\win64\148.0.7778.178\chromedriver.exe
2026-05-29 14:40:21 [main] INFO  com.swaglabtest.pages.BaseClass - Browser initialized successfully: chrome
2026-05-29 14:40:21 [main] INFO  com.swaglabtest.pages.BaseClass - Test started: brokenLinkTestLoginPage
2026-05-29 14:40:23 [main] INFO  com.swaglabtest.pages.BaseClass - Test Passed: brokenLinkTestLoginPage
2026-05-29 14:40:23 [main] INFO  com.swaglabtest.pages.BaseClass - Test started: brokenLinkTestPurchasePage
2026-05-29 14:40:24 [main] INFO  com.swaglabtest.pages.BaseClass - Test Passed: brokenLinkTestPurchasePage
2026-05-29 14:40:24 [main] INFO  com.swaglabtest.pages.BaseClass - Browser closed for class
2026-05-29 14:40:24 [main] INFO  com.swaglabtest.pages.BaseClass - Initializing browser...
2026-05-29 14:40:24 [main] INFO  com.swaglabtest.pages.BaseClass - Browser selected: chrome
2026-05-29 14:40:25 [main] INFO  io.github.bonigarcia.wdm.WebDriverManager - Using chromedriver 148.0.7778.178 (resolved driver for Chrome 148)
2026-05-29 14:40:25 [main] INFO  io.github.bonigarcia.wdm.online.Downloader - Downloading https://storage.googleapis.com/chrome-for-testing-public/148.0.7778.178/win64/chromedriver-win64.zip
2026-05-29 14:40:37 [main] INFO  io.github.bonigarcia.wdm.online.Downloader - Extracting driver from compressed file chromedriver-win64.zip
2026-05-29 14:40:37 [main] INFO  io.github.bonigarcia.wdm.WebDriverManager - Exporting webdriver.chrome.driver as C:\Users\STZ\.cache\selenium\chromedriver\win64\148.0.7778.178\chromedriver.exe
2026-05-29 14:40:42 [main] INFO  com.swaglabtest.pages.BaseClass - Browser initialized successfully: chrome
2026-05-29 14:40:42 [main] INFO  com.swaglabtest.pages.BaseClass - Test started: VerifyWithoutLogin
2026-05-29 14:40:42 [main] INFO  com.swaglabtest.pages.BaseClass - Test Passed: VerifyWithoutLogin
2026-05-29 14:40:42 [main] INFO  com.swaglabtest.pages.BaseClass - Test started: checkLogoutUser
2026-05-29 14:40:43 [main] INFO  com.swaglabtest.pages.BaseClass - Test Passed: checkLogoutUser
2026-05-29 14:40:43 [main] INFO  com.swaglabtest.pages.BaseClass - Browser closed for class
2026-05-29 14:40:43 [main] INFO  com.swaglabtest.pages.BaseClass - Initializing browser...
2026-05-29 14:40:43 [main] INFO  com.swaglabtest.pages.BaseClass - Browser selected: firefox
2026-05-29 14:40:44 [main] INFO  io.github.bonigarcia.wdm.WebDriverManager - Using geckodriver 0.36.0 (resolved driver for Firefox 150)
2026-05-29 14:40:44 [main] INFO  io.github.bonigarcia.wdm.WebDriverManager - Reading https://raw.githubusercontent.com/bonigarcia/webdrivermanager/master/docs/mirror/geckodriver to seek geckodriver
2026-05-29 14:40:44 [main] INFO  io.github.bonigarcia.wdm.online.Downloader - Downloading https://github.com/mozilla/geckodriver/releases/download/v0.36.0/geckodriver-v0.36.0-win64.zip
2026-05-29 14:40:47 [main] INFO  io.github.bonigarcia.wdm.online.Downloader - Extracting driver from compressed file geckodriver-v0.36.0-win64.zip
2026-05-29 14:40:47 [main] INFO  io.github.bonigarcia.wdm.WebDriverManager - Exporting webdriver.gecko.driver as C:\Users\STZ\.cache\selenium\geckodriver\win64\0.36.0\geckodriver.exe
2026-05-29 14:40:54 [main] INFO  com.swaglabtest.pages.BaseClass - Browser initialized successfully: firefox
2026-05-29 14:40:54 [main] INFO  com.swaglabtest.pages.BaseClass - Test started: UserLogingWithCredentials
2026-05-29 14:40:54 [main] INFO  com.swaglabtest.pages.BaseClass - Test Passed: UserLogingWithCredentials
2026-05-29 14:40:55 [main] INFO  com.swaglabtest.pages.BaseClass - Browser closed for class
2026-05-29 14:40:55 [main] INFO  com.swaglabtest.pages.BaseClass - Initializing browser...
2026-05-29 14:40:55 [main] INFO  com.swaglabtest.pages.BaseClass - Browser selected: firefox
2026-05-29 14:40:55 [main] INFO  io.github.bonigarcia.wdm.WebDriverManager - Using geckodriver 0.36.0 (resolved driver for Firefox 150)
2026-05-29 14:40:55 [main] INFO  io.github.bonigarcia.wdm.WebDriverManager - Exporting webdriver.gecko.driver as C:\Users\STZ\.cache\selenium\geckodriver\win64\0.36.0\geckodriver.exe
2026-05-29 14:41:01 [main] INFO  com.swaglabtest.pages.BaseClass - Browser initialized successfully: firefox
2026-05-29 14:41:01 [main] INFO  com.swaglabtest.pages.BaseClass - Test started: newPurchasing
2026-05-29 14:41:34 [main] INFO  com.swaglabtest.pages.BaseClass - Test Passed: newPurchasing
2026-05-29 14:41:34 [main] INFO  com.swaglabtest.pages.BaseClass - Test started: sortOrderAscending
2026-05-29 14:41:34 [main] INFO  com.swaglabtest.pages.BaseClass - Test Passed: sortOrderAscending
2026-05-29 14:41:34 [main] INFO  com.swaglabtest.pages.BaseClass - Test started: sortOrderDescending
2026-05-29 14:41:34 [main] INFO  com.swaglabtest.pages.BaseClass - Test Passed: sortOrderDescending
2026-05-29 14:41:34 [main] INFO  com.swaglabtest.pages.BaseClass - Test started: lowerToHighPriceListDown
2026-05-29 14:41:34 [main] INFO  com.swaglabtest.pages.BaseClass - Test Passed: lowerToHighPriceListDown
2026-05-29 14:41:34 [main] INFO  com.swaglabtest.pages.BaseClass - Test started: highToLowerPriceListDown
2026-05-29 14:41:34 [main] INFO  com.swaglabtest.pages.BaseClass - Test Passed: highToLowerPriceListDown
2026-05-29 14:41:36 [main] INFO  com.swaglabtest.pages.BaseClass - Browser closed for class
2026-05-29 14:41:36 [main] INFO  com.swaglabtest.pages.BaseClass - Initializing browser...
2026-05-29 14:41:36 [main] INFO  com.swaglabtest.pages.BaseClass - Browser selected: firefox
2026-05-29 14:41:36 [main] INFO  io.github.bonigarcia.wdm.WebDriverManager - Using geckodriver 0.36.0 (resolved driver for Firefox 150)
2026-05-29 14:41:36 [main] INFO  io.github.bonigarcia.wdm.WebDriverManager - Exporting webdriver.gecko.driver as C:\Users\STZ\.cache\selenium\geckodriver\win64\0.36.0\geckodriver.exe
2026-05-29 14:41:43 [main] INFO  com.swaglabtest.pages.BaseClass - Browser initialized successfully: firefox
2026-05-29 14:41:43 [main] INFO  com.swaglabtest.pages.BaseClass - Test started: brokenLinkTestLoginPage
2026-05-29 14:41:46 [main] INFO  com.swaglabtest.pages.BaseClass - Test Passed: brokenLinkTestLoginPage
2026-05-29 14:41:46 [main] INFO  com.swaglabtest.pages.BaseClass - Test started: brokenLinkTestPurchasePage
2026-05-29 14:41:47 [main] INFO  com.swaglabtest.pages.BaseClass - Test Passed: brokenLinkTestPurchasePage
2026-05-29 14:41:48 [main] INFO  com.swaglabtest.pages.BaseClass - Browser closed for class
2026-05-29 14:41:48 [main] INFO  com.swaglabtest.pages.BaseClass - Initializing browser...
2026-05-29 14:41:48 [main] INFO  com.swaglabtest.pages.BaseClass - Browser selected: firefox
2026-05-29 14:41:48 [main] INFO  io.github.bonigarcia.wdm.WebDriverManager - Using geckodriver 0.36.0 (resolved driver for Firefox 150)
2026-05-29 14:41:48 [main] INFO  io.github.bonigarcia.wdm.WebDriverManager - Exporting webdriver.gecko.driver as C:\Users\STZ\.cache\selenium\geckodriver\win64\0.36.0\geckodriver.exe
2026-05-29 14:41:53 [main] INFO  com.swaglabtest.pages.BaseClass - Browser initialized successfully: firefox
2026-05-29 14:41:53 [main] INFO  com.swaglabtest.pages.BaseClass - Test started: VerifyWithoutLogin
2026-05-29 14:41:54 [main] INFO  com.swaglabtest.pages.BaseClass - Test Passed: VerifyWithoutLogin
2026-05-29 14:41:54 [main] INFO  com.swaglabtest.pages.BaseClass - Test started: checkLogoutUser
2026-05-29 14:41:54 [main] INFO  com.swaglabtest.pages.BaseClass - Test Passed: checkLogoutUser
2026-05-29 14:41:55 [main] INFO  com.swaglabtest.pages.BaseClass - Browser closed for class
2026-05-29 14:41:56 [main] INFO  com.swaglabtest.pages.BaseClass - Extent Report flushed
2026-05-29 14:42:28 [main] INFO  com.swaglabtest.pages.BaseClass - Starting Test Suite setup...
2026-05-29 14:42:28 [main] INFO  com.swaglabtest.pages.BaseClass - ExcelDataProvider initialized
2026-05-29 14:42:28 [main] INFO  com.swaglabtest.pages.BaseClass - ConfigProvider initialized
2026-05-29 14:42:29 [main] INFO  com.swaglabtest.pages.BaseClass - Extent Reports XML configuration loaded
2026-05-29 14:42:29 [main] INFO  com.swaglabtest.pages.BaseClass - Extent Report initialized at: C:\Users\STZ\EclipsWorkspace\NewSwagLab_Project/Reports/AutomationReport.html
2026-05-29 14:42:29 [main] INFO  com.swaglabtest.pages.BaseClass - Initializing browser...
2026-05-29 14:42:29 [main] INFO  com.swaglabtest.pages.BaseClass - Browser selected: chrome
2026-05-29 14:42:31 [main] INFO  io.github.bonigarcia.wdm.WebDriverManager - Using chromedriver 148.0.7778.178 (resolved driver for Chrome 148)
2026-05-29 14:42:31 [main] INFO  io.github.bonigarcia.wdm.online.Downloader - Downloading https://storage.googleapis.com/chrome-for-testing-public/148.0.7778.178/win64/chromedriver-win64.zip
2026-05-29 14:42:38 [main] INFO  io.github.bonigarcia.wdm.online.Downloader - Extracting driver from compressed file chromedriver-win64.zip
2026-05-29 14:42:39 [main] INFO  io.github.bonigarcia.wdm.WebDriverManager - Exporting webdriver.chrome.driver as C:\Users\STZ\.cache\selenium\chromedriver\win64\148.0.7778.178\chromedriver.exe
2026-05-29 14:42:47 [main] INFO  com.swaglabtest.pages.BaseClass - Browser initialized successfully: chrome
2026-05-29 14:42:47 [main] INFO  com.swaglabtest.pages.BaseClass - Test started: brokenLinkTestLoginPage
2026-05-29 14:42:50 [main] INFO  com.swaglabtest.pages.BaseClass - Test Passed: brokenLinkTestLoginPage
2026-05-29 14:42:50 [main] INFO  com.swaglabtest.pages.BaseClass - Test started: brokenLinkTestPurchasePage
2026-05-29 14:42:52 [main] INFO  com.swaglabtest.pages.BaseClass - Test Passed: brokenLinkTestPurchasePage
2026-05-29 14:42:52 [main] INFO  com.swaglabtest.pages.BaseClass - Browser closed for class
2026-05-29 14:42:52 [main] INFO  com.swaglabtest.pages.BaseClass - Initializing browser...
2026-05-29 14:42:52 [main] INFO  com.swaglabtest.pages.BaseClass - Browser selected: chrome
2026-05-29 14:42:53 [main] INFO  io.github.bonigarcia.wdm.WebDriverManager - Using chromedriver 148.0.7778.178 (resolved driver for Chrome 148)
2026-05-29 14:42:54 [main] INFO  io.github.bonigarcia.wdm.online.Downloader - Downloading https://storage.googleapis.com/chrome-for-testing-public/148.0.7778.178/win64/chromedriver-win64.zip
2026-05-29 14:43:03 [main] INFO  io.github.bonigarcia.wdm.online.Downloader - Extracting driver from compressed file chromedriver-win64.zip
2026-05-29 14:43:03 [main] INFO  io.github.bonigarcia.wdm.WebDriverManager - Exporting webdriver.chrome.driver as C:\Users\STZ\.cache\selenium\chromedriver\win64\148.0.7778.178\chromedriver.exe
2026-05-29 14:43:06 [main] INFO  com.swaglabtest.pages.BaseClass - Browser initialized successfully: chrome
2026-05-29 14:43:06 [main] INFO  com.swaglabtest.pages.BaseClass - Test started: UserLogingWithCredentials
2026-05-29 14:43:06 [main] INFO  com.swaglabtest.pages.BaseClass - Test Passed: UserLogingWithCredentials
2026-05-29 14:43:06 [main] INFO  com.swaglabtest.pages.BaseClass - Browser closed for class
2026-05-29 14:43:06 [main] INFO  com.swaglabtest.pages.BaseClass - Initializing browser...
2026-05-29 14:43:06 [main] INFO  com.swaglabtest.pages.BaseClass - Browser selected: chrome
2026-05-29 14:43:07 [main] INFO  io.github.bonigarcia.wdm.WebDriverManager - Using chromedriver 148.0.7778.178 (resolved driver for Chrome 148)
2026-05-29 14:43:07 [main] INFO  io.github.bonigarcia.wdm.online.Downloader - Downloading https://storage.googleapis.com/chrome-for-testing-public/148.0.7778.178/win64/chromedriver-win64.zip
2026-05-29 14:43:15 [main] INFO  io.github.bonigarcia.wdm.online.Downloader - Extracting driver from compressed file chromedriver-win64.zip
2026-05-29 14:43:16 [main] INFO  io.github.bonigarcia.wdm.WebDriverManager - Exporting webdriver.chrome.driver as C:\Users\STZ\.cache\selenium\chromedriver\win64\148.0.7778.178\chromedriver.exe
2026-05-29 14:43:21 [main] INFO  com.swaglabtest.pages.BaseClass - Browser initialized successfully: chrome
2026-05-29 14:43:21 [main] INFO  com.swaglabtest.pages.BaseClass - Test started: newPurchasing
2026-05-29 14:43:54 [main] INFO  com.swaglabtest.pages.BaseClass - Test Passed: newPurchasing
2026-05-29 14:43:54 [main] INFO  com.swaglabtest.pages.BaseClass - Test started: sortOrderAscending
2026-05-29 14:43:54 [main] INFO  com.swaglabtest.pages.BaseClass - Test Passed: sortOrderAscending
2026-05-29 14:43:54 [main] INFO  com.swaglabtest.pages.BaseClass - Test started: sortOrderDescending
2026-05-29 14:43:54 [main] INFO  com.swaglabtest.pages.BaseClass - Test Passed: sortOrderDescending
2026-05-29 14:43:54 [main] INFO  com.swaglabtest.pages.BaseClass - Test started: lowerToHighPriceListDown
2026-05-29 14:43:54 [main] INFO  com.swaglabtest.pages.BaseClass - Test Passed: lowerToHighPriceListDown
2026-05-29 14:43:54 [main] INFO  com.swaglabtest.pages.BaseClass - Test started: highToLowerPriceListDown
2026-05-29 14:43:54 [main] INFO  com.swaglabtest.pages.BaseClass - Test Passed: highToLowerPriceListDown
2026-05-29 14:43:55 [main] INFO  com.swaglabtest.pages.BaseClass - Browser closed for class
2026-05-29 14:43:55 [main] INFO  com.swaglabtest.pages.BaseClass - Initializing browser...
2026-05-29 14:43:55 [main] INFO  com.swaglabtest.pages.BaseClass - Browser selected: chrome
2026-05-29 14:43:56 [main] INFO  io.github.bonigarcia.wdm.WebDriverManager - Using chromedriver 148.0.7778.178 (resolved driver for Chrome 148)
2026-05-29 14:43:56 [main] INFO  io.github.bonigarcia.wdm.online.Downloader - Downloading https://storage.googleapis.com/chrome-for-testing-public/148.0.7778.178/win64/chromedriver-win64.zip
2026-05-29 14:44:08 [main] INFO  io.github.bonigarcia.wdm.online.Downloader - Extracting driver from compressed file chromedriver-win64.zip
2026-05-29 14:44:08 [main] INFO  io.github.bonigarcia.wdm.WebDriverManager - Exporting webdriver.chrome.driver as C:\Users\STZ\.cache\selenium\chromedriver\win64\148.0.7778.178\chromedriver.exe
2026-05-29 14:44:10 [main] INFO  com.swaglabtest.pages.BaseClass - Browser initialized successfully: chrome
2026-05-29 14:44:10 [main] INFO  com.swaglabtest.pages.BaseClass - Test started: VerifyWithoutLogin
2026-05-29 14:44:11 [main] INFO  com.swaglabtest.pages.BaseClass - Test Passed: VerifyWithoutLogin
2026-05-29 14:44:11 [main] INFO  com.swaglabtest.pages.BaseClass - Test started: checkLogoutUser
2026-05-29 14:44:11 [main] INFO  com.swaglabtest.pages.BaseClass - Test Passed: checkLogoutUser
2026-05-29 14:44:12 [main] INFO  com.swaglabtest.pages.BaseClass - Browser closed for class
2026-05-29 14:44:12 [main] INFO  com.swaglabtest.pages.BaseClass - Extent Report flushed
2026-09-02 19:40:22 [main] WARN  org.testng.TestNG - Ignoring duplicate listener : io.qameta.allure.testng.AllureTestNg
2026-09-02 19:40:22 [main] WARN  org.testng.TestNG - Ignoring duplicate listener : io.qameta.allure.testng.AllureTestNg
2026-09-02 19:40:22 [main] WARN  org.testng.TestNG - Ignoring duplicate listener : io.qameta.allure.testng.AllureTestNg
2026-09-02 19:40:23 [main] INFO  org.testng.internal.Utils - [TestNG] Running:
  C:\Users\STZ\EclipsWorkspace\NewSwagLab_Project\XMLFiles\testng.xml

2026-09-02 19:40:23 [main] INFO  com.swaglabtest.pages.BaseClass - Starting Test Suite setup...
2026-09-02 19:40:24 [main] INFO  com.swaglabtest.pages.BaseClass - ExcelDataProvider initialized
2026-09-02 19:40:24 [main] INFO  com.swaglabtest.pages.BaseClass - ConfigProvider initialized
2026-09-02 19:40:24 [main] INFO  com.swaglabtest.pages.BaseClass - Extent Reports XML configuration loaded
2026-09-02 19:40:24 [main] INFO  com.swaglabtest.pages.BaseClass - Extent Report initialized at: C:\Users\STZ\EclipsWorkspace\NewSwagLab_Project/Reports/AutomationReport.html
2026-09-02 19:40:24 [main] INFO  com.swaglabtest.pages.BaseClass - Initializing browser...
2026-09-02 19:40:24 [main] INFO  com.swaglabtest.pages.BaseClass - Browser selected: chrome
2026-09-02 19:40:26 [main] INFO  io.github.bonigarcia.wdm.WebDriverManager - Using chromedriver 151.0.7922.138 (resolved driver for Chrome 151)
2026-09-02 19:40:26 [main] INFO  io.github.bonigarcia.wdm.online.Downloader - Downloading https://storage.googleapis.com/chrome-for-testing-public/151.0.7922.138/win64/chromedriver-win64.zip
2026-09-02 19:41:13 [main] INFO  io.github.bonigarcia.wdm.online.Downloader - Extracting driver from compressed file chromedriver-win64.zip
2026-09-02 19:41:13 [main] INFO  io.github.bonigarcia.wdm.WebDriverManager - Exporting webdriver.chrome.driver as C:\Users\STZ\.cache\selenium\chromedriver\win64\151.0.7922.138\chromedriver.exe
2026-09-02 19:41:18 [main] INFO  com.swaglabtest.pages.BaseClass - Browser initialized successfully: chrome
2026-09-02 19:41:18 [main] INFO  com.swaglabtest.pages.BaseClass - Test started: UserLogingWithCredentials
2026-09-02 19:41:18 [main] INFO  com.swaglabtest.pages.BaseClass - Test Passed: UserLogingWithCredentials
2026-09-02 19:41:18 [main] INFO  com.swaglabtest.pages.BaseClass - Browser closed for class
2026-09-02 19:41:18 [main] INFO  com.swaglabtest.pages.BaseClass - Initializing browser...
2026-09-02 19:41:18 [main] INFO  com.swaglabtest.pages.BaseClass - Browser selected: chrome
2026-09-02 19:41:19 [main] INFO  io.github.bonigarcia.wdm.WebDriverManager - Using chromedriver 151.0.7922.138 (resolved driver for Chrome 151)
2026-09-02 19:41:20 [main] INFO  io.github.bonigarcia.wdm.online.Downloader - Downloading https://storage.googleapis.com/chrome-for-testing-public/151.0.7922.138/win64/chromedriver-win64.zip
2026-09-02 19:41:39 [main] INFO  io.github.bonigarcia.wdm.online.Downloader - Extracting driver from compressed file chromedriver-win64.zip
2026-09-02 19:41:39 [main] INFO  io.github.bonigarcia.wdm.WebDriverManager - Exporting webdriver.chrome.driver as C:\Users\STZ\.cache\selenium\chromedriver\win64\151.0.7922.138\chromedriver.exe
2026-09-02 19:41:42 [main] INFO  com.swaglabtest.pages.BaseClass - Browser initialized successfully: chrome
2026-09-02 19:41:42 [main] INFO  com.swaglabtest.pages.BaseClass - Test started: newPurchasing
2026-09-02 19:42:15 [main] INFO  com.swaglabtest.pages.BaseClass - Test Passed: newPurchasing
2026-09-02 19:42:15 [main] INFO  com.swaglabtest.pages.BaseClass - Test started: sortOrderAscending
2026-09-02 19:42:15 [main] INFO  com.swaglabtest.pages.BaseClass - Test Passed: sortOrderAscending
2026-09-02 19:42:15 [main] INFO  com.swaglabtest.pages.BaseClass - Test started: sortOrderDescending
2026-09-02 19:42:16 [main] INFO  com.swaglabtest.pages.BaseClass - Test Passed: sortOrderDescending
2026-09-02 19:42:16 [main] INFO  com.swaglabtest.pages.BaseClass - Test started: lowerToHighPriceListDown
2026-09-02 19:42:16 [main] INFO  com.swaglabtest.pages.BaseClass - Test Passed: lowerToHighPriceListDown
2026-09-02 19:42:16 [main] INFO  com.swaglabtest.pages.BaseClass - Test started: highToLowerPriceListDown
2026-09-02 19:42:16 [main] INFO  com.swaglabtest.pages.BaseClass - Test Passed: highToLowerPriceListDown
2026-09-02 19:42:16 [main] INFO  com.swaglabtest.pages.BaseClass - Browser closed for class
2026-09-02 19:42:16 [main] INFO  com.swaglabtest.pages.BaseClass - Initializing browser...
2026-09-02 19:42:16 [main] INFO  com.swaglabtest.pages.BaseClass - Browser selected: chrome
2026-09-02 19:42:17 [main] INFO  io.github.bonigarcia.wdm.WebDriverManager - Using chromedriver 151.0.7922.138 (resolved driver for Chrome 151)
2026-09-02 19:42:17 [main] INFO  io.github.bonigarcia.wdm.online.Downloader - Downloading https://storage.googleapis.com/chrome-for-testing-public/151.0.7922.138/win64/chromedriver-win64.zip
2026-09-02 19:42:26 [main] INFO  io.github.bonigarcia.wdm.online.Downloader - Extracting driver from compressed file chromedriver-win64.zip
2026-09-02 19:42:26 [main] INFO  io.github.bonigarcia.wdm.WebDriverManager - Exporting webdriver.chrome.driver as C:\Users\STZ\.cache\selenium\chromedriver\win64\151.0.7922.138\chromedriver.exe
2026-09-02 19:42:28 [main] INFO  com.swaglabtest.pages.BaseClass - Browser initialized successfully: chrome
2026-09-02 19:42:28 [main] INFO  com.swaglabtest.pages.BaseClass - Test started: brokenLinkTestLoginPage
2026-09-02 19:42:30 [main] INFO  com.swaglabtest.pages.BaseClass - Test Passed: brokenLinkTestLoginPage
2026-09-02 19:42:30 [main] INFO  com.swaglabtest.pages.BaseClass - Test started: brokenLinkTestPurchasePage
2026-09-02 19:42:31 [main] INFO  com.swaglabtest.pages.BaseClass - Test Passed: brokenLinkTestPurchasePage
2026-09-02 19:42:31 [main] INFO  com.swaglabtest.pages.BaseClass - Browser closed for class
2026-09-02 19:42:31 [main] INFO  com.swaglabtest.pages.BaseClass - Initializing browser...
2026-09-02 19:42:31 [main] INFO  com.swaglabtest.pages.BaseClass - Browser selected: chrome
2026-09-02 19:42:32 [main] INFO  io.github.bonigarcia.wdm.WebDriverManager - Using chromedriver 151.0.7922.138 (resolved driver for Chrome 151)
2026-09-02 19:42:32 [main] INFO  io.github.bonigarcia.wdm.online.Downloader - Downloading https://storage.googleapis.com/chrome-for-testing-public/151.0.7922.138/win64/chromedriver-win64.zip
2026-09-02 19:42:40 [main] INFO  io.github.bonigarcia.wdm.online.Downloader - Extracting driver from compressed file chromedriver-win64.zip
2026-09-02 19:42:41 [main] INFO  io.github.bonigarcia.wdm.WebDriverManager - Exporting webdriver.chrome.driver as C:\Users\STZ\.cache\selenium\chromedriver\win64\151.0.7922.138\chromedriver.exe
2026-09-02 19:42:43 [main] INFO  com.swaglabtest.pages.BaseClass - Browser initialized successfully: chrome
2026-09-02 19:42:43 [main] INFO  com.swaglabtest.pages.BaseClass - Test started: VerifyWithoutLogin
2026-09-02 19:42:43 [main] INFO  com.swaglabtest.pages.BaseClass - Test Passed: VerifyWithoutLogin
2026-09-02 19:42:43 [main] INFO  com.swaglabtest.pages.BaseClass - Test started: checkLogoutUser
2026-09-02 19:42:44 [main] INFO  com.swaglabtest.pages.BaseClass - Test Passed: checkLogoutUser
2026-09-02 19:42:44 [main] INFO  com.swaglabtest.pages.BaseClass - Browser closed for class
2026-09-02 19:42:44 [main] INFO  com.swaglabtest.pages.BaseClass - Initializing browser...
2026-09-02 19:42:44 [main] INFO  com.swaglabtest.pages.BaseClass - Browser selected: firefox
2026-09-02 19:42:45 [main] INFO  io.github.bonigarcia.wdm.WebDriverManager - Using geckodriver 0.37.1 (resolved driver for Firefox 153)
2026-09-02 19:42:45 [main] INFO  io.github.bonigarcia.wdm.WebDriverManager - Reading https://raw.githubusercontent.com/bonigarcia/webdrivermanager/master/docs/mirror/geckodriver to seek geckodriver
2026-09-02 19:42:45 [main] INFO  io.github.bonigarcia.wdm.online.Downloader - Downloading https://github.com/mozilla/geckodriver/releases/download/v0.37.1/geckodriver-v0.37.1-win64.zip
2026-09-02 19:42:47 [main] INFO  io.github.bonigarcia.wdm.online.Downloader - Extracting driver from compressed file geckodriver-v0.37.1-win64.zip
2026-09-02 19:42:47 [main] INFO  io.github.bonigarcia.wdm.WebDriverManager - Exporting webdriver.gecko.driver as C:\Users\STZ\.cache\selenium\geckodriver\win64\0.37.1\geckodriver.exe
2026-09-02 19:42:53 [main] INFO  com.swaglabtest.pages.BaseClass - Browser initialized successfully: firefox
2026-09-02 19:42:53 [main] INFO  com.swaglabtest.pages.BaseClass - Test started: UserLogingWithCredentials
2026-09-02 19:42:53 [main] INFO  com.swaglabtest.pages.BaseClass - Test Passed: UserLogingWithCredentials
2026-09-02 19:42:55 [main] INFO  com.swaglabtest.pages.BaseClass - Browser closed for class
2026-09-02 19:42:55 [main] INFO  com.swaglabtest.pages.BaseClass - Initializing browser...
2026-09-02 19:42:55 [main] INFO  com.swaglabtest.pages.BaseClass - Browser selected: firefox
2026-09-02 19:42:55 [main] INFO  io.github.bonigarcia.wdm.WebDriverManager - Using geckodriver 0.37.1 (resolved driver for Firefox 153)
2026-09-02 19:42:55 [main] INFO  io.github.bonigarcia.wdm.WebDriverManager - Exporting webdriver.gecko.driver as C:\Users\STZ\.cache\selenium\geckodriver\win64\0.37.1\geckodriver.exe
2026-09-02 19:43:00 [main] INFO  com.swaglabtest.pages.BaseClass - Browser initialized successfully: firefox
2026-09-02 19:43:00 [main] INFO  com.swaglabtest.pages.BaseClass - Test started: newPurchasing
2026-09-02 19:43:02 [main] INFO  com.swaglabtest.pages.BaseClass - Initializing browser...
2026-09-02 19:43:02 [main] INFO  com.swaglabtest.pages.BaseClass - Browser selected: firefox
2026-09-02 19:43:02 [main] INFO  io.github.bonigarcia.wdm.WebDriverManager - Using geckodriver 0.37.1 (resolved driver for Firefox 153)
2026-09-02 19:43:02 [main] INFO  io.github.bonigarcia.wdm.WebDriverManager - Exporting webdriver.gecko.driver as C:\Users\STZ\.cache\selenium\geckodriver\win64\0.37.1\geckodriver.exe
2026-09-02 19:43:07 [main] INFO  com.swaglabtest.pages.BaseClass - Browser initialized successfully: firefox
2026-09-02 19:43:07 [main] INFO  com.swaglabtest.pages.BaseClass - Test started: brokenLinkTestLoginPage
2026-09-02 19:43:08 [main] ERROR com.swaglabtest.pages.BaseClass - Test Failed: brokenLinkTestLoginPage
org.openqa.selenium.WebDriverException: Failed to decode response from marionette
Build info: version: '4.24.0', revision: '748ffc9bc3'
System info: os.name: 'Windows 11', os.arch: 'amd64', os.version: '10.0', java.version: '22.0.1'
Driver info: org.openqa.selenium.firefox.FirefoxDriver
Command: [0b334a2b-2373-41f0-b027-76c374f8ae4b, findElements {using=tag name, value=link}]
Capabilities {acceptInsecureCerts: true, browserName: firefox, browserVersion: 153.0.4, moz:accessibilityChecks: false, moz:buildID: 20260810162159, moz:geckodriverVersion: 0.37.1, moz:headless: true, moz:platformVersion: 10.0, moz:processID: 23428, moz:profile: C:\Users\STZ\AppData\Local\..., moz:shutdownTimeout: 60000, moz:webdriverClick: true, moz:windowless: false, pageLoadStrategy: normal, platformName: windows, proxy: Proxy(), setWindowRect: true, strictFileInteractability: false, timeouts: {implicit: 0, pageLoad: 300000, script: 30000}, unhandledPromptBehavior: dismiss and notify, userAgent: Mozilla/5.0 (Windows NT 10....}
Session ID: 0b334a2b-2373-41f0-b027-76c374f8ae4b
	at java.base/jdk.internal.reflect.DirectConstructorHandleAccessor.newInstance(DirectConstructorHandleAccessor.java:62) ~[?:?]
	at java.base/java.lang.reflect.Constructor.newInstanceWithCaller(Constructor.java:502) ~[?:?]
	at java.base/java.lang.reflect.Constructor.newInstance(Constructor.java:486) ~[?:?]
	at org.openqa.selenium.remote.ErrorCodec.decode(ErrorCodec.java:167) ~[selenium-remote-driver-4.24.0.jar:?]
	at org.openqa.selenium.remote.codec.w3c.W3CHttpResponseCodec.decode(W3CHttpResponseCodec.java:138) ~[selenium-remote-driver-4.24.0.jar:?]
	at org.openqa.selenium.remote.codec.w3c.W3CHttpResponseCodec.decode(W3CHttpResponseCodec.java:50) ~[selenium-remote-driver-4.24.0.jar:?]
	at org.openqa.selenium.remote.HttpCommandExecutor.execute(HttpCommandExecutor.java:190) ~[selenium-remote-driver-4.24.0.jar:?]
	at org.openqa.selenium.remote.service.DriverCommandExecutor.invokeExecute(DriverCommandExecutor.java:216) ~[selenium-remote-driver-4.24.0.jar:?]
	at org.openqa.selenium.remote.service.DriverCommandExecutor.execute(DriverCommandExecutor.java:174) ~[selenium-remote-driver-4.24.0.jar:?]
	at org.openqa.selenium.remote.RemoteWebDriver.execute(RemoteWebDriver.java:545) ~[selenium-remote-driver-4.24.0.jar:?]
	at org.openqa.selenium.remote.ElementLocation$ElementFinder$2.findElements(ElementLocation.java:182) ~[selenium-remote-driver-4.24.0.jar:?]
	at org.openqa.selenium.remote.ElementLocation.findElements(ElementLocation.java:103) ~[selenium-remote-driver-4.24.0.jar:?]
	at org.openqa.selenium.remote.RemoteWebDriver.findElements(RemoteWebDriver.java:381) ~[selenium-remote-driver-4.24.0.jar:?]
	at org.openqa.selenium.remote.RemoteWebDriver.findElements(RemoteWebDriver.java:375) ~[selenium-remote-driver-4.24.0.jar:?]
	at com.swaglabtest.pages.MainLoginPage.getAllLinks(MainLoginPage.java:45) ~[test-classes/:?]
	at com.swaglabtest.testcases.BrokenLinkTest.brokenLinkTestLoginPage(BrokenLinkTest.java:39) ~[test-classes/:?]
	at java.base/jdk.internal.reflect.DirectMethodHandleAccessor.invoke(DirectMethodHandleAccessor.java:103) ~[?:?]
	at java.base/java.lang.reflect.Method.invoke(Method.java:580) ~[?:?]
	at org.testng.internal.invokers.MethodInvocationHelper.invokeMethod(MethodInvocationHelper.java:141) ~[testng-7.10.1.jar:7.10.1]
	at org.testng.internal.invokers.TestInvoker.invokeMethod(TestInvoker.java:686) ~[testng-7.10.1.jar:7.10.1]
	at org.testng.internal.invokers.TestInvoker.invokeTestMethod(TestInvoker.java:230) ~[testng-7.10.1.jar:7.10.1]
	at org.testng.internal.invokers.MethodRunner.runInSequence(MethodRunner.java:63) ~[testng-7.10.1.jar:7.10.1]
	at org.testng.internal.invokers.TestInvoker$MethodInvocationAgent.invoke(TestInvoker.java:992) ~[testng-7.10.1.jar:7.10.1]
	at org.testng.internal.invokers.TestInvoker.invokeTestMethods(TestInvoker.java:203) ~[testng-7.10.1.jar:7.10.1]
	at org.testng.internal.invokers.TestMethodWorker.invokeTestMethods(TestMethodWorker.java:154) ~[testng-7.10.1.jar:7.10.1]
	at org.testng.internal.invokers.TestMethodWorker.run(TestMethodWorker.java:134) ~[testng-7.10.1.jar:7.10.1]
	at java.base/java.util.ArrayList.forEach(ArrayList.java:1597) [?:?]
	at org.testng.TestRunner.privateRun(TestRunner.java:739) [testng-7.10.1.jar:7.10.1]
	at org.testng.TestRunner.run(TestRunner.java:614) [testng-7.10.1.jar:7.10.1]
	at org.testng.SuiteRunner.runTest(SuiteRunner.java:421) [testng-7.10.1.jar:7.10.1]
	at org.testng.SuiteRunner.runSequentially(SuiteRunner.java:413) [testng-7.10.1.jar:7.10.1]
	at org.testng.SuiteRunner.privateRun(SuiteRunner.java:373) [testng-7.10.1.jar:7.10.1]
	at org.testng.SuiteRunner.run(SuiteRunner.java:312) [testng-7.10.1.jar:7.10.1]
	at org.testng.SuiteRunnerWorker.runSuite(SuiteRunnerWorker.java:52) [testng-7.10.1.jar:7.10.1]
	at org.testng.SuiteRunnerWorker.run(SuiteRunnerWorker.java:95) [testng-7.10.1.jar:7.10.1]
	at org.testng.TestNG.runSuitesSequentially(TestNG.java:1274) [testng-7.10.1.jar:7.10.1]
	at org.testng.TestNG.runSuitesLocally(TestNG.java:1208) [testng-7.10.1.jar:7.10.1]
	at org.testng.TestNG.runSuites(TestNG.java:1112) [testng-7.10.1.jar:7.10.1]
	at org.testng.TestNG.run(TestNG.java:1079) [testng-7.10.1.jar:7.10.1]
	at org.testng.remote.AbstractRemoteTestNG.run(AbstractRemoteTestNG.java:115) [testng-remote.jar:?]
	at org.testng.remote.RemoteTestNG.initAndRun(RemoteTestNG.java:293) [testng-remote.jar:?]
	at org.testng.remote.RemoteTestNG.main(RemoteTestNG.java:91) [testng-remote.jar:?]
2026-09-02 19:43:08 [main] INFO  com.swaglabtest.pages.BaseClass - Test started: brokenLinkTestPurchasePage
2026-09-02 19:43:08 [main] ERROR com.swaglabtest.pages.BaseClass - Test Failed: brokenLinkTestPurchasePage
org.openqa.selenium.NoSuchSessionException: Tried to run command without establishing a connection
Build info: version: '4.24.0', revision: '748ffc9bc3'
System info: os.name: 'Windows 11', os.arch: 'amd64', os.version: '10.0', java.version: '22.0.1'
Driver info: org.openqa.selenium.firefox.FirefoxDriver
Command: [0b334a2b-2373-41f0-b027-76c374f8ae4b, findElement {using=id, value=user-name}]
Capabilities {acceptInsecureCerts: true, browserName: firefox, browserVersion: 153.0.4, moz:accessibilityChecks: false, moz:buildID: 20260810162159, moz:geckodriverVersion: 0.37.1, moz:headless: true, moz:platformVersion: 10.0, moz:processID: 23428, moz:profile: C:\Users\STZ\AppData\Local\..., moz:shutdownTimeout: 60000, moz:webdriverClick: true, moz:windowless: false, pageLoadStrategy: normal, platformName: windows, proxy: Proxy(), setWindowRect: true, strictFileInteractability: false, timeouts: {implicit: 0, pageLoad: 300000, script: 30000}, unhandledPromptBehavior: dismiss and notify, userAgent: Mozilla/5.0 (Windows NT 10....}
Session ID: 0b334a2b-2373-41f0-b027-76c374f8ae4b
	at java.base/jdk.internal.reflect.DirectConstructorHandleAccessor.newInstance(DirectConstructorHandleAccessor.java:62) ~[?:?]
	at java.base/java.lang.reflect.Constructor.newInstanceWithCaller(Constructor.java:502) ~[?:?]
	at java.base/java.lang.reflect.Constructor.newInstance(Constructor.java:486) ~[?:?]
	at org.openqa.selenium.remote.ErrorCodec.decode(ErrorCodec.java:167) ~[selenium-remote-driver-4.24.0.jar:?]
	at org.openqa.selenium.remote.codec.w3c.W3CHttpResponseCodec.decode(W3CHttpResponseCodec.java:138) ~[selenium-remote-driver-4.24.0.jar:?]
	at org.openqa.selenium.remote.codec.w3c.W3CHttpResponseCodec.decode(W3CHttpResponseCodec.java:50) ~[selenium-remote-driver-4.24.0.jar:?]
	at org.openqa.selenium.remote.HttpCommandExecutor.execute(HttpCommandExecutor.java:190) ~[selenium-remote-driver-4.24.0.jar:?]
	at org.openqa.selenium.remote.service.DriverCommandExecutor.invokeExecute(DriverCommandExecutor.java:216) ~[selenium-remote-driver-4.24.0.jar:?]
	at org.openqa.selenium.remote.service.DriverCommandExecutor.execute(DriverCommandExecutor.java:174) ~[selenium-remote-driver-4.24.0.jar:?]
	at org.openqa.selenium.remote.RemoteWebDriver.execute(RemoteWebDriver.java:545) ~[selenium-remote-driver-4.24.0.jar:?]
	at org.openqa.selenium.remote.ElementLocation$ElementFinder$2.findElement(ElementLocation.java:165) ~[selenium-remote-driver-4.24.0.jar:?]
	at org.openqa.selenium.remote.ElementLocation.findElement(ElementLocation.java:66) ~[selenium-remote-driver-4.24.0.jar:?]
	at org.openqa.selenium.remote.RemoteWebDriver.findElement(RemoteWebDriver.java:368) ~[selenium-remote-driver-4.24.0.jar:?]
	at org.openqa.selenium.remote.RemoteWebDriver.findElement(RemoteWebDriver.java:362) ~[selenium-remote-driver-4.24.0.jar:?]
	at org.openqa.selenium.support.pagefactory.DefaultElementLocator.findElement(DefaultElementLocator.java:68) ~[selenium-support-4.24.0.jar:?]
	at org.openqa.selenium.support.pagefactory.internal.LocatingElementHandler.invoke(LocatingElementHandler.java:38) ~[selenium-support-4.24.0.jar:?]
	at jdk.proxy2/jdk.proxy2.$Proxy38.sendKeys(Unknown Source) ~[?:?]
	at com.swaglabtest.pages.MainLoginPage.UserLogin(MainLoginPage.java:27) ~[test-classes/:?]
	at com.swaglabtest.testcases.BrokenLinkTest.brokenLinkTestPurchasePage(BrokenLinkTest.java:68) ~[test-classes/:?]
	at java.base/jdk.internal.reflect.DirectMethodHandleAccessor.invoke(DirectMethodHandleAccessor.java:103) ~[?:?]
	at java.base/java.lang.reflect.Method.invoke(Method.java:580) ~[?:?]
	at org.testng.internal.invokers.MethodInvocationHelper.invokeMethod(MethodInvocationHelper.java:141) ~[testng-7.10.1.jar:7.10.1]
	at org.testng.internal.invokers.TestInvoker.invokeMethod(TestInvoker.java:686) ~[testng-7.10.1.jar:7.10.1]
	at org.testng.internal.invokers.TestInvoker.invokeTestMethod(TestInvoker.java:230) ~[testng-7.10.1.jar:7.10.1]
	at org.testng.internal.invokers.MethodRunner.runInSequence(MethodRunner.java:63) ~[testng-7.10.1.jar:7.10.1]
	at org.testng.internal.invokers.TestInvoker$MethodInvocationAgent.invoke(TestInvoker.java:992) ~[testng-7.10.1.jar:7.10.1]
	at org.testng.internal.invokers.TestInvoker.invokeTestMethods(TestInvoker.java:203) ~[testng-7.10.1.jar:7.10.1]
	at org.testng.internal.invokers.TestMethodWorker.invokeTestMethods(TestMethodWorker.java:154) ~[testng-7.10.1.jar:7.10.1]
	at org.testng.internal.invokers.TestMethodWorker.run(TestMethodWorker.java:134) ~[testng-7.10.1.jar:7.10.1]
	at java.base/java.util.ArrayList.forEach(ArrayList.java:1597) [?:?]
	at org.testng.TestRunner.privateRun(TestRunner.java:739) [testng-7.10.1.jar:7.10.1]
	at org.testng.TestRunner.run(TestRunner.java:614) [testng-7.10.1.jar:7.10.1]
	at org.testng.SuiteRunner.runTest(SuiteRunner.java:421) [testng-7.10.1.jar:7.10.1]
	at org.testng.SuiteRunner.runSequentially(SuiteRunner.java:413) [testng-7.10.1.jar:7.10.1]
	at org.testng.SuiteRunner.privateRun(SuiteRunner.java:373) [testng-7.10.1.jar:7.10.1]
	at org.testng.SuiteRunner.run(SuiteRunner.java:312) [testng-7.10.1.jar:7.10.1]
	at org.testng.SuiteRunnerWorker.runSuite(SuiteRunnerWorker.java:52) [testng-7.10.1.jar:7.10.1]
	at org.testng.SuiteRunnerWorker.run(SuiteRunnerWorker.java:95) [testng-7.10.1.jar:7.10.1]
	at org.testng.TestNG.runSuitesSequentially(TestNG.java:1274) [testng-7.10.1.jar:7.10.1]
	at org.testng.TestNG.runSuitesLocally(TestNG.java:1208) [testng-7.10.1.jar:7.10.1]
	at org.testng.TestNG.runSuites(TestNG.java:1112) [testng-7.10.1.jar:7.10.1]
	at org.testng.TestNG.run(TestNG.java:1079) [testng-7.10.1.jar:7.10.1]
	at org.testng.remote.AbstractRemoteTestNG.run(AbstractRemoteTestNG.java:115) [testng-remote.jar:?]
	at org.testng.remote.RemoteTestNG.initAndRun(RemoteTestNG.java:293) [testng-remote.jar:?]
	at org.testng.remote.RemoteTestNG.main(RemoteTestNG.java:91) [testng-remote.jar:?]
2026-09-02 19:43:08 [main] INFO  com.swaglabtest.pages.BaseClass - Browser closed for class
2026-09-02 19:43:08 [main] INFO  com.swaglabtest.pages.BaseClass - Initializing browser...
2026-09-02 19:43:08 [main] INFO  com.swaglabtest.pages.BaseClass - Browser selected: firefox
2026-09-02 19:43:08 [main] INFO  io.github.bonigarcia.wdm.WebDriverManager - Using geckodriver 0.37.1 (resolved driver for Firefox 153)
2026-09-02 19:43:08 [main] INFO  io.github.bonigarcia.wdm.WebDriverManager - Exporting webdriver.gecko.driver as C:\Users\STZ\.cache\selenium\geckodriver\win64\0.37.1\geckodriver.exe
2026-09-02 19:49:40 [main] WARN  org.testng.TestNG - Ignoring duplicate listener : io.qameta.allure.testng.AllureTestNg
2026-09-02 19:49:40 [main] WARN  org.testng.TestNG - Ignoring duplicate listener : io.qameta.allure.testng.AllureTestNg
2026-09-02 19:49:40 [main] WARN  org.testng.TestNG - Ignoring duplicate listener : io.qameta.allure.testng.AllureTestNg
2026-09-02 19:49:41 [main] INFO  org.testng.internal.Utils - [TestNG] Running:
  C:\Users\STZ\EclipsWorkspace\NewSwagLab_Project\XMLFiles\testng.xml

2026-09-02 19:49:41 [main] INFO  com.swaglabtest.pages.BaseClass - Starting Test Suite setup...
2026-09-02 19:49:42 [main] INFO  com.swaglabtest.pages.BaseClass - ExcelDataProvider initialized
2026-09-02 19:49:42 [main] INFO  com.swaglabtest.pages.BaseClass - ConfigProvider initialized
2026-09-02 19:49:42 [main] INFO  com.swaglabtest.pages.BaseClass - Extent Reports XML configuration loaded
2026-09-02 19:49:42 [main] INFO  com.swaglabtest.pages.BaseClass - Extent Report initialized at: C:\Users\STZ\EclipsWorkspace\NewSwagLab_Project/Reports/AutomationReport.html
2026-09-02 19:49:42 [main] INFO  com.swaglabtest.pages.BaseClass - Initializing browser...
2026-09-02 19:49:42 [main] INFO  com.swaglabtest.pages.BaseClass - Browser selected: chrome
2026-09-02 19:49:42 [main] WARN  io.github.bonigarcia.wdm.WebDriverManager - Exception deleting driver cache at C:\Users\STZ\.cache\selenium
org.apache.commons.io.IOExceptionList: 1 exception(s): [org.apache.commons.io.IOIndexedException: IOException #1: Cannot delete file: C:\Users\STZ\.cache\selenium\geckodriver]
	at org.apache.commons.io.IOExceptionList.checkEmpty(IOExceptionList.java:50) ~[commons-io-2.18.0.jar:2.18.0]
	at org.apache.commons.io.function.IOStream.forAll(IOStream.java:357) ~[commons-io-2.18.0.jar:2.18.0]
	at org.apache.commons.io.function.IOStreams.forAll(IOStreams.java:42) ~[commons-io-2.18.0.jar:2.18.0]
	at org.apache.commons.io.function.IOStreams.forAll(IOStreams.java:36) ~[commons-io-2.18.0.jar:2.18.0]
	at org.apache.commons.io.function.IOConsumer.forAll(IOConsumer.java:80) ~[commons-io-2.18.0.jar:2.18.0]
	at org.apache.commons.io.FileUtils.cleanDirectory(FileUtils.java:381) ~[commons-io-2.18.0.jar:2.18.0]
	at io.github.bonigarcia.wdm.WebDriverManager.clearDriverCache(WebDriverManager.java:825) ~[webdrivermanager-5.9.2.jar:?]
	at com.swaglabtest.utility.BrowserFactory.startApplication(BrowserFactory.java:23) ~[test-classes/:?]
	at com.swaglabtest.pages.BaseClass.setupClass(BaseClass.java:100) ~[test-classes/:?]
	at java.base/jdk.internal.reflect.DirectMethodHandleAccessor.invoke(DirectMethodHandleAccessor.java:103) ~[?:?]
	at java.base/java.lang.reflect.Method.invoke(Method.java:580) ~[?:?]
	at org.testng.internal.invokers.MethodInvocationHelper.invokeMethod(MethodInvocationHelper.java:141) ~[testng-7.10.1.jar:7.10.1]
	at org.testng.internal.invokers.MethodInvocationHelper.invokeMethodConsideringTimeout(MethodInvocationHelper.java:71) ~[testng-7.10.1.jar:7.10.1]
	at org.testng.internal.invokers.ConfigInvoker.invokeConfigurationMethod(ConfigInvoker.java:400) ~[testng-7.10.1.jar:7.10.1]
	at org.testng.internal.invokers.ConfigInvoker.invokeConfigurations(ConfigInvoker.java:333) ~[testng-7.10.1.jar:7.10.1]
	at org.testng.internal.invokers.TestMethodWorker.invokeBeforeClassMethods(TestMethodWorker.java:188) ~[testng-7.10.1.jar:7.10.1]
	at org.testng.internal.invokers.TestMethodWorker.run(TestMethodWorker.java:128) ~[testng-7.10.1.jar:7.10.1]
	at java.base/java.util.ArrayList.forEach(ArrayList.java:1597) [?:?]
	at org.testng.TestRunner.privateRun(TestRunner.java:739) [testng-7.10.1.jar:7.10.1]
	at org.testng.TestRunner.run(TestRunner.java:614) [testng-7.10.1.jar:7.10.1]
	at org.testng.SuiteRunner.runTest(SuiteRunner.java:421) [testng-7.10.1.jar:7.10.1]
	at org.testng.SuiteRunner.runSequentially(SuiteRunner.java:413) [testng-7.10.1.jar:7.10.1]
	at org.testng.SuiteRunner.privateRun(SuiteRunner.java:373) [testng-7.10.1.jar:7.10.1]
	at org.testng.SuiteRunner.run(SuiteRunner.java:312) [testng-7.10.1.jar:7.10.1]
	at org.testng.SuiteRunnerWorker.runSuite(SuiteRunnerWorker.java:52) [testng-7.10.1.jar:7.10.1]
	at org.testng.SuiteRunnerWorker.run(SuiteRunnerWorker.java:95) [testng-7.10.1.jar:7.10.1]
	at org.testng.TestNG.runSuitesSequentially(TestNG.java:1274) [testng-7.10.1.jar:7.10.1]
	at org.testng.TestNG.runSuitesLocally(TestNG.java:1208) [testng-7.10.1.jar:7.10.1]
	at org.testng.TestNG.runSuites(TestNG.java:1112) [testng-7.10.1.jar:7.10.1]
	at org.testng.TestNG.run(TestNG.java:1079) [testng-7.10.1.jar:7.10.1]
	at org.testng.remote.AbstractRemoteTestNG.run(AbstractRemoteTestNG.java:115) [testng-remote.jar:?]
	at org.testng.remote.RemoteTestNG.initAndRun(RemoteTestNG.java:293) [testng-remote.jar:?]
	at org.testng.remote.RemoteTestNG.main(RemoteTestNG.java:91) [testng-remote.jar:?]
Caused by: org.apache.commons.io.IOIndexedException: IOException #1: Cannot delete file: C:\Users\STZ\.cache\selenium\geckodriver
	at org.apache.commons.io.function.IOStream.lambda$forAll$11(IOStream.java:352) ~[commons-io-2.18.0.jar:2.18.0]
	at java.base/java.util.Spliterators$ArraySpliterator.forEachRemaining(Spliterators.java:1024) ~[?:?]
	at java.base/java.util.stream.ReferencePipeline$Head.forEach(ReferencePipeline.java:782) ~[?:?]
	at org.apache.commons.io.function.IOStream.forAll(IOStream.java:343) ~[commons-io-2.18.0.jar:2.18.0]
	... 31 more
Caused by: java.io.IOException: Cannot delete file: C:\Users\STZ\.cache\selenium\geckodriver
	at org.apache.commons.io.FileUtils.forceDelete(FileUtils.java:1428) ~[commons-io-2.18.0.jar:2.18.0]
	at org.apache.commons.io.FileUtils.lambda$cleanDirectory$0(FileUtils.java:381) ~[commons-io-2.18.0.jar:2.18.0]
	at org.apache.commons.io.function.IOStream.lambda$forAll$11(IOStream.java:345) ~[commons-io-2.18.0.jar:2.18.0]
	at java.base/java.util.Spliterators$ArraySpliterator.forEachRemaining(Spliterators.java:1024) ~[?:?]
	at java.base/java.util.stream.ReferencePipeline$Head.forEach(ReferencePipeline.java:782) ~[?:?]
	at org.apache.commons.io.function.IOStream.forAll(IOStream.java:343) ~[commons-io-2.18.0.jar:2.18.0]
	... 31 more
Caused by: java.nio.file.AccessDeniedException: C:\Users\STZ\.cache\selenium\geckodriver\win64\0.37.1\geckodriver.exe
	at java.base/sun.nio.fs.WindowsException.translateToIOException(WindowsException.java:89) ~[?:?]
	at java.base/sun.nio.fs.WindowsException.rethrowAsIOException(WindowsException.java:103) ~[?:?]
	at java.base/sun.nio.fs.WindowsException.rethrowAsIOException(WindowsException.java:108) ~[?:?]
	at java.base/sun.nio.fs.WindowsFileSystemProvider.implDelete(WindowsFileSystemProvider.java:273) ~[?:?]
	at java.base/sun.nio.fs.AbstractFileSystemProvider.deleteIfExists(AbstractFileSystemProvider.java:109) ~[?:?]
	at java.base/java.nio.file.Files.deleteIfExists(Files.java:1191) ~[?:?]
	at org.apache.commons.io.file.DeletingPathVisitor.visitFile(DeletingPathVisitor.java:159) ~[commons-io-2.18.0.jar:2.18.0]
	at org.apache.commons.io.file.DeletingPathVisitor.visitFile(DeletingPathVisitor.java:37) ~[commons-io-2.18.0.jar:2.18.0]
	at java.base/java.nio.file.Files.walkFileTree(Files.java:2791) ~[?:?]
	at java.base/java.nio.file.Files.walkFileTree(Files.java:2862) ~[?:?]
	at org.apache.commons.io.file.PathUtils.visitFileTree(PathUtils.java:1730) ~[commons-io-2.18.0.jar:2.18.0]
	at org.apache.commons.io.file.PathUtils.deleteDirectory(PathUtils.java:518) ~[commons-io-2.18.0.jar:2.18.0]
	at org.apache.commons.io.file.PathUtils.delete(PathUtils.java:477) ~[commons-io-2.18.0.jar:2.18.0]
	at org.apache.commons.io.FileUtils.forceDelete(FileUtils.java:1421) ~[commons-io-2.18.0.jar:2.18.0]
	at org.apache.commons.io.FileUtils.lambda$cleanDirectory$0(FileUtils.java:381) ~[commons-io-2.18.0.jar:2.18.0]
	at org.apache.commons.io.function.IOStream.lambda$forAll$11(IOStream.java:345) ~[commons-io-2.18.0.jar:2.18.0]
	at java.base/java.util.Spliterators$ArraySpliterator.forEachRemaining(Spliterators.java:1024) ~[?:?]
	at java.base/java.util.stream.ReferencePipeline$Head.forEach(ReferencePipeline.java:782) ~[?:?]
	at org.apache.commons.io.function.IOStream.forAll(IOStream.java:343) ~[commons-io-2.18.0.jar:2.18.0]
	... 31 more
2026-09-02 19:49:44 [main] INFO  io.github.bonigarcia.wdm.WebDriverManager - Using chromedriver 151.0.7922.138 (resolved driver for Chrome 151)
2026-09-02 19:49:45 [main] INFO  io.github.bonigarcia.wdm.online.Downloader - Downloading https://storage.googleapis.com/chrome-for-testing-public/151.0.7922.138/win64/chromedriver-win64.zip
2026-09-02 19:49:52 [main] INFO  io.github.bonigarcia.wdm.online.Downloader - Extracting driver from compressed file chromedriver-win64.zip
2026-09-02 19:49:52 [main] INFO  io.github.bonigarcia.wdm.WebDriverManager - Exporting webdriver.chrome.driver as C:\Users\STZ\.cache\selenium\chromedriver\win64\151.0.7922.138\chromedriver.exe
2026-09-02 19:49:55 [main] INFO  com.swaglabtest.pages.BaseClass - Browser initialized successfully: chrome
2026-09-02 19:49:55 [main] INFO  com.swaglabtest.pages.BaseClass - Test started: UserLogingWithCredentials
2026-09-02 19:49:56 [main] INFO  com.swaglabtest.pages.BaseClass - Test Passed: UserLogingWithCredentials
2026-09-02 19:49:56 [main] INFO  com.swaglabtest.pages.BaseClass - Browser closed for class
2026-09-02 19:49:56 [main] INFO  com.swaglabtest.pages.BaseClass - Initializing browser...
2026-09-02 19:49:56 [main] INFO  com.swaglabtest.pages.BaseClass - Browser selected: chrome
2026-09-02 19:49:56 [main] WARN  io.github.bonigarcia.wdm.WebDriverManager - Exception deleting driver cache at C:\Users\STZ\.cache\selenium
org.apache.commons.io.IOExceptionList: 1 exception(s): [org.apache.commons.io.IOIndexedException: IOException #1: Cannot delete file: C:\Users\STZ\.cache\selenium\geckodriver]
	at org.apache.commons.io.IOExceptionList.checkEmpty(IOExceptionList.java:50) ~[commons-io-2.18.0.jar:2.18.0]
	at org.apache.commons.io.function.IOStream.forAll(IOStream.java:357) ~[commons-io-2.18.0.jar:2.18.0]
	at org.apache.commons.io.function.IOStreams.forAll(IOStreams.java:42) ~[commons-io-2.18.0.jar:2.18.0]
	at org.apache.commons.io.function.IOStreams.forAll(IOStreams.java:36) ~[commons-io-2.18.0.jar:2.18.0]
	at org.apache.commons.io.function.IOConsumer.forAll(IOConsumer.java:80) ~[commons-io-2.18.0.jar:2.18.0]
	at org.apache.commons.io.FileUtils.cleanDirectory(FileUtils.java:381) ~[commons-io-2.18.0.jar:2.18.0]
	at io.github.bonigarcia.wdm.WebDriverManager.clearDriverCache(WebDriverManager.java:825) ~[webdrivermanager-5.9.2.jar:?]
	at com.swaglabtest.utility.BrowserFactory.startApplication(BrowserFactory.java:23) ~[test-classes/:?]
	at com.swaglabtest.pages.BaseClass.setupClass(BaseClass.java:100) ~[test-classes/:?]
	at java.base/jdk.internal.reflect.DirectMethodHandleAccessor.invoke(DirectMethodHandleAccessor.java:103) ~[?:?]
	at java.base/java.lang.reflect.Method.invoke(Method.java:580) ~[?:?]
	at org.testng.internal.invokers.MethodInvocationHelper.invokeMethod(MethodInvocationHelper.java:141) ~[testng-7.10.1.jar:7.10.1]
	at org.testng.internal.invokers.MethodInvocationHelper.invokeMethodConsideringTimeout(MethodInvocationHelper.java:71) ~[testng-7.10.1.jar:7.10.1]
	at org.testng.internal.invokers.ConfigInvoker.invokeConfigurationMethod(ConfigInvoker.java:400) ~[testng-7.10.1.jar:7.10.1]
	at org.testng.internal.invokers.ConfigInvoker.invokeConfigurations(ConfigInvoker.java:333) ~[testng-7.10.1.jar:7.10.1]
	at org.testng.internal.invokers.TestMethodWorker.invokeBeforeClassMethods(TestMethodWorker.java:188) ~[testng-7.10.1.jar:7.10.1]
	at org.testng.internal.invokers.TestMethodWorker.run(TestMethodWorker.java:128) ~[testng-7.10.1.jar:7.10.1]
	at java.base/java.util.ArrayList.forEach(ArrayList.java:1597) [?:?]
	at org.testng.TestRunner.privateRun(TestRunner.java:739) [testng-7.10.1.jar:7.10.1]
	at org.testng.TestRunner.run(TestRunner.java:614) [testng-7.10.1.jar:7.10.1]
	at org.testng.SuiteRunner.runTest(SuiteRunner.java:421) [testng-7.10.1.jar:7.10.1]
	at org.testng.SuiteRunner.runSequentially(SuiteRunner.java:413) [testng-7.10.1.jar:7.10.1]
	at org.testng.SuiteRunner.privateRun(SuiteRunner.java:373) [testng-7.10.1.jar:7.10.1]
	at org.testng.SuiteRunner.run(SuiteRunner.java:312) [testng-7.10.1.jar:7.10.1]
	at org.testng.SuiteRunnerWorker.runSuite(SuiteRunnerWorker.java:52) [testng-7.10.1.jar:7.10.1]
	at org.testng.SuiteRunnerWorker.run(SuiteRunnerWorker.java:95) [testng-7.10.1.jar:7.10.1]
	at org.testng.TestNG.runSuitesSequentially(TestNG.java:1274) [testng-7.10.1.jar:7.10.1]
	at org.testng.TestNG.runSuitesLocally(TestNG.java:1208) [testng-7.10.1.jar:7.10.1]
	at org.testng.TestNG.runSuites(TestNG.java:1112) [testng-7.10.1.jar:7.10.1]
	at org.testng.TestNG.run(TestNG.java:1079) [testng-7.10.1.jar:7.10.1]
	at org.testng.remote.AbstractRemoteTestNG.run(AbstractRemoteTestNG.java:115) [testng-remote.jar:?]
	at org.testng.remote.RemoteTestNG.initAndRun(RemoteTestNG.java:293) [testng-remote.jar:?]
	at org.testng.remote.RemoteTestNG.main(RemoteTestNG.java:91) [testng-remote.jar:?]
Caused by: org.apache.commons.io.IOIndexedException: IOException #1: Cannot delete file: C:\Users\STZ\.cache\selenium\geckodriver
	at org.apache.commons.io.function.IOStream.lambda$forAll$11(IOStream.java:352) ~[commons-io-2.18.0.jar:2.18.0]
	at java.base/java.util.Spliterators$ArraySpliterator.forEachRemaining(Spliterators.java:1024) ~[?:?]
	at java.base/java.util.stream.ReferencePipeline$Head.forEach(ReferencePipeline.java:782) ~[?:?]
	at org.apache.commons.io.function.IOStream.forAll(IOStream.java:343) ~[commons-io-2.18.0.jar:2.18.0]
	... 31 more
Caused by: java.io.IOException: Cannot delete file: C:\Users\STZ\.cache\selenium\geckodriver
	at org.apache.commons.io.FileUtils.forceDelete(FileUtils.java:1428) ~[commons-io-2.18.0.jar:2.18.0]
	at org.apache.commons.io.FileUtils.lambda$cleanDirectory$0(FileUtils.java:381) ~[commons-io-2.18.0.jar:2.18.0]
	at org.apache.commons.io.function.IOStream.lambda$forAll$11(IOStream.java:345) ~[commons-io-2.18.0.jar:2.18.0]
	at java.base/java.util.Spliterators$ArraySpliterator.forEachRemaining(Spliterators.java:1024) ~[?:?]
	at java.base/java.util.stream.ReferencePipeline$Head.forEach(ReferencePipeline.java:782) ~[?:?]
	at org.apache.commons.io.function.IOStream.forAll(IOStream.java:343) ~[commons-io-2.18.0.jar:2.18.0]
	... 31 more
Caused by: java.nio.file.AccessDeniedException: C:\Users\STZ\.cache\selenium\geckodriver\win64\0.37.1\geckodriver.exe
	at java.base/sun.nio.fs.WindowsException.translateToIOException(WindowsException.java:89) ~[?:?]
	at java.base/sun.nio.fs.WindowsException.rethrowAsIOException(WindowsException.java:103) ~[?:?]
	at java.base/sun.nio.fs.WindowsException.rethrowAsIOException(WindowsException.java:108) ~[?:?]
	at java.base/sun.nio.fs.WindowsFileSystemProvider.implDelete(WindowsFileSystemProvider.java:273) ~[?:?]
	at java.base/sun.nio.fs.AbstractFileSystemProvider.deleteIfExists(AbstractFileSystemProvider.java:109) ~[?:?]
	at java.base/java.nio.file.Files.deleteIfExists(Files.java:1191) ~[?:?]
	at org.apache.commons.io.file.DeletingPathVisitor.visitFile(DeletingPathVisitor.java:159) ~[commons-io-2.18.0.jar:2.18.0]
	at org.apache.commons.io.file.DeletingPathVisitor.visitFile(DeletingPathVisitor.java:37) ~[commons-io-2.18.0.jar:2.18.0]
	at java.base/java.nio.file.Files.walkFileTree(Files.java:2791) ~[?:?]
	at java.base/java.nio.file.Files.walkFileTree(Files.java:2862) ~[?:?]
	at org.apache.commons.io.file.PathUtils.visitFileTree(PathUtils.java:1730) ~[commons-io-2.18.0.jar:2.18.0]
	at org.apache.commons.io.file.PathUtils.deleteDirectory(PathUtils.java:518) ~[commons-io-2.18.0.jar:2.18.0]
	at org.apache.commons.io.file.PathUtils.delete(PathUtils.java:477) ~[commons-io-2.18.0.jar:2.18.0]
	at org.apache.commons.io.FileUtils.forceDelete(FileUtils.java:1421) ~[commons-io-2.18.0.jar:2.18.0]
	at org.apache.commons.io.FileUtils.lambda$cleanDirectory$0(FileUtils.java:381) ~[commons-io-2.18.0.jar:2.18.0]
	at org.apache.commons.io.function.IOStream.lambda$forAll$11(IOStream.java:345) ~[commons-io-2.18.0.jar:2.18.0]
	at java.base/java.util.Spliterators$ArraySpliterator.forEachRemaining(Spliterators.java:1024) ~[?:?]
	at java.base/java.util.stream.ReferencePipeline$Head.forEach(ReferencePipeline.java:782) ~[?:?]
	at org.apache.commons.io.function.IOStream.forAll(IOStream.java:343) ~[commons-io-2.18.0.jar:2.18.0]
	... 31 more
2026-09-02 19:49:57 [main] INFO  io.github.bonigarcia.wdm.WebDriverManager - Using chromedriver 151.0.7922.138 (resolved driver for Chrome 151)
2026-09-02 19:49:57 [main] INFO  io.github.bonigarcia.wdm.online.Downloader - Downloading https://storage.googleapis.com/chrome-for-testing-public/151.0.7922.138/win64/chromedriver-win64.zip
2026-09-02 19:50:06 [main] INFO  io.github.bonigarcia.wdm.online.Downloader - Extracting driver from compressed file chromedriver-win64.zip
2026-09-02 19:50:06 [main] INFO  io.github.bonigarcia.wdm.WebDriverManager - Exporting webdriver.chrome.driver as C:\Users\STZ\.cache\selenium\chromedriver\win64\151.0.7922.138\chromedriver.exe
2026-09-02 19:50:08 [main] INFO  com.swaglabtest.pages.BaseClass - Browser initialized successfully: chrome
2026-09-02 19:50:08 [main] INFO  com.swaglabtest.pages.BaseClass - Test started: newPurchasing
2026-09-02 19:51:03 [main] WARN  org.testng.TestNG - Ignoring duplicate listener : io.qameta.allure.testng.AllureTestNg
2026-09-02 19:51:03 [main] WARN  org.testng.TestNG - Ignoring duplicate listener : io.qameta.allure.testng.AllureTestNg
2026-09-02 19:51:03 [main] WARN  org.testng.TestNG - Ignoring duplicate listener : io.qameta.allure.testng.AllureTestNg
2026-09-02 19:51:03 [main] INFO  org.testng.internal.Utils - [TestNG] Running:
  C:\Users\STZ\EclipsWorkspace\NewSwagLab_Project\XMLFiles\testng.xml

2026-09-02 19:51:03 [main] INFO  com.swaglabtest.pages.BaseClass - Starting Test Suite setup...
2026-09-02 19:51:04 [main] INFO  com.swaglabtest.pages.BaseClass - ExcelDataProvider initialized
2026-09-02 19:51:04 [main] INFO  com.swaglabtest.pages.BaseClass - ConfigProvider initialized
2026-09-02 19:51:04 [main] INFO  com.swaglabtest.pages.BaseClass - Extent Reports XML configuration loaded
2026-09-02 19:51:05 [main] INFO  com.swaglabtest.pages.BaseClass - Extent Report initialized at: C:\Users\STZ\EclipsWorkspace\NewSwagLab_Project/Reports/AutomationReport.html
2026-09-02 19:51:05 [main] INFO  com.swaglabtest.pages.BaseClass - Initializing browser...
2026-09-02 19:51:05 [main] INFO  com.swaglabtest.pages.BaseClass - Browser selected: chrome
2026-09-02 19:51:05 [main] WARN  io.github.bonigarcia.wdm.WebDriverManager - Exception deleting driver cache at C:\Users\STZ\.cache\selenium
org.apache.commons.io.IOExceptionList: 1 exception(s): [org.apache.commons.io.IOIndexedException: IOException #1: Cannot delete file: C:\Users\STZ\.cache\selenium\geckodriver]
	at org.apache.commons.io.IOExceptionList.checkEmpty(IOExceptionList.java:50) ~[commons-io-2.18.0.jar:2.18.0]
	at org.apache.commons.io.function.IOStream.forAll(IOStream.java:357) ~[commons-io-2.18.0.jar:2.18.0]
	at org.apache.commons.io.function.IOStreams.forAll(IOStreams.java:42) ~[commons-io-2.18.0.jar:2.18.0]
	at org.apache.commons.io.function.IOStreams.forAll(IOStreams.java:36) ~[commons-io-2.18.0.jar:2.18.0]
	at org.apache.commons.io.function.IOConsumer.forAll(IOConsumer.java:80) ~[commons-io-2.18.0.jar:2.18.0]
	at org.apache.commons.io.FileUtils.cleanDirectory(FileUtils.java:381) ~[commons-io-2.18.0.jar:2.18.0]
	at io.github.bonigarcia.wdm.WebDriverManager.clearDriverCache(WebDriverManager.java:825) ~[webdrivermanager-5.9.2.jar:?]
	at com.swaglabtest.utility.BrowserFactory.startApplication(BrowserFactory.java:23) ~[test-classes/:?]
	at com.swaglabtest.pages.BaseClass.setupClass(BaseClass.java:100) ~[test-classes/:?]
	at java.base/jdk.internal.reflect.DirectMethodHandleAccessor.invoke(DirectMethodHandleAccessor.java:103) ~[?:?]
	at java.base/java.lang.reflect.Method.invoke(Method.java:580) ~[?:?]
	at org.testng.internal.invokers.MethodInvocationHelper.invokeMethod(MethodInvocationHelper.java:141) ~[testng-7.10.1.jar:7.10.1]
	at org.testng.internal.invokers.MethodInvocationHelper.invokeMethodConsideringTimeout(MethodInvocationHelper.java:71) ~[testng-7.10.1.jar:7.10.1]
	at org.testng.internal.invokers.ConfigInvoker.invokeConfigurationMethod(ConfigInvoker.java:400) ~[testng-7.10.1.jar:7.10.1]
	at org.testng.internal.invokers.ConfigInvoker.invokeConfigurations(ConfigInvoker.java:333) ~[testng-7.10.1.jar:7.10.1]
	at org.testng.internal.invokers.TestMethodWorker.invokeBeforeClassMethods(TestMethodWorker.java:188) ~[testng-7.10.1.jar:7.10.1]
	at org.testng.internal.invokers.TestMethodWorker.run(TestMethodWorker.java:128) ~[testng-7.10.1.jar:7.10.1]
	at java.base/java.util.ArrayList.forEach(ArrayList.java:1597) [?:?]
	at org.testng.TestRunner.privateRun(TestRunner.java:739) [testng-7.10.1.jar:7.10.1]
	at org.testng.TestRunner.run(TestRunner.java:614) [testng-7.10.1.jar:7.10.1]
	at org.testng.SuiteRunner.runTest(SuiteRunner.java:421) [testng-7.10.1.jar:7.10.1]
	at org.testng.SuiteRunner.runSequentially(SuiteRunner.java:413) [testng-7.10.1.jar:7.10.1]
	at org.testng.SuiteRunner.privateRun(SuiteRunner.java:373) [testng-7.10.1.jar:7.10.1]
	at org.testng.SuiteRunner.run(SuiteRunner.java:312) [testng-7.10.1.jar:7.10.1]
	at org.testng.SuiteRunnerWorker.runSuite(SuiteRunnerWorker.java:52) [testng-7.10.1.jar:7.10.1]
	at org.testng.SuiteRunnerWorker.run(SuiteRunnerWorker.java:95) [testng-7.10.1.jar:7.10.1]
	at org.testng.TestNG.runSuitesSequentially(TestNG.java:1274) [testng-7.10.1.jar:7.10.1]
	at org.testng.TestNG.runSuitesLocally(TestNG.java:1208) [testng-7.10.1.jar:7.10.1]
	at org.testng.TestNG.runSuites(TestNG.java:1112) [testng-7.10.1.jar:7.10.1]
	at org.testng.TestNG.run(TestNG.java:1079) [testng-7.10.1.jar:7.10.1]
	at org.testng.remote.AbstractRemoteTestNG.run(AbstractRemoteTestNG.java:115) [testng-remote.jar:?]
	at org.testng.remote.RemoteTestNG.initAndRun(RemoteTestNG.java:293) [testng-remote.jar:?]
	at org.testng.remote.RemoteTestNG.main(RemoteTestNG.java:91) [testng-remote.jar:?]
Caused by: org.apache.commons.io.IOIndexedException: IOException #1: Cannot delete file: C:\Users\STZ\.cache\selenium\geckodriver
	at org.apache.commons.io.function.IOStream.lambda$forAll$11(IOStream.java:352) ~[commons-io-2.18.0.jar:2.18.0]
	at java.base/java.util.Spliterators$ArraySpliterator.forEachRemaining(Spliterators.java:1024) ~[?:?]
	at java.base/java.util.stream.ReferencePipeline$Head.forEach(ReferencePipeline.java:782) ~[?:?]
	at org.apache.commons.io.function.IOStream.forAll(IOStream.java:343) ~[commons-io-2.18.0.jar:2.18.0]
	... 31 more
Caused by: java.io.IOException: Cannot delete file: C:\Users\STZ\.cache\selenium\geckodriver
	at org.apache.commons.io.FileUtils.forceDelete(FileUtils.java:1428) ~[commons-io-2.18.0.jar:2.18.0]
	at org.apache.commons.io.FileUtils.lambda$cleanDirectory$0(FileUtils.java:381) ~[commons-io-2.18.0.jar:2.18.0]
	at org.apache.commons.io.function.IOStream.lambda$forAll$11(IOStream.java:345) ~[commons-io-2.18.0.jar:2.18.0]
	at java.base/java.util.Spliterators$ArraySpliterator.forEachRemaining(Spliterators.java:1024) ~[?:?]
	at java.base/java.util.stream.ReferencePipeline$Head.forEach(ReferencePipeline.java:782) ~[?:?]
	at org.apache.commons.io.function.IOStream.forAll(IOStream.java:343) ~[commons-io-2.18.0.jar:2.18.0]
	... 31 more
Caused by: java.nio.file.AccessDeniedException: C:\Users\STZ\.cache\selenium\geckodriver\win64\0.37.1\geckodriver.exe
	at java.base/sun.nio.fs.WindowsException.translateToIOException(WindowsException.java:89) ~[?:?]
	at java.base/sun.nio.fs.WindowsException.rethrowAsIOException(WindowsException.java:103) ~[?:?]
	at java.base/sun.nio.fs.WindowsException.rethrowAsIOException(WindowsException.java:108) ~[?:?]
	at java.base/sun.nio.fs.WindowsFileSystemProvider.implDelete(WindowsFileSystemProvider.java:273) ~[?:?]
	at java.base/sun.nio.fs.AbstractFileSystemProvider.deleteIfExists(AbstractFileSystemProvider.java:109) ~[?:?]
	at java.base/java.nio.file.Files.deleteIfExists(Files.java:1191) ~[?:?]
	at org.apache.commons.io.file.DeletingPathVisitor.visitFile(DeletingPathVisitor.java:159) ~[commons-io-2.18.0.jar:2.18.0]
	at org.apache.commons.io.file.DeletingPathVisitor.visitFile(DeletingPathVisitor.java:37) ~[commons-io-2.18.0.jar:2.18.0]
	at java.base/java.nio.file.Files.walkFileTree(Files.java:2791) ~[?:?]
	at java.base/java.nio.file.Files.walkFileTree(Files.java:2862) ~[?:?]
	at org.apache.commons.io.file.PathUtils.visitFileTree(PathUtils.java:1730) ~[commons-io-2.18.0.jar:2.18.0]
	at org.apache.commons.io.file.PathUtils.deleteDirectory(PathUtils.java:518) ~[commons-io-2.18.0.jar:2.18.0]
	at org.apache.commons.io.file.PathUtils.delete(PathUtils.java:477) ~[commons-io-2.18.0.jar:2.18.0]
	at org.apache.commons.io.FileUtils.forceDelete(FileUtils.java:1421) ~[commons-io-2.18.0.jar:2.18.0]
	at org.apache.commons.io.FileUtils.lambda$cleanDirectory$0(FileUtils.java:381) ~[commons-io-2.18.0.jar:2.18.0]
	at org.apache.commons.io.function.IOStream.lambda$forAll$11(IOStream.java:345) ~[commons-io-2.18.0.jar:2.18.0]
	at java.base/java.util.Spliterators$ArraySpliterator.forEachRemaining(Spliterators.java:1024) ~[?:?]
	at java.base/java.util.stream.ReferencePipeline$Head.forEach(ReferencePipeline.java:782) ~[?:?]
	at org.apache.commons.io.function.IOStream.forAll(IOStream.java:343) ~[commons-io-2.18.0.jar:2.18.0]
	... 31 more
2026-09-02 19:51:09 [main] INFO  io.github.bonigarcia.wdm.WebDriverManager - Using chromedriver 151.0.7922.138 (resolved driver for Chrome 151)
2026-09-02 19:51:09 [main] INFO  io.github.bonigarcia.wdm.online.Downloader - Downloading https://storage.googleapis.com/chrome-for-testing-public/151.0.7922.138/win64/chromedriver-win64.zip
2026-09-02 19:51:16 [main] INFO  io.github.bonigarcia.wdm.online.Downloader - Extracting driver from compressed file chromedriver-win64.zip
2026-09-02 19:51:17 [main] INFO  io.github.bonigarcia.wdm.WebDriverManager - Exporting webdriver.chrome.driver as C:\Users\STZ\.cache\selenium\chromedriver\win64\151.0.7922.138\chromedriver.exe
2026-09-02 19:51:20 [main] INFO  com.swaglabtest.pages.BaseClass - Browser initialized successfully: chrome
2026-09-02 19:51:20 [main] INFO  com.swaglabtest.pages.BaseClass - Test started: UserLogingWithCredentials
2026-09-02 19:51:21 [main] INFO  com.swaglabtest.pages.BaseClass - Test Passed: UserLogingWithCredentials
2026-09-02 19:51:21 [main] INFO  com.swaglabtest.pages.BaseClass - Browser closed for class
2026-09-02 19:51:21 [main] INFO  com.swaglabtest.pages.BaseClass - Initializing browser...
2026-09-02 19:51:21 [main] INFO  com.swaglabtest.pages.BaseClass - Browser selected: chrome
2026-09-02 19:51:21 [main] WARN  io.github.bonigarcia.wdm.WebDriverManager - Exception deleting driver cache at C:\Users\STZ\.cache\selenium
org.apache.commons.io.IOExceptionList: 1 exception(s): [org.apache.commons.io.IOIndexedException: IOException #1: Cannot delete file: C:\Users\STZ\.cache\selenium\geckodriver]
	at org.apache.commons.io.IOExceptionList.checkEmpty(IOExceptionList.java:50) ~[commons-io-2.18.0.jar:2.18.0]
	at org.apache.commons.io.function.IOStream.forAll(IOStream.java:357) ~[commons-io-2.18.0.jar:2.18.0]
	at org.apache.commons.io.function.IOStreams.forAll(IOStreams.java:42) ~[commons-io-2.18.0.jar:2.18.0]
	at org.apache.commons.io.function.IOStreams.forAll(IOStreams.java:36) ~[commons-io-2.18.0.jar:2.18.0]
	at org.apache.commons.io.function.IOConsumer.forAll(IOConsumer.java:80) ~[commons-io-2.18.0.jar:2.18.0]
	at org.apache.commons.io.FileUtils.cleanDirectory(FileUtils.java:381) ~[commons-io-2.18.0.jar:2.18.0]
	at io.github.bonigarcia.wdm.WebDriverManager.clearDriverCache(WebDriverManager.java:825) ~[webdrivermanager-5.9.2.jar:?]
	at com.swaglabtest.utility.BrowserFactory.startApplication(BrowserFactory.java:23) ~[test-classes/:?]
	at com.swaglabtest.pages.BaseClass.setupClass(BaseClass.java:100) ~[test-classes/:?]
	at java.base/jdk.internal.reflect.DirectMethodHandleAccessor.invoke(DirectMethodHandleAccessor.java:103) ~[?:?]
	at java.base/java.lang.reflect.Method.invoke(Method.java:580) ~[?:?]
	at org.testng.internal.invokers.MethodInvocationHelper.invokeMethod(MethodInvocationHelper.java:141) ~[testng-7.10.1.jar:7.10.1]
	at org.testng.internal.invokers.MethodInvocationHelper.invokeMethodConsideringTimeout(MethodInvocationHelper.java:71) ~[testng-7.10.1.jar:7.10.1]
	at org.testng.internal.invokers.ConfigInvoker.invokeConfigurationMethod(ConfigInvoker.java:400) ~[testng-7.10.1.jar:7.10.1]
	at org.testng.internal.invokers.ConfigInvoker.invokeConfigurations(ConfigInvoker.java:333) ~[testng-7.10.1.jar:7.10.1]
	at org.testng.internal.invokers.TestMethodWorker.invokeBeforeClassMethods(TestMethodWorker.java:188) ~[testng-7.10.1.jar:7.10.1]
	at org.testng.internal.invokers.TestMethodWorker.run(TestMethodWorker.java:128) ~[testng-7.10.1.jar:7.10.1]
	at java.base/java.util.ArrayList.forEach(ArrayList.java:1597) [?:?]
	at org.testng.TestRunner.privateRun(TestRunner.java:739) [testng-7.10.1.jar:7.10.1]
	at org.testng.TestRunner.run(TestRunner.java:614) [testng-7.10.1.jar:7.10.1]
	at org.testng.SuiteRunner.runTest(SuiteRunner.java:421) [testng-7.10.1.jar:7.10.1]
	at org.testng.SuiteRunner.runSequentially(SuiteRunner.java:413) [testng-7.10.1.jar:7.10.1]
	at org.testng.SuiteRunner.privateRun(SuiteRunner.java:373) [testng-7.10.1.jar:7.10.1]
	at org.testng.SuiteRunner.run(SuiteRunner.java:312) [testng-7.10.1.jar:7.10.1]
	at org.testng.SuiteRunnerWorker.runSuite(SuiteRunnerWorker.java:52) [testng-7.10.1.jar:7.10.1]
	at org.testng.SuiteRunnerWorker.run(SuiteRunnerWorker.java:95) [testng-7.10.1.jar:7.10.1]
	at org.testng.TestNG.runSuitesSequentially(TestNG.java:1274) [testng-7.10.1.jar:7.10.1]
	at org.testng.TestNG.runSuitesLocally(TestNG.java:1208) [testng-7.10.1.jar:7.10.1]
	at org.testng.TestNG.runSuites(TestNG.java:1112) [testng-7.10.1.jar:7.10.1]
	at org.testng.TestNG.run(TestNG.java:1079) [testng-7.10.1.jar:7.10.1]
	at org.testng.remote.AbstractRemoteTestNG.run(AbstractRemoteTestNG.java:115) [testng-remote.jar:?]
	at org.testng.remote.RemoteTestNG.initAndRun(RemoteTestNG.java:293) [testng-remote.jar:?]
	at org.testng.remote.RemoteTestNG.main(RemoteTestNG.java:91) [testng-remote.jar:?]
Caused by: org.apache.commons.io.IOIndexedException: IOException #1: Cannot delete file: C:\Users\STZ\.cache\selenium\geckodriver
	at org.apache.commons.io.function.IOStream.lambda$forAll$11(IOStream.java:352) ~[commons-io-2.18.0.jar:2.18.0]
	at java.base/java.util.Spliterators$ArraySpliterator.forEachRemaining(Spliterators.java:1024) ~[?:?]
	at java.base/java.util.stream.ReferencePipeline$Head.forEach(ReferencePipeline.java:782) ~[?:?]
	at org.apache.commons.io.function.IOStream.forAll(IOStream.java:343) ~[commons-io-2.18.0.jar:2.18.0]
	... 31 more
Caused by: java.io.IOException: Cannot delete file: C:\Users\STZ\.cache\selenium\geckodriver
	at org.apache.commons.io.FileUtils.forceDelete(FileUtils.java:1428) ~[commons-io-2.18.0.jar:2.18.0]
	at org.apache.commons.io.FileUtils.lambda$cleanDirectory$0(FileUtils.java:381) ~[commons-io-2.18.0.jar:2.18.0]
	at org.apache.commons.io.function.IOStream.lambda$forAll$11(IOStream.java:345) ~[commons-io-2.18.0.jar:2.18.0]
	at java.base/java.util.Spliterators$ArraySpliterator.forEachRemaining(Spliterators.java:1024) ~[?:?]
	at java.base/java.util.stream.ReferencePipeline$Head.forEach(ReferencePipeline.java:782) ~[?:?]
	at org.apache.commons.io.function.IOStream.forAll(IOStream.java:343) ~[commons-io-2.18.0.jar:2.18.0]
	... 31 more
Caused by: java.nio.file.AccessDeniedException: C:\Users\STZ\.cache\selenium\geckodriver\win64\0.37.1\geckodriver.exe
	at java.base/sun.nio.fs.WindowsException.translateToIOException(WindowsException.java:89) ~[?:?]
	at java.base/sun.nio.fs.WindowsException.rethrowAsIOException(WindowsException.java:103) ~[?:?]
	at java.base/sun.nio.fs.WindowsException.rethrowAsIOException(WindowsException.java:108) ~[?:?]
	at java.base/sun.nio.fs.WindowsFileSystemProvider.implDelete(WindowsFileSystemProvider.java:273) ~[?:?]
	at java.base/sun.nio.fs.AbstractFileSystemProvider.deleteIfExists(AbstractFileSystemProvider.java:109) ~[?:?]
	at java.base/java.nio.file.Files.deleteIfExists(Files.java:1191) ~[?:?]
	at org.apache.commons.io.file.DeletingPathVisitor.visitFile(DeletingPathVisitor.java:159) ~[commons-io-2.18.0.jar:2.18.0]
	at org.apache.commons.io.file.DeletingPathVisitor.visitFile(DeletingPathVisitor.java:37) ~[commons-io-2.18.0.jar:2.18.0]
	at java.base/java.nio.file.Files.walkFileTree(Files.java:2791) ~[?:?]
	at java.base/java.nio.file.Files.walkFileTree(Files.java:2862) ~[?:?]
	at org.apache.commons.io.file.PathUtils.visitFileTree(PathUtils.java:1730) ~[commons-io-2.18.0.jar:2.18.0]
	at org.apache.commons.io.file.PathUtils.deleteDirectory(PathUtils.java:518) ~[commons-io-2.18.0.jar:2.18.0]
	at org.apache.commons.io.file.PathUtils.delete(PathUtils.java:477) ~[commons-io-2.18.0.jar:2.18.0]
	at org.apache.commons.io.FileUtils.forceDelete(FileUtils.java:1421) ~[commons-io-2.18.0.jar:2.18.0]
	at org.apache.commons.io.FileUtils.lambda$cleanDirectory$0(FileUtils.java:381) ~[commons-io-2.18.0.jar:2.18.0]
	at org.apache.commons.io.function.IOStream.lambda$forAll$11(IOStream.java:345) ~[commons-io-2.18.0.jar:2.18.0]
	at java.base/java.util.Spliterators$ArraySpliterator.forEachRemaining(Spliterators.java:1024) ~[?:?]
	at java.base/java.util.stream.ReferencePipeline$Head.forEach(ReferencePipeline.java:782) ~[?:?]
	at org.apache.commons.io.function.IOStream.forAll(IOStream.java:343) ~[commons-io-2.18.0.jar:2.18.0]
	... 31 more
2026-09-02 19:51:22 [main] INFO  io.github.bonigarcia.wdm.WebDriverManager - Using chromedriver 151.0.7922.138 (resolved driver for Chrome 151)
2026-09-02 19:51:22 [main] INFO  io.github.bonigarcia.wdm.online.Downloader - Downloading https://storage.googleapis.com/chrome-for-testing-public/151.0.7922.138/win64/chromedriver-win64.zip
2026-09-02 19:51:31 [main] INFO  io.github.bonigarcia.wdm.online.Downloader - Extracting driver from compressed file chromedriver-win64.zip
2026-09-02 19:51:31 [main] INFO  io.github.bonigarcia.wdm.WebDriverManager - Exporting webdriver.chrome.driver as C:\Users\STZ\.cache\selenium\chromedriver\win64\151.0.7922.138\chromedriver.exe
2026-09-02 19:51:34 [main] INFO  com.swaglabtest.pages.BaseClass - Browser initialized successfully: chrome
2026-09-02 19:51:34 [main] INFO  com.swaglabtest.pages.BaseClass - Test started: newPurchasing
2026-09-02 19:52:07 [main] INFO  com.swaglabtest.pages.BaseClass - Test Passed: newPurchasing
2026-09-02 19:52:07 [main] INFO  com.swaglabtest.pages.BaseClass - Test started: sortOrderAscending
2026-09-02 19:52:07 [main] INFO  com.swaglabtest.pages.BaseClass - Test Passed: sortOrderAscending
2026-09-02 19:52:07 [main] INFO  com.swaglabtest.pages.BaseClass - Test started: sortOrderDescending
2026-09-02 19:52:07 [main] INFO  com.swaglabtest.pages.BaseClass - Test Passed: sortOrderDescending
2026-09-02 19:52:07 [main] INFO  com.swaglabtest.pages.BaseClass - Test started: lowerToHighPriceListDown
2026-09-02 19:52:08 [main] INFO  com.swaglabtest.pages.BaseClass - Test Passed: lowerToHighPriceListDown
2026-09-02 19:52:08 [main] INFO  com.swaglabtest.pages.BaseClass - Test started: highToLowerPriceListDown
2026-09-02 19:52:08 [main] INFO  com.swaglabtest.pages.BaseClass - Test Passed: highToLowerPriceListDown
2026-09-02 19:52:08 [main] INFO  com.swaglabtest.pages.BaseClass - Browser closed for class
2026-09-02 19:52:08 [main] INFO  com.swaglabtest.pages.BaseClass - Initializing browser...
2026-09-02 19:52:08 [main] INFO  com.swaglabtest.pages.BaseClass - Browser selected: chrome
2026-09-02 19:52:08 [main] WARN  io.github.bonigarcia.wdm.WebDriverManager - Exception deleting driver cache at C:\Users\STZ\.cache\selenium
org.apache.commons.io.IOExceptionList: 1 exception(s): [org.apache.commons.io.IOIndexedException: IOException #1: Cannot delete file: C:\Users\STZ\.cache\selenium\geckodriver]
	at org.apache.commons.io.IOExceptionList.checkEmpty(IOExceptionList.java:50) ~[commons-io-2.18.0.jar:2.18.0]
	at org.apache.commons.io.function.IOStream.forAll(IOStream.java:357) ~[commons-io-2.18.0.jar:2.18.0]
	at org.apache.commons.io.function.IOStreams.forAll(IOStreams.java:42) ~[commons-io-2.18.0.jar:2.18.0]
	at org.apache.commons.io.function.IOStreams.forAll(IOStreams.java:36) ~[commons-io-2.18.0.jar:2.18.0]
	at org.apache.commons.io.function.IOConsumer.forAll(IOConsumer.java:80) ~[commons-io-2.18.0.jar:2.18.0]
	at org.apache.commons.io.FileUtils.cleanDirectory(FileUtils.java:381) ~[commons-io-2.18.0.jar:2.18.0]
	at io.github.bonigarcia.wdm.WebDriverManager.clearDriverCache(WebDriverManager.java:825) ~[webdrivermanager-5.9.2.jar:?]
	at com.swaglabtest.utility.BrowserFactory.startApplication(BrowserFactory.java:23) ~[test-classes/:?]
	at com.swaglabtest.pages.BaseClass.setupClass(BaseClass.java:100) ~[test-classes/:?]
	at java.base/jdk.internal.reflect.DirectMethodHandleAccessor.invoke(DirectMethodHandleAccessor.java:103) ~[?:?]
	at java.base/java.lang.reflect.Method.invoke(Method.java:580) ~[?:?]
	at org.testng.internal.invokers.MethodInvocationHelper.invokeMethod(MethodInvocationHelper.java:141) ~[testng-7.10.1.jar:7.10.1]
	at org.testng.internal.invokers.MethodInvocationHelper.invokeMethodConsideringTimeout(MethodInvocationHelper.java:71) ~[testng-7.10.1.jar:7.10.1]
	at org.testng.internal.invokers.ConfigInvoker.invokeConfigurationMethod(ConfigInvoker.java:400) ~[testng-7.10.1.jar:7.10.1]
	at org.testng.internal.invokers.ConfigInvoker.invokeConfigurations(ConfigInvoker.java:333) ~[testng-7.10.1.jar:7.10.1]
	at org.testng.internal.invokers.TestMethodWorker.invokeBeforeClassMethods(TestMethodWorker.java:188) ~[testng-7.10.1.jar:7.10.1]
	at org.testng.internal.invokers.TestMethodWorker.run(TestMethodWorker.java:128) ~[testng-7.10.1.jar:7.10.1]
	at java.base/java.util.ArrayList.forEach(ArrayList.java:1597) [?:?]
	at org.testng.TestRunner.privateRun(TestRunner.java:739) [testng-7.10.1.jar:7.10.1]
	at org.testng.TestRunner.run(TestRunner.java:614) [testng-7.10.1.jar:7.10.1]
	at org.testng.SuiteRunner.runTest(SuiteRunner.java:421) [testng-7.10.1.jar:7.10.1]
	at org.testng.SuiteRunner.runSequentially(SuiteRunner.java:413) [testng-7.10.1.jar:7.10.1]
	at org.testng.SuiteRunner.privateRun(SuiteRunner.java:373) [testng-7.10.1.jar:7.10.1]
	at org.testng.SuiteRunner.run(SuiteRunner.java:312) [testng-7.10.1.jar:7.10.1]
	at org.testng.SuiteRunnerWorker.runSuite(SuiteRunnerWorker.java:52) [testng-7.10.1.jar:7.10.1]
	at org.testng.SuiteRunnerWorker.run(SuiteRunnerWorker.java:95) [testng-7.10.1.jar:7.10.1]
	at org.testng.TestNG.runSuitesSequentially(TestNG.java:1274) [testng-7.10.1.jar:7.10.1]
	at org.testng.TestNG.runSuitesLocally(TestNG.java:1208) [testng-7.10.1.jar:7.10.1]
	at org.testng.TestNG.runSuites(TestNG.java:1112) [testng-7.10.1.jar:7.10.1]
	at org.testng.TestNG.run(TestNG.java:1079) [testng-7.10.1.jar:7.10.1]
	at org.testng.remote.AbstractRemoteTestNG.run(AbstractRemoteTestNG.java:115) [testng-remote.jar:?]
	at org.testng.remote.RemoteTestNG.initAndRun(RemoteTestNG.java:293) [testng-remote.jar:?]
	at org.testng.remote.RemoteTestNG.main(RemoteTestNG.java:91) [testng-remote.jar:?]
Caused by: org.apache.commons.io.IOIndexedException: IOException #1: Cannot delete file: C:\Users\STZ\.cache\selenium\geckodriver
	at org.apache.commons.io.function.IOStream.lambda$forAll$11(IOStream.java:352) ~[commons-io-2.18.0.jar:2.18.0]
	at java.base/java.util.Spliterators$ArraySpliterator.forEachRemaining(Spliterators.java:1024) ~[?:?]
	at java.base/java.util.stream.ReferencePipeline$Head.forEach(ReferencePipeline.java:782) ~[?:?]
	at org.apache.commons.io.function.IOStream.forAll(IOStream.java:343) ~[commons-io-2.18.0.jar:2.18.0]
	... 31 more
Caused by: java.io.IOException: Cannot delete file: C:\Users\STZ\.cache\selenium\geckodriver
	at org.apache.commons.io.FileUtils.forceDelete(FileUtils.java:1428) ~[commons-io-2.18.0.jar:2.18.0]
	at org.apache.commons.io.FileUtils.lambda$cleanDirectory$0(FileUtils.java:381) ~[commons-io-2.18.0.jar:2.18.0]
	at org.apache.commons.io.function.IOStream.lambda$forAll$11(IOStream.java:345) ~[commons-io-2.18.0.jar:2.18.0]
	at java.base/java.util.Spliterators$ArraySpliterator.forEachRemaining(Spliterators.java:1024) ~[?:?]
	at java.base/java.util.stream.ReferencePipeline$Head.forEach(ReferencePipeline.java:782) ~[?:?]
	at org.apache.commons.io.function.IOStream.forAll(IOStream.java:343) ~[commons-io-2.18.0.jar:2.18.0]
	... 31 more
Caused by: java.nio.file.AccessDeniedException: C:\Users\STZ\.cache\selenium\geckodriver\win64\0.37.1\geckodriver.exe
	at java.base/sun.nio.fs.WindowsException.translateToIOException(WindowsException.java:89) ~[?:?]
	at java.base/sun.nio.fs.WindowsException.rethrowAsIOException(WindowsException.java:103) ~[?:?]
	at java.base/sun.nio.fs.WindowsException.rethrowAsIOException(WindowsException.java:108) ~[?:?]
	at java.base/sun.nio.fs.WindowsFileSystemProvider.implDelete(WindowsFileSystemProvider.java:273) ~[?:?]
	at java.base/sun.nio.fs.AbstractFileSystemProvider.deleteIfExists(AbstractFileSystemProvider.java:109) ~[?:?]
	at java.base/java.nio.file.Files.deleteIfExists(Files.java:1191) ~[?:?]
	at org.apache.commons.io.file.DeletingPathVisitor.visitFile(DeletingPathVisitor.java:159) ~[commons-io-2.18.0.jar:2.18.0]
	at org.apache.commons.io.file.DeletingPathVisitor.visitFile(DeletingPathVisitor.java:37) ~[commons-io-2.18.0.jar:2.18.0]
	at java.base/java.nio.file.Files.walkFileTree(Files.java:2791) ~[?:?]
	at java.base/java.nio.file.Files.walkFileTree(Files.java:2862) ~[?:?]
	at org.apache.commons.io.file.PathUtils.visitFileTree(PathUtils.java:1730) ~[commons-io-2.18.0.jar:2.18.0]
	at org.apache.commons.io.file.PathUtils.deleteDirectory(PathUtils.java:518) ~[commons-io-2.18.0.jar:2.18.0]
	at org.apache.commons.io.file.PathUtils.delete(PathUtils.java:477) ~[commons-io-2.18.0.jar:2.18.0]
	at org.apache.commons.io.FileUtils.forceDelete(FileUtils.java:1421) ~[commons-io-2.18.0.jar:2.18.0]
	at org.apache.commons.io.FileUtils.lambda$cleanDirectory$0(FileUtils.java:381) ~[commons-io-2.18.0.jar:2.18.0]
	at org.apache.commons.io.function.IOStream.lambda$forAll$11(IOStream.java:345) ~[commons-io-2.18.0.jar:2.18.0]
	at java.base/java.util.Spliterators$ArraySpliterator.forEachRemaining(Spliterators.java:1024) ~[?:?]
	at java.base/java.util.stream.ReferencePipeline$Head.forEach(ReferencePipeline.java:782) ~[?:?]
	at org.apache.commons.io.function.IOStream.forAll(IOStream.java:343) ~[commons-io-2.18.0.jar:2.18.0]
	... 31 more
2026-09-02 19:52:09 [main] INFO  io.github.bonigarcia.wdm.WebDriverManager - Using chromedriver 151.0.7922.138 (resolved driver for Chrome 151)
2026-09-02 19:52:09 [main] INFO  io.github.bonigarcia.wdm.online.Downloader - Downloading https://storage.googleapis.com/chrome-for-testing-public/151.0.7922.138/win64/chromedriver-win64.zip
2026-09-02 19:52:16 [main] INFO  io.github.bonigarcia.wdm.online.Downloader - Extracting driver from compressed file chromedriver-win64.zip
2026-09-02 19:52:16 [main] INFO  io.github.bonigarcia.wdm.WebDriverManager - Exporting webdriver.chrome.driver as C:\Users\STZ\.cache\selenium\chromedriver\win64\151.0.7922.138\chromedriver.exe
2026-09-02 19:52:19 [main] INFO  com.swaglabtest.pages.BaseClass - Browser initialized successfully: chrome
2026-09-02 19:52:19 [main] INFO  com.swaglabtest.pages.BaseClass - Test started: brokenLinkTestLoginPage
2026-09-02 19:52:20 [main] INFO  com.swaglabtest.pages.BaseClass - Test Passed: brokenLinkTestLoginPage
2026-09-02 19:52:20 [main] INFO  com.swaglabtest.pages.BaseClass - Test started: brokenLinkTestPurchasePage
2026-09-02 19:52:21 [main] INFO  com.swaglabtest.pages.BaseClass - Test Passed: brokenLinkTestPurchasePage
2026-09-02 19:52:21 [main] INFO  com.swaglabtest.pages.BaseClass - Browser closed for class
2026-09-02 19:52:21 [main] INFO  com.swaglabtest.pages.BaseClass - Initializing browser...
2026-09-02 19:52:21 [main] INFO  com.swaglabtest.pages.BaseClass - Browser selected: chrome
2026-09-02 19:52:21 [main] WARN  io.github.bonigarcia.wdm.WebDriverManager - Exception deleting driver cache at C:\Users\STZ\.cache\selenium
org.apache.commons.io.IOExceptionList: 1 exception(s): [org.apache.commons.io.IOIndexedException: IOException #1: Cannot delete file: C:\Users\STZ\.cache\selenium\geckodriver]
	at org.apache.commons.io.IOExceptionList.checkEmpty(IOExceptionList.java:50) ~[commons-io-2.18.0.jar:2.18.0]
	at org.apache.commons.io.function.IOStream.forAll(IOStream.java:357) ~[commons-io-2.18.0.jar:2.18.0]
	at org.apache.commons.io.function.IOStreams.forAll(IOStreams.java:42) ~[commons-io-2.18.0.jar:2.18.0]
	at org.apache.commons.io.function.IOStreams.forAll(IOStreams.java:36) ~[commons-io-2.18.0.jar:2.18.0]
	at org.apache.commons.io.function.IOConsumer.forAll(IOConsumer.java:80) ~[commons-io-2.18.0.jar:2.18.0]
	at org.apache.commons.io.FileUtils.cleanDirectory(FileUtils.java:381) ~[commons-io-2.18.0.jar:2.18.0]
	at io.github.bonigarcia.wdm.WebDriverManager.clearDriverCache(WebDriverManager.java:825) ~[webdrivermanager-5.9.2.jar:?]
	at com.swaglabtest.utility.BrowserFactory.startApplication(BrowserFactory.java:23) ~[test-classes/:?]
	at com.swaglabtest.pages.BaseClass.setupClass(BaseClass.java:100) ~[test-classes/:?]
	at java.base/jdk.internal.reflect.DirectMethodHandleAccessor.invoke(DirectMethodHandleAccessor.java:103) ~[?:?]
	at java.base/java.lang.reflect.Method.invoke(Method.java:580) ~[?:?]
	at org.testng.internal.invokers.MethodInvocationHelper.invokeMethod(MethodInvocationHelper.java:141) ~[testng-7.10.1.jar:7.10.1]
	at org.testng.internal.invokers.MethodInvocationHelper.invokeMethodConsideringTimeout(MethodInvocationHelper.java:71) ~[testng-7.10.1.jar:7.10.1]
	at org.testng.internal.invokers.ConfigInvoker.invokeConfigurationMethod(ConfigInvoker.java:400) ~[testng-7.10.1.jar:7.10.1]
	at org.testng.internal.invokers.ConfigInvoker.invokeConfigurations(ConfigInvoker.java:333) ~[testng-7.10.1.jar:7.10.1]
	at org.testng.internal.invokers.TestMethodWorker.invokeBeforeClassMethods(TestMethodWorker.java:188) ~[testng-7.10.1.jar:7.10.1]
	at org.testng.internal.invokers.TestMethodWorker.run(TestMethodWorker.java:128) ~[testng-7.10.1.jar:7.10.1]
	at java.base/java.util.ArrayList.forEach(ArrayList.java:1597) [?:?]
	at org.testng.TestRunner.privateRun(TestRunner.java:739) [testng-7.10.1.jar:7.10.1]
	at org.testng.TestRunner.run(TestRunner.java:614) [testng-7.10.1.jar:7.10.1]
	at org.testng.SuiteRunner.runTest(SuiteRunner.java:421) [testng-7.10.1.jar:7.10.1]
	at org.testng.SuiteRunner.runSequentially(SuiteRunner.java:413) [testng-7.10.1.jar:7.10.1]
	at org.testng.SuiteRunner.privateRun(SuiteRunner.java:373) [testng-7.10.1.jar:7.10.1]
	at org.testng.SuiteRunner.run(SuiteRunner.java:312) [testng-7.10.1.jar:7.10.1]
	at org.testng.SuiteRunnerWorker.runSuite(SuiteRunnerWorker.java:52) [testng-7.10.1.jar:7.10.1]
	at org.testng.SuiteRunnerWorker.run(SuiteRunnerWorker.java:95) [testng-7.10.1.jar:7.10.1]
	at org.testng.TestNG.runSuitesSequentially(TestNG.java:1274) [testng-7.10.1.jar:7.10.1]
	at org.testng.TestNG.runSuitesLocally(TestNG.java:1208) [testng-7.10.1.jar:7.10.1]
	at org.testng.TestNG.runSuites(TestNG.java:1112) [testng-7.10.1.jar:7.10.1]
	at org.testng.TestNG.run(TestNG.java:1079) [testng-7.10.1.jar:7.10.1]
	at org.testng.remote.AbstractRemoteTestNG.run(AbstractRemoteTestNG.java:115) [testng-remote.jar:?]
	at org.testng.remote.RemoteTestNG.initAndRun(RemoteTestNG.java:293) [testng-remote.jar:?]
	at org.testng.remote.RemoteTestNG.main(RemoteTestNG.java:91) [testng-remote.jar:?]
Caused by: org.apache.commons.io.IOIndexedException: IOException #1: Cannot delete file: C:\Users\STZ\.cache\selenium\geckodriver
	at org.apache.commons.io.function.IOStream.lambda$forAll$11(IOStream.java:352) ~[commons-io-2.18.0.jar:2.18.0]
	at java.base/java.util.Spliterators$ArraySpliterator.forEachRemaining(Spliterators.java:1024) ~[?:?]
	at java.base/java.util.stream.ReferencePipeline$Head.forEach(ReferencePipeline.java:782) ~[?:?]
	at org.apache.commons.io.function.IOStream.forAll(IOStream.java:343) ~[commons-io-2.18.0.jar:2.18.0]
	... 31 more
Caused by: java.io.IOException: Cannot delete file: C:\Users\STZ\.cache\selenium\geckodriver
	at org.apache.commons.io.FileUtils.forceDelete(FileUtils.java:1428) ~[commons-io-2.18.0.jar:2.18.0]
	at org.apache.commons.io.FileUtils.lambda$cleanDirectory$0(FileUtils.java:381) ~[commons-io-2.18.0.jar:2.18.0]
	at org.apache.commons.io.function.IOStream.lambda$forAll$11(IOStream.java:345) ~[commons-io-2.18.0.jar:2.18.0]
	at java.base/java.util.Spliterators$ArraySpliterator.forEachRemaining(Spliterators.java:1024) ~[?:?]
	at java.base/java.util.stream.ReferencePipeline$Head.forEach(ReferencePipeline.java:782) ~[?:?]
	at org.apache.commons.io.function.IOStream.forAll(IOStream.java:343) ~[commons-io-2.18.0.jar:2.18.0]
	... 31 more
Caused by: java.nio.file.AccessDeniedException: C:\Users\STZ\.cache\selenium\geckodriver\win64\0.37.1\geckodriver.exe
	at java.base/sun.nio.fs.WindowsException.translateToIOException(WindowsException.java:89) ~[?:?]
	at java.base/sun.nio.fs.WindowsException.rethrowAsIOException(WindowsException.java:103) ~[?:?]
	at java.base/sun.nio.fs.WindowsException.rethrowAsIOException(WindowsException.java:108) ~[?:?]
	at java.base/sun.nio.fs.WindowsFileSystemProvider.implDelete(WindowsFileSystemProvider.java:273) ~[?:?]
	at java.base/sun.nio.fs.AbstractFileSystemProvider.deleteIfExists(AbstractFileSystemProvider.java:109) ~[?:?]
	at java.base/java.nio.file.Files.deleteIfExists(Files.java:1191) ~[?:?]
	at org.apache.commons.io.file.DeletingPathVisitor.visitFile(DeletingPathVisitor.java:159) ~[commons-io-2.18.0.jar:2.18.0]
	at org.apache.commons.io.file.DeletingPathVisitor.visitFile(DeletingPathVisitor.java:37) ~[commons-io-2.18.0.jar:2.18.0]
	at java.base/java.nio.file.Files.walkFileTree(Files.java:2791) ~[?:?]
	at java.base/java.nio.file.Files.walkFileTree(Files.java:2862) ~[?:?]
	at org.apache.commons.io.file.PathUtils.visitFileTree(PathUtils.java:1730) ~[commons-io-2.18.0.jar:2.18.0]
	at org.apache.commons.io.file.PathUtils.deleteDirectory(PathUtils.java:518) ~[commons-io-2.18.0.jar:2.18.0]
	at org.apache.commons.io.file.PathUtils.delete(PathUtils.java:477) ~[commons-io-2.18.0.jar:2.18.0]
	at org.apache.commons.io.FileUtils.forceDelete(FileUtils.java:1421) ~[commons-io-2.18.0.jar:2.18.0]
	at org.apache.commons.io.FileUtils.lambda$cleanDirectory$0(FileUtils.java:381) ~[commons-io-2.18.0.jar:2.18.0]
	at org.apache.commons.io.function.IOStream.lambda$forAll$11(IOStream.java:345) ~[commons-io-2.18.0.jar:2.18.0]
	at java.base/java.util.Spliterators$ArraySpliterator.forEachRemaining(Spliterators.java:1024) ~[?:?]
	at java.base/java.util.stream.ReferencePipeline$Head.forEach(ReferencePipeline.java:782) ~[?:?]
	at org.apache.commons.io.function.IOStream.forAll(IOStream.java:343) ~[commons-io-2.18.0.jar:2.18.0]
	... 31 more
2026-09-02 19:52:22 [main] INFO  io.github.bonigarcia.wdm.WebDriverManager - Using chromedriver 151.0.7922.138 (resolved driver for Chrome 151)
2026-09-02 19:52:22 [main] INFO  io.github.bonigarcia.wdm.online.Downloader - Downloading https://storage.googleapis.com/chrome-for-testing-public/151.0.7922.138/win64/chromedriver-win64.zip
2026-09-02 19:52:30 [main] INFO  io.github.bonigarcia.wdm.online.Downloader - Extracting driver from compressed file chromedriver-win64.zip
2026-09-02 19:52:30 [main] INFO  io.github.bonigarcia.wdm.WebDriverManager - Exporting webdriver.chrome.driver as C:\Users\STZ\.cache\selenium\chromedriver\win64\151.0.7922.138\chromedriver.exe
2026-09-02 19:52:33 [main] INFO  com.swaglabtest.pages.BaseClass - Browser initialized successfully: chrome
2026-09-02 19:52:33 [main] INFO  com.swaglabtest.pages.BaseClass - Test started: VerifyWithoutLogin
2026-09-02 19:52:33 [main] INFO  com.swaglabtest.pages.BaseClass - Test Passed: VerifyWithoutLogin
2026-09-02 19:52:33 [main] INFO  com.swaglabtest.pages.BaseClass - Test started: checkLogoutUser
2026-09-02 19:52:34 [main] INFO  com.swaglabtest.pages.BaseClass - Test Passed: checkLogoutUser
2026-09-02 19:52:34 [main] INFO  com.swaglabtest.pages.BaseClass - Browser closed for class
2026-09-02 19:52:34 [main] INFO  com.swaglabtest.pages.BaseClass - Initializing browser...
2026-09-02 19:52:34 [main] INFO  com.swaglabtest.pages.BaseClass - Browser selected: firefox
2026-09-02 19:52:35 [main] INFO  io.github.bonigarcia.wdm.WebDriverManager - Using geckodriver 0.37.1 (resolved driver for Firefox 153)
2026-09-02 19:52:35 [main] INFO  io.github.bonigarcia.wdm.WebDriverManager - Exporting webdriver.gecko.driver as C:\Users\STZ\.cache\selenium\geckodriver\win64\0.37.1\geckodriver.exe
2026-09-02 19:52:40 [main] INFO  com.swaglabtest.pages.BaseClass - Browser initialized successfully: firefox
2026-09-02 19:52:40 [main] INFO  com.swaglabtest.pages.BaseClass - Test started: UserLogingWithCredentials
2026-09-02 19:52:40 [main] INFO  com.swaglabtest.pages.BaseClass - Test Passed: UserLogingWithCredentials
2026-09-02 19:52:42 [main] INFO  com.swaglabtest.pages.BaseClass - Browser closed for class
2026-09-02 19:52:42 [main] INFO  com.swaglabtest.pages.BaseClass - Initializing browser...
2026-09-02 19:52:42 [main] INFO  com.swaglabtest.pages.BaseClass - Browser selected: firefox
2026-09-02 19:52:42 [main] INFO  io.github.bonigarcia.wdm.WebDriverManager - Using geckodriver 0.37.1 (resolved driver for Firefox 153)
2026-09-02 19:52:42 [main] INFO  io.github.bonigarcia.wdm.WebDriverManager - Exporting webdriver.gecko.driver as C:\Users\STZ\.cache\selenium\geckodriver\win64\0.37.1\geckodriver.exe
2026-09-02 19:52:47 [main] INFO  com.swaglabtest.pages.BaseClass - Browser initialized successfully: firefox
2026-09-02 19:52:47 [main] INFO  com.swaglabtest.pages.BaseClass - Test started: newPurchasing
2026-09-02 19:53:20 [main] INFO  com.swaglabtest.pages.BaseClass - Test Passed: newPurchasing
2026-09-02 19:53:20 [main] INFO  com.swaglabtest.pages.BaseClass - Test started: sortOrderAscending
2026-09-02 19:53:20 [main] INFO  com.swaglabtest.pages.BaseClass - Test Passed: sortOrderAscending
2026-09-02 19:53:20 [main] INFO  com.swaglabtest.pages.BaseClass - Test started: sortOrderDescending
2026-09-02 19:53:21 [main] INFO  com.swaglabtest.pages.BaseClass - Test Passed: sortOrderDescending
2026-09-02 19:53:21 [main] INFO  com.swaglabtest.pages.BaseClass - Test started: lowerToHighPriceListDown
2026-09-02 19:53:21 [main] INFO  com.swaglabtest.pages.BaseClass - Test Passed: lowerToHighPriceListDown
2026-09-02 19:53:21 [main] INFO  com.swaglabtest.pages.BaseClass - Test started: highToLowerPriceListDown
2026-09-02 19:53:21 [main] INFO  com.swaglabtest.pages.BaseClass - Test Passed: highToLowerPriceListDown
2026-09-02 19:53:22 [main] INFO  com.swaglabtest.pages.BaseClass - Browser closed for class
2026-09-02 19:53:22 [main] INFO  com.swaglabtest.pages.BaseClass - Initializing browser...
2026-09-02 19:53:22 [main] INFO  com.swaglabtest.pages.BaseClass - Browser selected: firefox
2026-09-02 19:53:22 [main] INFO  io.github.bonigarcia.wdm.WebDriverManager - Using geckodriver 0.37.1 (resolved driver for Firefox 153)
2026-09-02 19:53:22 [main] INFO  io.github.bonigarcia.wdm.WebDriverManager - Exporting webdriver.gecko.driver as C:\Users\STZ\.cache\selenium\geckodriver\win64\0.37.1\geckodriver.exe
2026-09-02 19:53:27 [main] INFO  com.swaglabtest.pages.BaseClass - Browser initialized successfully: firefox
2026-09-02 19:53:27 [main] INFO  com.swaglabtest.pages.BaseClass - Test started: brokenLinkTestLoginPage
2026-09-02 19:53:29 [main] INFO  com.swaglabtest.pages.BaseClass - Test Passed: brokenLinkTestLoginPage
2026-09-02 19:53:29 [main] INFO  com.swaglabtest.pages.BaseClass - Test started: brokenLinkTestPurchasePage
2026-09-02 19:53:31 [main] INFO  com.swaglabtest.pages.BaseClass - Test Passed: brokenLinkTestPurchasePage
2026-09-02 19:53:31 [main] INFO  com.swaglabtest.pages.BaseClass - Browser closed for class
2026-09-02 19:53:31 [main] INFO  com.swaglabtest.pages.BaseClass - Initializing browser...
2026-09-02 19:53:31 [main] INFO  com.swaglabtest.pages.BaseClass - Browser selected: firefox
2026-09-02 19:53:31 [main] INFO  io.github.bonigarcia.wdm.WebDriverManager - Using geckodriver 0.37.1 (resolved driver for Firefox 153)
2026-09-02 19:53:31 [main] INFO  io.github.bonigarcia.wdm.WebDriverManager - Exporting webdriver.gecko.driver as C:\Users\STZ\.cache\selenium\geckodriver\win64\0.37.1\geckodriver.exe
2026-09-02 19:53:37 [main] INFO  com.swaglabtest.pages.BaseClass - Browser initialized successfully: firefox
2026-09-02 19:53:37 [main] INFO  com.swaglabtest.pages.BaseClass - Test started: VerifyWithoutLogin
2026-09-02 19:53:38 [main] INFO  com.swaglabtest.pages.BaseClass - Test Passed: VerifyWithoutLogin
2026-09-02 19:53:38 [main] INFO  com.swaglabtest.pages.BaseClass - Test started: checkLogoutUser
2026-09-02 19:53:38 [main] ERROR com.swaglabtest.pages.BaseClass - Test Failed: checkLogoutUser
org.openqa.selenium.ElementNotInteractableException: Element <a id="logout_sidebar_link" class="bm-item menu-item" href="#"> could not be scrolled into view
Build info: version: '4.24.0', revision: '748ffc9bc3'
System info: os.name: 'Windows 11', os.arch: 'amd64', os.version: '10.0', java.version: '22.0.1'
Driver info: org.openqa.selenium.firefox.FirefoxDriver
Command: [38ab9bbf-c1cf-4f6f-8474-81ae22740717, clickElement {id=aec5edf5-8d7d-4b5c-b7fc-4979219fdc30}]
Capabilities {acceptInsecureCerts: true, browserName: firefox, browserVersion: 153.0.4, moz:accessibilityChecks: false, moz:buildID: 20260810162159, moz:geckodriverVersion: 0.37.1, moz:headless: true, moz:platformVersion: 10.0, moz:processID: 13956, moz:profile: C:\Users\STZ\AppData\Local\..., moz:shutdownTimeout: 60000, moz:webdriverClick: true, moz:windowless: false, pageLoadStrategy: normal, platformName: windows, proxy: Proxy(), setWindowRect: true, strictFileInteractability: false, timeouts: {implicit: 0, pageLoad: 300000, script: 30000}, unhandledPromptBehavior: dismiss and notify, userAgent: Mozilla/5.0 (Windows NT 10....}
Element: [[FirefoxDriver: firefox on windows (38ab9bbf-c1cf-4f6f-8474-81ae22740717)] -> xpath: //a[@id="logout_sidebar_link"]]
Session ID: 38ab9bbf-c1cf-4f6f-8474-81ae22740717
	at java.base/jdk.internal.reflect.DirectConstructorHandleAccessor.newInstance(DirectConstructorHandleAccessor.java:62) ~[?:?]
	at java.base/java.lang.reflect.Constructor.newInstanceWithCaller(Constructor.java:502) ~[?:?]
	at java.base/java.lang.reflect.Constructor.newInstance(Constructor.java:486) ~[?:?]
	at org.openqa.selenium.remote.ErrorCodec.decode(ErrorCodec.java:167) ~[selenium-remote-driver-4.24.0.jar:?]
	at org.openqa.selenium.remote.codec.w3c.W3CHttpResponseCodec.decode(W3CHttpResponseCodec.java:138) ~[selenium-remote-driver-4.24.0.jar:?]
	at org.openqa.selenium.remote.codec.w3c.W3CHttpResponseCodec.decode(W3CHttpResponseCodec.java:50) ~[selenium-remote-driver-4.24.0.jar:?]
	at org.openqa.selenium.remote.HttpCommandExecutor.execute(HttpCommandExecutor.java:190) ~[selenium-remote-driver-4.24.0.jar:?]
	at org.openqa.selenium.remote.service.DriverCommandExecutor.invokeExecute(DriverCommandExecutor.java:216) ~[selenium-remote-driver-4.24.0.jar:?]
	at org.openqa.selenium.remote.service.DriverCommandExecutor.execute(DriverCommandExecutor.java:174) ~[selenium-remote-driver-4.24.0.jar:?]
	at org.openqa.selenium.remote.RemoteWebDriver.execute(RemoteWebDriver.java:545) ~[selenium-remote-driver-4.24.0.jar:?]
	at org.openqa.selenium.remote.RemoteWebElement.execute(RemoteWebElement.java:223) ~[selenium-remote-driver-4.24.0.jar:?]
	at org.openqa.selenium.remote.RemoteWebElement.click(RemoteWebElement.java:76) ~[selenium-remote-driver-4.24.0.jar:?]
	at com.swaglabtest.pages.ItemPurchase.clickLogoutButton(ItemPurchase.java:215) ~[test-classes/:?]
	at com.swaglabtest.testcases.SeccurityTest.checkLogoutUser(SeccurityTest.java:47) ~[test-classes/:?]
	at java.base/jdk.internal.reflect.DirectMethodHandleAccessor.invoke(DirectMethodHandleAccessor.java:103) ~[?:?]
	at java.base/java.lang.reflect.Method.invoke(Method.java:580) ~[?:?]
	at org.testng.internal.invokers.MethodInvocationHelper.invokeMethod(MethodInvocationHelper.java:141) ~[testng-7.10.1.jar:7.10.1]
	at org.testng.internal.invokers.TestInvoker.invokeMethod(TestInvoker.java:686) ~[testng-7.10.1.jar:7.10.1]
	at org.testng.internal.invokers.TestInvoker.invokeTestMethod(TestInvoker.java:230) ~[testng-7.10.1.jar:7.10.1]
	at org.testng.internal.invokers.MethodRunner.runInSequence(MethodRunner.java:63) ~[testng-7.10.1.jar:7.10.1]
	at org.testng.internal.invokers.TestInvoker$MethodInvocationAgent.invoke(TestInvoker.java:992) ~[testng-7.10.1.jar:7.10.1]
	at org.testng.internal.invokers.TestInvoker.invokeTestMethods(TestInvoker.java:203) ~[testng-7.10.1.jar:7.10.1]
	at org.testng.internal.invokers.TestMethodWorker.invokeTestMethods(TestMethodWorker.java:154) ~[testng-7.10.1.jar:7.10.1]
	at org.testng.internal.invokers.TestMethodWorker.run(TestMethodWorker.java:134) ~[testng-7.10.1.jar:7.10.1]
	at java.base/java.util.ArrayList.forEach(ArrayList.java:1597) [?:?]
	at org.testng.TestRunner.privateRun(TestRunner.java:739) [testng-7.10.1.jar:7.10.1]
	at org.testng.TestRunner.run(TestRunner.java:614) [testng-7.10.1.jar:7.10.1]
	at org.testng.SuiteRunner.runTest(SuiteRunner.java:421) [testng-7.10.1.jar:7.10.1]
	at org.testng.SuiteRunner.runSequentially(SuiteRunner.java:413) [testng-7.10.1.jar:7.10.1]
	at org.testng.SuiteRunner.privateRun(SuiteRunner.java:373) [testng-7.10.1.jar:7.10.1]
	at org.testng.SuiteRunner.run(SuiteRunner.java:312) [testng-7.10.1.jar:7.10.1]
	at org.testng.SuiteRunnerWorker.runSuite(SuiteRunnerWorker.java:52) [testng-7.10.1.jar:7.10.1]
	at org.testng.SuiteRunnerWorker.run(SuiteRunnerWorker.java:95) [testng-7.10.1.jar:7.10.1]
	at org.testng.TestNG.runSuitesSequentially(TestNG.java:1274) [testng-7.10.1.jar:7.10.1]
	at org.testng.TestNG.runSuitesLocally(TestNG.java:1208) [testng-7.10.1.jar:7.10.1]
	at org.testng.TestNG.runSuites(TestNG.java:1112) [testng-7.10.1.jar:7.10.1]
	at org.testng.TestNG.run(TestNG.java:1079) [testng-7.10.1.jar:7.10.1]
	at org.testng.remote.AbstractRemoteTestNG.run(AbstractRemoteTestNG.java:115) [testng-remote.jar:?]
	at org.testng.remote.RemoteTestNG.initAndRun(RemoteTestNG.java:293) [testng-remote.jar:?]
	at org.testng.remote.RemoteTestNG.main(RemoteTestNG.java:91) [testng-remote.jar:?]
2026-09-02 19:53:39 [main] INFO  com.swaglabtest.pages.BaseClass - Browser closed for class
2026-09-02 19:53:40 [main] INFO  com.swaglabtest.pages.BaseClass - Extent Report flushed
2026-09-02 20:04:08 [main] WARN  org.testng.TestNG - Ignoring duplicate listener : io.qameta.allure.testng.AllureTestNg
2026-09-02 20:04:08 [main] WARN  org.testng.TestNG - Ignoring duplicate listener : io.qameta.allure.testng.AllureTestNg
2026-09-02 20:04:08 [main] WARN  org.testng.TestNG - Ignoring duplicate listener : io.qameta.allure.testng.AllureTestNg
2026-09-02 20:04:09 [main] INFO  org.testng.internal.Utils - [TestNG] Running:
  C:\Users\STZ\EclipsWorkspace\NewSwagLab_Project\XMLFiles\testng.xml

2026-09-02 20:04:09 [main] INFO  com.swaglabtest.pages.BaseClass - Starting Test Suite setup...
2026-09-02 20:04:10 [main] INFO  com.swaglabtest.pages.BaseClass - ExcelDataProvider initialized
2026-09-02 20:04:10 [main] INFO  com.swaglabtest.pages.BaseClass - ConfigProvider initialized
2026-09-02 20:04:10 [main] INFO  com.swaglabtest.pages.BaseClass - Extent Reports XML configuration loaded
2026-09-02 20:04:11 [main] INFO  com.swaglabtest.pages.BaseClass - Extent Report initialized at: C:\Users\STZ\EclipsWorkspace\NewSwagLab_Project/Reports/AutomationReport.html
2026-09-02 20:04:11 [main] INFO  com.swaglabtest.pages.BaseClass - Initializing browser...
2026-09-02 20:04:11 [main] INFO  com.swaglabtest.pages.BaseClass - Browser selected: chrome
2026-09-02 20:04:14 [main] INFO  io.github.bonigarcia.wdm.WebDriverManager - Using chromedriver 151.0.7922.138 (resolved driver for Chrome 151)
2026-09-02 20:04:14 [main] INFO  io.github.bonigarcia.wdm.online.Downloader - Downloading https://storage.googleapis.com/chrome-for-testing-public/151.0.7922.138/win64/chromedriver-win64.zip
2026-09-02 20:04:22 [main] INFO  io.github.bonigarcia.wdm.online.Downloader - Extracting driver from compressed file chromedriver-win64.zip
2026-09-02 20:04:22 [main] INFO  io.github.bonigarcia.wdm.WebDriverManager - Exporting webdriver.chrome.driver as C:\Users\STZ\.cache\selenium\chromedriver\win64\151.0.7922.138\chromedriver.exe
2026-09-02 20:04:26 [main] INFO  com.swaglabtest.pages.BaseClass - Browser initialized successfully: chrome
2026-09-02 20:04:27 [main] INFO  com.swaglabtest.pages.BaseClass - Test started: UserLogingWithCredentials
2026-09-02 20:04:27 [main] INFO  com.swaglabtest.pages.BaseClass - Test Passed: UserLogingWithCredentials
2026-09-02 20:04:27 [main] INFO  com.swaglabtest.pages.BaseClass - Browser closed for class
2026-09-02 20:04:27 [main] INFO  com.swaglabtest.pages.BaseClass - Initializing browser...
2026-09-02 20:04:27 [main] INFO  com.swaglabtest.pages.BaseClass - Browser selected: chrome
2026-09-02 20:04:28 [main] INFO  io.github.bonigarcia.wdm.WebDriverManager - Using chromedriver 151.0.7922.138 (resolved driver for Chrome 151)
2026-09-02 20:04:28 [main] INFO  io.github.bonigarcia.wdm.online.Downloader - Downloading https://storage.googleapis.com/chrome-for-testing-public/151.0.7922.138/win64/chromedriver-win64.zip
2026-09-02 20:04:36 [main] INFO  io.github.bonigarcia.wdm.online.Downloader - Extracting driver from compressed file chromedriver-win64.zip
2026-09-02 20:04:36 [main] INFO  io.github.bonigarcia.wdm.WebDriverManager - Exporting webdriver.chrome.driver as C:\Users\STZ\.cache\selenium\chromedriver\win64\151.0.7922.138\chromedriver.exe
2026-09-02 20:04:39 [main] INFO  com.swaglabtest.pages.BaseClass - Browser initialized successfully: chrome
2026-09-02 20:04:39 [main] INFO  com.swaglabtest.pages.BaseClass - Test started: newPurchasing
2026-09-02 20:05:13 [main] INFO  com.swaglabtest.pages.BaseClass - Test Passed: newPurchasing
2026-09-02 20:05:13 [main] INFO  com.swaglabtest.pages.BaseClass - Test started: sortOrderAscending
2026-09-02 20:05:13 [main] INFO  com.swaglabtest.pages.BaseClass - Test Passed: sortOrderAscending
2026-09-02 20:05:13 [main] INFO  com.swaglabtest.pages.BaseClass - Test started: sortOrderDescending
2026-09-02 20:05:14 [main] INFO  com.swaglabtest.pages.BaseClass - Test Passed: sortOrderDescending
2026-09-02 20:05:14 [main] INFO  com.swaglabtest.pages.BaseClass - Test started: lowerToHighPriceListDown
2026-09-02 20:05:14 [main] INFO  com.swaglabtest.pages.BaseClass - Test Passed: lowerToHighPriceListDown
2026-09-02 20:05:14 [main] INFO  com.swaglabtest.pages.BaseClass - Test started: highToLowerPriceListDown
2026-09-02 20:05:14 [main] INFO  com.swaglabtest.pages.BaseClass - Test Passed: highToLowerPriceListDown
2026-09-02 20:05:15 [main] INFO  com.swaglabtest.pages.BaseClass - Browser closed for class
2026-09-02 20:05:15 [main] INFO  com.swaglabtest.pages.BaseClass - Initializing browser...
2026-09-02 20:05:15 [main] INFO  com.swaglabtest.pages.BaseClass - Browser selected: chrome
2026-09-02 20:05:16 [main] INFO  io.github.bonigarcia.wdm.WebDriverManager - Using chromedriver 151.0.7922.138 (resolved driver for Chrome 151)
2026-09-02 20:05:16 [main] INFO  io.github.bonigarcia.wdm.online.Downloader - Downloading https://storage.googleapis.com/chrome-for-testing-public/151.0.7922.138/win64/chromedriver-win64.zip
2026-09-02 20:05:23 [main] INFO  io.github.bonigarcia.wdm.online.Downloader - Extracting driver from compressed file chromedriver-win64.zip
2026-09-02 20:05:24 [main] INFO  io.github.bonigarcia.wdm.WebDriverManager - Exporting webdriver.chrome.driver as C:\Users\STZ\.cache\selenium\chromedriver\win64\151.0.7922.138\chromedriver.exe
2026-09-02 20:05:26 [main] INFO  com.swaglabtest.pages.BaseClass - Browser initialized successfully: chrome
2026-09-02 20:05:26 [main] INFO  com.swaglabtest.pages.BaseClass - Test started: brokenLinkTestLoginPage
2026-09-02 20:05:28 [main] INFO  com.swaglabtest.pages.BaseClass - Test Passed: brokenLinkTestLoginPage
2026-09-02 20:05:28 [main] INFO  com.swaglabtest.pages.BaseClass - Test started: brokenLinkTestPurchasePage
2026-09-02 20:05:29 [main] INFO  com.swaglabtest.pages.BaseClass - Test Passed: brokenLinkTestPurchasePage
2026-09-02 20:05:29 [main] INFO  com.swaglabtest.pages.BaseClass - Browser closed for class
2026-09-02 20:05:29 [main] INFO  com.swaglabtest.pages.BaseClass - Initializing browser...
2026-09-02 20:05:29 [main] INFO  com.swaglabtest.pages.BaseClass - Browser selected: chrome
2026-09-02 20:05:30 [main] INFO  io.github.bonigarcia.wdm.WebDriverManager - Using chromedriver 151.0.7922.138 (resolved driver for Chrome 151)
2026-09-02 20:05:30 [main] INFO  io.github.bonigarcia.wdm.online.Downloader - Downloading https://storage.googleapis.com/chrome-for-testing-public/151.0.7922.138/win64/chromedriver-win64.zip
2026-09-02 20:05:39 [main] INFO  io.github.bonigarcia.wdm.online.Downloader - Extracting driver from compressed file chromedriver-win64.zip
2026-09-02 20:05:40 [main] INFO  io.github.bonigarcia.wdm.WebDriverManager - Exporting webdriver.chrome.driver as C:\Users\STZ\.cache\selenium\chromedriver\win64\151.0.7922.138\chromedriver.exe
2026-09-02 20:05:42 [main] INFO  com.swaglabtest.pages.BaseClass - Browser initialized successfully: chrome
2026-09-02 20:05:42 [main] INFO  com.swaglabtest.pages.BaseClass - Test started: VerifyWithoutLogin
2026-09-02 20:05:42 [main] INFO  com.swaglabtest.pages.BaseClass - Test Passed: VerifyWithoutLogin
2026-09-02 20:05:42 [main] INFO  com.swaglabtest.pages.BaseClass - Test started: checkLogoutUser
2026-09-02 20:05:43 [main] INFO  com.swaglabtest.pages.BaseClass - Test Passed: checkLogoutUser
2026-09-02 20:05:43 [main] INFO  com.swaglabtest.pages.BaseClass - Browser closed for class
2026-09-02 20:05:43 [main] INFO  com.swaglabtest.pages.BaseClass - Initializing browser...
2026-09-02 20:05:43 [main] INFO  com.swaglabtest.pages.BaseClass - Browser selected: firefox
2026-09-02 20:05:44 [main] INFO  io.github.bonigarcia.wdm.WebDriverManager - Using geckodriver 0.37.1 (resolved driver for Firefox 153)
2026-09-02 20:05:44 [main] INFO  io.github.bonigarcia.wdm.WebDriverManager - Reading https://raw.githubusercontent.com/bonigarcia/webdrivermanager/master/docs/mirror/geckodriver to seek geckodriver
2026-09-02 20:05:44 [main] INFO  io.github.bonigarcia.wdm.online.Downloader - Downloading https://github.com/mozilla/geckodriver/releases/download/v0.37.1/geckodriver-v0.37.1-win64.zip
2026-09-02 20:05:46 [main] INFO  io.github.bonigarcia.wdm.online.Downloader - Extracting driver from compressed file geckodriver-v0.37.1-win64.zip
2026-09-02 20:05:46 [main] INFO  io.github.bonigarcia.wdm.WebDriverManager - Exporting webdriver.gecko.driver as C:\Users\STZ\.cache\selenium\geckodriver\win64\0.37.1\geckodriver.exe
2026-09-02 20:05:53 [main] INFO  com.swaglabtest.pages.BaseClass - Browser initialized successfully: firefox
2026-09-02 20:05:53 [main] INFO  com.swaglabtest.pages.BaseClass - Test started: UserLogingWithCredentials
2026-09-02 20:05:53 [main] INFO  com.swaglabtest.pages.BaseClass - Test Passed: UserLogingWithCredentials
2026-09-02 20:05:55 [main] INFO  com.swaglabtest.pages.BaseClass - Browser closed for class
2026-09-02 20:05:55 [main] INFO  com.swaglabtest.pages.BaseClass - Initializing browser...
2026-09-02 20:05:55 [main] INFO  com.swaglabtest.pages.BaseClass - Browser selected: firefox
2026-09-02 20:05:55 [main] INFO  io.github.bonigarcia.wdm.WebDriverManager - Using geckodriver 0.37.1 (resolved driver for Firefox 153)
2026-09-02 20:05:55 [main] INFO  io.github.bonigarcia.wdm.WebDriverManager - Exporting webdriver.gecko.driver as C:\Users\STZ\.cache\selenium\geckodriver\win64\0.37.1\geckodriver.exe
2026-09-02 20:06:01 [main] INFO  com.swaglabtest.pages.BaseClass - Browser initialized successfully: firefox
2026-09-02 20:06:01 [main] INFO  com.swaglabtest.pages.BaseClass - Test started: newPurchasing
2026-09-02 20:06:35 [main] INFO  com.swaglabtest.pages.BaseClass - Test Passed: newPurchasing
2026-09-02 20:06:35 [main] INFO  com.swaglabtest.pages.BaseClass - Test started: sortOrderAscending
2026-09-02 20:06:35 [main] INFO  com.swaglabtest.pages.BaseClass - Test Passed: sortOrderAscending
2026-09-02 20:06:35 [main] INFO  com.swaglabtest.pages.BaseClass - Test started: sortOrderDescending
2026-09-02 20:06:35 [main] INFO  com.swaglabtest.pages.BaseClass - Test Passed: sortOrderDescending
2026-09-02 20:06:35 [main] INFO  com.swaglabtest.pages.BaseClass - Test started: lowerToHighPriceListDown
2026-09-02 20:06:35 [main] INFO  com.swaglabtest.pages.BaseClass - Test Passed: lowerToHighPriceListDown
2026-09-02 20:06:35 [main] INFO  com.swaglabtest.pages.BaseClass - Test started: highToLowerPriceListDown
2026-09-02 20:06:36 [main] INFO  com.swaglabtest.pages.BaseClass - Test Passed: highToLowerPriceListDown
2026-09-02 20:06:37 [main] INFO  com.swaglabtest.pages.BaseClass - Browser closed for class
2026-09-02 20:06:37 [main] INFO  com.swaglabtest.pages.BaseClass - Initializing browser...
2026-09-02 20:06:37 [main] INFO  com.swaglabtest.pages.BaseClass - Browser selected: firefox
2026-09-02 20:06:37 [main] INFO  io.github.bonigarcia.wdm.WebDriverManager - Using geckodriver 0.37.1 (resolved driver for Firefox 153)
2026-09-02 20:06:37 [main] INFO  io.github.bonigarcia.wdm.WebDriverManager - Exporting webdriver.gecko.driver as C:\Users\STZ\.cache\selenium\geckodriver\win64\0.37.1\geckodriver.exe
2026-09-02 20:06:43 [main] INFO  com.swaglabtest.pages.BaseClass - Browser initialized successfully: firefox
2026-09-02 20:06:43 [main] INFO  com.swaglabtest.pages.BaseClass - Test started: brokenLinkTestLoginPage
2026-09-02 20:06:45 [main] INFO  com.swaglabtest.pages.BaseClass - Test Passed: brokenLinkTestLoginPage
2026-09-02 20:06:45 [main] INFO  com.swaglabtest.pages.BaseClass - Test started: brokenLinkTestPurchasePage
2026-09-02 20:06:46 [main] INFO  com.swaglabtest.pages.BaseClass - Test Passed: brokenLinkTestPurchasePage
2026-09-02 20:06:48 [main] INFO  com.swaglabtest.pages.BaseClass - Browser closed for class
2026-09-02 20:06:48 [main] INFO  com.swaglabtest.pages.BaseClass - Initializing browser...
2026-09-02 20:06:48 [main] INFO  com.swaglabtest.pages.BaseClass - Browser selected: firefox
2026-09-02 20:06:48 [main] INFO  io.github.bonigarcia.wdm.WebDriverManager - Using geckodriver 0.37.1 (resolved driver for Firefox 153)
2026-09-02 20:06:48 [main] INFO  io.github.bonigarcia.wdm.WebDriverManager - Exporting webdriver.gecko.driver as C:\Users\STZ\.cache\selenium\geckodriver\win64\0.37.1\geckodriver.exe
2026-09-02 20:06:54 [main] INFO  com.swaglabtest.pages.BaseClass - Browser initialized successfully: firefox
2026-09-02 20:06:54 [main] INFO  com.swaglabtest.pages.BaseClass - Test started: VerifyWithoutLogin
2026-09-02 20:06:55 [main] INFO  com.swaglabtest.pages.BaseClass - Test Passed: VerifyWithoutLogin
2026-09-02 20:06:55 [main] INFO  com.swaglabtest.pages.BaseClass - Test started: checkLogoutUser
2026-09-02 20:06:55 [main] INFO  com.swaglabtest.pages.BaseClass - Test Passed: checkLogoutUser
2026-09-02 20:06:57 [main] INFO  com.swaglabtest.pages.BaseClass - Browser closed for class
2026-09-02 20:06:57 [main] INFO  com.swaglabtest.pages.BaseClass - Extent Report flushed
